tree
version=v4
num_class=1
num_tree_per_iteration=1
label_index=0
max_feature_idx=13
objective=lambdarank
feature_names=Column_0 Column_1 Column_2 Column_3 Column_4 Column_5 Column_6 Column_7 Column_8 Column_9 Column_10 Column_11 Column_12 Column_13
feature_infos=[0.14814814925193787:1] [0.17391304671764374:1] [0:1] [0:1] [0:1] [0:1] [0:1] [0:1] [0:1] [0:1] [0:1] [0:1] [0:47] [0:129]
tree_sizes=3420 3438 3403 3418 3429 3435 3421 3430 3439 3426 3430 3413 3440 3422 3436 3435 3418 3424 3433 3423 3437 3434 3441 3432 3436 3438 3444 3418 3440 3432 3421 3425 3441 3445 3422 3435 3431 3424 3450 3430 3442 3436 3432 3421 3434 3438 3439 3428 3427 3431 3432 3455 3459 3435 3439 3438 3441 3435 3448 3454 3456 3454 3486 3460 3459 3468 3477 3476 3474 3474 3478 3463 3476 3477 3487 3481 3479 3487 3482 3502 3507 3490 3502 3490 3491 3490 3483 3506 3499 3496 3489 3477 3477 3479 3508 3512 3510 3501 3509 3519 3519 3516 3528 3515 3516 3519 3496 3543 3513 3528 3526 3510 3536 3540 3529 3546 3516 3504 3542 3551 3567 3544 3523 3541 3515 3523 3535 3541 3534 3543 3545 3575 3557 3548 3596 3544 3544 3554 3555 3528 3545 3591 3563 3554 3593 3585 3595 3590 3574 3589 3550 3573 3587 3562 3564 3583 3585 3600 3572 3583 3616 3595 3586 3614 3604 3588 3598 3582 3585 3587 3603 3597 3616 3601 3633 3595 3594 3613 3615 3617 3619 3571 3614 3579 3580 3610 3618 3627 3612 3593 3593 3575 3572 3577 3588 3613 3612 3619 3585 3576 3593 3623 3581 3607 3639 3580 3587 3578 3586 3600 3557 3612 3607 3574 3587 3626 3634 3651 3576 3623 3596 3588 3585 3610 3610 3612 3627 3629 3619 3617 3620 3641 3602 3601 3601 3649 3631 3657 3650 3656 3694 3663 3676 3691 3681 3683 3633 3650 3670 3632

Tree=0
num_leaves=31
num_cat=0
split_feature=7 1 6 8 4 1 6 1 8 1 7 8 0 1 8 0 5 2 10 6 7 0 1 13 12 6 1 8 12 0
split_gain=9091.43 305.942 165.722 150.052 133.141 63.7143 57.6329 63.9735 43.7241 17.3177 11.967 11.3485 58.6846 9.83874 25.8943 9.77528 8.02173 4.46787 4.29644 3.34455 2.9822 24.6297 2.77176 2.7544 2.55492 2.30074 1.60815 8.27963 7.08769 1.76013
threshold=0.70620205998420726 0.73746865987777721 1.0000000180025095e-35 0.2828571498394013 1.0000000180025095e-35 0.88273492455482494 0.6157280206680299 0.836786448955536 0.76696833968162548 0.92031747102737438 0.78886163234710704 0.1863425895571709 0.87007671594619762 0.79388421773910534 0.54006412625312816 0.81530213356018078 1.0000000180025095e-35 0.57738095521926891 1.0000000180025095e-35 0.65795168280601513 0.5970856547355653 0.92390406131744396 0.81892696022987377 11.500000000000002 4.5000000000000009 0.50958475470542919 0.89699381589889537 0.2709790319204331 3.5000000000000004 0.91545844078063976
decision_type=2 2 2 2 2 2 2 2 2 2 2 2 2 2 2 2 2 2 2 2 2 2 2 2 2 2 2 2 2 2
left_child=2 4 9 6 8 -5 11 18 15 22 19 20 17 14 16 -2 -3 -13 -8 -6 -4 -22 -1 -18 -11 -19 27 28 29 -15
right_child=1 13 3 5 10 -7 7 -9 -10 24 -12 12 -14 26 -16 -17 23 25 -20 -21 21 -23 -24 -25 -26 -27 -28 -29 -30 -31
leaf_value=-0.095979965485405827 -0.095086157432964336 -0.091471301361337173 -0.0997462544855649 -0.090227349685878838 -0.096532125968194202 0.09884344558864451 -0.099999999999999978 0.089459689391347338 0.081751519953559379 0.076450817163389945 0.089385072519227407 -0.098855341959133439 0.085159694636540384 0.011760773451805286 0.097005316999557334 0.10000000000000001 0.074571750371317622 0.016624663856105358 0.027837909630492846 0.028799316673050846 -0.099082967318609952 0.088372432547447102 -0.011346276965514178 -0.035615661107442395 0.016563523845650945 -0.099999999999999867 0.099299626738844793 0.095338900772289431 -0.099999999999999922 0.099999999999999936
leaf_weight=1.6633257986977725 33.690659588668495 2.7463192851282683 1196.0791334808746 6.5247296835295865 1.0825178045779495 14.052387385629117 10.395724540576339 8.6516815330833179 4.0806229356676331 14.827752387151124 21.361599247902632 35.816331236157566 5.1443095961585632 0.99476453056558956 14.816541734850032 0.65459595620632072 1.5161801129579546 1.3141493890434492 0.7016066452488311 1.0472739329561589 16.99299222743139 1.9537466466426838 2.3122216616757214 0.9061030102893709 2.0240383739583185 0.62354453094303597 1133.2237364761531 100.16935910098255 0.95696505345404137 1.3085854798555372
leaf_count=121 2479 209 87892 455 75 37 742 67 45 237 179 2489 49 43 77 5 22 44 22 35 1199 16 109 44 80 53 2463 545 72 3
internal_value=-2.09926e-09 0.0928463 -0.0928096 -0.0950543 -0.0156562 0.0388916 -0.0972115 -0.0124596 -0.0729836 0.047113 0.0781168 -0.0985421 -0.0732675 0.0981925 0.0633904 -0.091368 -0.0329715 -0.0948546 -0.0919177 -0.0349034 -0.0994345 -0.079753 -0.0467561 0.033354 0.0692579 -0.0209048 0.0987549 0.0927867 0.0143732 0.0618915
internal_weight=2637.63 1318.56 1319.08 1298.25 61.9173 20.5771 1277.67 19.749 38.4259 20.8273 23.4914 1257.92 42.8983 1256.64 19.9851 34.3453 5.1686 37.754 11.0973 2.12979 1215.03 18.9467 3.97555 2.42228 16.8518 1.93769 1236.65 103.43 3.26032 2.30335
internal_count=99908 6296 93612 93065 2818 492 92573 831 2529 547 289 91742 2635 3478 352 2484 275 2586 764 110 89107 1215 230 66 317 97 3126 663 118 46
is_linear=0
shrinkage=0.05


Tree=1
num_leaves=31
num_cat=0
split_feature=7 6 1 8 8 0 12 7 0 7 0 10 10 5 2 0 7 1 7 13 10 0 8 12 1 6 2 0 6 2
split_gain=9966.18 332.395 230.869 192.843 167.661 83.5897 76.2291 66.1673 58.1634 57.1209 151.827 53.7604 46.0095 31.1639 30.7864 26.7385 25.2175 24.7106 23.5514 24.2311 20.7444 19.2239 22.7782 18.9612 18.7144 15.9406 15.8226 19.67 14.125 13.2081
threshold=0.70620205998420726 1.0000000180025095e-35 0.90645834803581249 0.2828571498394013 0.48913043737411505 0.81120249629020702 4.5000000000000009 0.99783548712730419 0.6832355558872224 0.55013227462768566 0.87007671594619762 1.0000000180025095e-35 1.0000000180025095e-35 1.0000000180025095e-35 0.44949495792388922 0.43693181872367864 0.87198767066001903 0.81418704986572277 0.99783548712730419 1.0000000180025095e-35 1.0000000180025095e-35 0.7897985875606538 0.61721614003181469 3.5000000000000004 0.69614070653915416 0.7278747856616975 0.10555555671453477 0.80673459172248851 0.51628047227859508 0.10555555671453477
decision_type=2 2 2 2 2 2 2 2 2 2 2 2 2 2 2 2 2 2 2 2 2 2 2 2 2 2 2 2 2 2
left_child=1 -1 4 9 5 12 -4 11 -5 -3 20 13 14 -8 16 -6 -2 -16 19 24 -11 -15 25 -21 -17 -23 -25 -28 -18 -30
right_child=2 3 6 8 15 -7 7 -9 -10 10 -12 -13 -14 21 17 18 28 -19 -20 23 -22 22 -24 26 -26 -27 27 -29 29 -31
leaf_value=0.040875873628802101 -0.08523104291557991 -0.090763828767191648 0.088750973139379172 -0.092732155312287706 -0.041249245992303091 0.058466214250531438 -0.029794511269586169 0.090114040525797634 0.080634804778153157 -0.086146145696183785 0.053585654433979717 0.077850475030797561 0.055584743352188951 0.061353284907445009 0.079040250722769378 0.068789952639311647 0.06106181080361292 -0.034826883679462677 0.088074080530424856 0.074769424110481472 0.0042131112922591312 0.033348165755281226 0.052480304489550544 0.09013851958829884 -0.043139930258712482 -0.029975298656335123 -0.0060324483895535163 0.064056030950888063 0.045789249996695272 -0.095591795617053665
leaf_weight=52.99526975909248 43.218518461100757 1678.4048649291508 1346.6036667078733 6.1789672509767142 5.9536225870251647 34.517624872736633 20.27150858938694 139.87947165966034 22.290636874269694 116.70782680204138 25.137598196975887 85.102246358990669 12.56472978601232 49.065213732421398 7.1724151074886349 5.8295234255492714 4.9588266592472774 14.192784869112073 80.853354394435883 95.167902736924589 6.7173583763651541 16.939893946051598 32.021324768662453 11.158524392172692 10.390897570177911 24.045413672924042 24.144471067935228 17.100199401378632 2.4901992501690984 4.9075059192255139
leaf_count=547 2143 86157 1641 396 215 116 78 217 96 6079 159 130 140 111 36 22 46 107 175 294 178 49 68 37 59 91 246 44 46 185
internal_value=3.05646e-10 -0.0825947 0.0754717 -0.0861213 0.0399142 -0.00763342 0.0832437 0.063054 0.0430077 -0.0881335 -0.0584171 0.0464121 -0.0331248 0.0276161 -0.0476115 0.0634459 -0.0672218 0.00339894 0.0659937 0.055094 -0.0812284 0.0371498 0.0208835 0.0614699 -0.00291299 -0.00380268 0.0373171 0.0230265 -0.00423242 -0.0480004
internal_weight=3996.98 1908.43 2088.55 1855.44 374.621 124.023 1713.93 367.325 28.4696 1826.97 148.563 227.446 89.505 142.343 76.9403 250.598 55.5751 21.3652 244.645 163.792 123.425 122.072 73.0066 147.571 16.2204 40.9853 52.4032 41.2447 12.3565 7.39771
internal_count=99908 93612 6296 93065 3911 2819 2385 744 492 92573 6416 527 2703 397 2563 1092 2420 143 877 702 6257 319 208 621 81 140 327 290 277 231
is_linear=0
shrinkage=0.05


Tree=2
num_leaves=31
num_cat=0
split_feature=7 6 1 8 4 0 6 2 6 2 10 8 8 2 0 1 0 8 6 8 1 13 1 2 1 0 8 1 6 2
split_gain=8503.19 282.94 179.27 148.468 118.962 57.6086 57.6031 52.8848 49.821 26.1122 39.6072 28.578 20.8797 45.2805 17.3786 13.9675 13.5743 14.3323 14.3187 14.2418 15.2566 13.133 12.5436 15.1647 11.104 9.17085 8.67171 8.25093 8.23027 8.18164
threshold=0.70620205998420726 1.0000000180025095e-35 0.75716626644134533 0.2828571498394013 1.0000000180025095e-35 0.84273937344551098 0.6157280206680299 0.38750000298023229 0.82621711492538463 0.93750000000000011 1.0000000180025095e-35 0.76330533623695385 0.1863425895571709 0.57738095521926891 0.72046512365341198 0.855400711297989 0.92907443642616283 0.20942982286214831 0.92012271285057079 0.48913043737411505 0.94570022821426403 1.0000000180025095e-35 0.8941769301891328 0.5634920895099641 0.63686314225196849 0.5388936996459962 0.32200460135936743 0.98683983087539684 0.95912683010101329 0.77500000596046459
decision_type=2 2 2 2 2 2 2 2 2 2 2 2 2 2 2 2 2 2 2 2 2 2 2 2 2 2 2 2 2 2
left_child=1 15 4 6 8 -5 12 -8 14 10 11 16 -3 -14 -2 -1 17 -4 19 20 22 -20 -19 -24 -16 -10 -6 -18 -23 -21
right_child=2 3 9 5 26 -7 7 -9 25 -11 -12 -13 13 -15 24 -17 27 18 21 29 -22 28 23 -25 -26 -27 -28 -29 -30 -31
leaf_value=-0.0534566516253977 -0.07515598940079514 -0.083792461591974676 -0.03386916946840704 -0.067495532838220865 -0.0043766154651807406 0.084878443212264482 -0.07517385413640347 0.064939373398581565 -0.0052385152338767227 0.084777725916815913 0.082100708372755432 0.079485258689356797 -0.075832713157897552 0.035859274782005075 0.093387111799595898 0.045632879589874636 0.078593302789233835 0.035116890183563489 -0.051479728258918535 0.066441120982953794 0.057377773074828435 0.0065345837987070936 0.045199398443879775 -0.064957040945583799 -0.086084731364716671 0.064987518742125897 0.069725167037042596 0.041474164551782038 0.08258003242367512 0.016804570372237041
leaf_weight=3.8392977714538565 38.128755366429687 1687.6020117579028 5.139486980624496 9.2784026856534201 4.2473908849060527 18.714772298932076 14.314702237956228 12.71807373408228 8.5043603638187069 740.13531991839409 536.47353342175484 172.25991427339613 43.302168145775795 11.479836588725446 2.6591194272041316 48.252745965495706 73.936230555176735 26.789107592776418 6.0168480956926969 138.6564341429621 46.737120492383838 9.1950309202074987 4.9633304793387643 8.432222802191971 1.2751083662733433 10.254678670316933 56.027959034778178 18.771863467991352 5.8037902116775504 8.8306169398128969
leaf_count=155 2250 89107 99 464 113 28 742 89 218 877 860 264 2493 142 6 392 107 325 33 379 173 39 33 49 86 68 217 37 14 49
internal_value=1.57383e-10 -0.0765458 0.0736111 -0.0798751 0.014722 0.0343737 -0.0816826 -0.00925497 -0.0346119 0.0775682 0.0725438 0.0627878 -0.0828063 -0.0524271 -0.0648324 0.0383298 0.054646 0.0487998 0.0504632 0.0540078 0.037954 0.010926 0.015363 -0.0241418 0.0352191 0.0331507 0.0645035 0.0710773 0.0359604 0.0634692
internal_weight=3772.74 1849.5 1923.24 1797.41 121.097 27.9932 1769.42 27.0328 60.822 1802.14 1062.01 525.532 1742.38 54.782 42.063 52.092 353.272 260.564 255.425 234.409 86.9218 21.0157 40.1847 13.3956 3.93423 18.759 60.2753 92.7081 14.9988 147.487
internal_count=99908 93612 6296 93065 2958 492 92573 831 2628 3338 2461 1601 91742 2635 2342 547 1337 1193 1094 1008 580 86 407 82 92 286 330 144 53 428
is_linear=0
shrinkage=0.05


Tree=3
num_leaves=31
num_cat=0
split_feature=7 6 1 8 7 6 1 1 0 8 1 2 7 12 13 0 2 2 4 2 10 1 0 12 7 2 4 1 8 12
split_gain=7370.33 246.274 168.317 138.89 105.066 50.477 62.9626 44.4596 31.0381 17.1253 33.4585 17.0691 16.943 17.0091 24.302 15.4476 15.323 17.6432 18.0833 14.5756 9.63558 9.00516 8.21256 7.38346 7.28359 6.25149 6.64879 6.21459 6.30304 5.90498
threshold=0.70620205998420726 1.0000000180025095e-35 0.75716626644134533 0.2828571498394013 0.88478556275367748 0.59384471178054821 0.90366768836975109 0.88273492455482494 0.79772728681564342 0.1863425895571709 0.92031747102737438 0.93750000000000011 0.99783548712730419 8.5000000000000018 11.500000000000002 0.43693181872367864 0.095454547554254546 0.44949495792388922 1.0000000180025095e-35 0.44949495792388922 1.0000000180025095e-35 0.855400711297989 0.836786448955536 25.500000000000004 0.90976935625076305 0.64583334326744091 1.0000000180025095e-35 0.90645834803581249 0.36181819438934332 4.5000000000000009
decision_type=2 2 2 2 2 2 2 2 2 2 2 2 2 2 2 2 2 2 2 2 2 2 2 2 2 2 2 2 2 2
left_child=1 21 4 5 8 9 22 -5 19 -3 23 12 13 20 -15 24 -17 18 -18 -2 27 -1 -7 -11 -6 26 -16 28 29 -4
right_child=2 3 11 7 15 6 -8 -9 -10 10 -12 -13 -14 14 25 16 17 -19 -20 -21 -22 -23 -24 -25 -26 -27 -28 -29 -30 -31
leaf_value=-0.040836137614499876 -0.068618010921048397 -0.078824545392140996 0.033734338864297574 -0.062914394010744071 0.032426030603201796 -0.073820568974540077 0.069220703050376656 0.078025974955074226 0.078784412862936748 -0.070690573965425371 0.051516755750659352 0.07952222470051945 0.078845214297083174 0.053648339223559299 -0.069554114246945339 0.078432747781657583 -0.073909695655831817 0.074402546210450532 0.031828863275196712 0.064780025011521886 0.07532943835894973 0.040651174869304835 0.06121637918197867 0.029100064362300577 -0.083628714516820427 -0.098560048109129481 0.028037892183620679 0.066665001370709312 0.056506644133189322 -0.056536485527613728
leaf_weight=3.6434010230004779 38.259501020889729 1644.3605038453825 11.777717526070772 7.8780498080886927 2.4471796844154587 22.774939985014502 13.089042392559348 19.311849532648921 4.3705638740211716 38.958807941060513 7.1177188782021394 798.61139240860939 321.63260720670223 71.617639791220427 2.7183960136026126 35.549271577969193 5.75565478950739 13.78128546848893 13.592174090445042 2.1634941650554529 240.58380294963717 48.825335232540965 1.1844931663945306 1.9462166251614679 3.0207782909274101 2.4637197479605675 4.8750941595062613 199.13838587887585 74.452598555013537 2.1409138720482579
leaf_count=155 2227 88897 136 455 51 1271 59 37 15 2217 73 877 527 291 87 97 293 28 78 13 461 392 11 45 156 21 47 520 297 74
internal_value=-1.34427e-11 -0.07175 0.0702031 -0.0749383 0.012668 -0.0767011 -0.0189675 0.0371897 -0.0477927 -0.077965 -0.0485333 0.0741587 0.0695598 0.0646621 0.0434277 0.0491938 0.0556334 0.0311686 0.000373414 -0.0614784 0.0679462 0.0349927 -0.0671447 -0.0659426 -0.0316885 -0.0293533 -0.0068991 0.061768 0.050733 0.0198492
internal_weight=3658.04 1809.09 1848.95 1756.62 118.94 1729.43 37.0485 27.1899 44.7936 1692.38 48.0227 1730.01 931.401 609.768 81.6748 74.1463 68.6784 33.1291 19.3478 40.423 528.093 52.4687 23.9594 40.905 5.46796 10.0572 7.59349 287.51 88.3712 13.9186
internal_count=99908 93612 6296 93065 2958 92573 1341 492 2255 91232 2335 3338 2461 1934 446 703 496 399 371 2240 1488 547 1282 2262 207 155 134 1027 507 210
is_linear=0
shrinkage=0.05


Tree=4
num_leaves=31
num_cat=0
split_feature=7 6 1 8 4 6 1 0 7 2 0 1 7 0 8 12 12 0 2 12 2 2 7 7 6 12 4 7 8 8
split_gain=6450.06 216.614 140.901 121.667 92.0632 44.9604 38.8328 38.1333 37.7851 20.5777 18.5507 17.2643 15.6855 65.9555 13.373 10.547 8.60853 7.52873 7.37608 9.59891 6.97569 6.91835 6.74781 6.47547 6.38569 6.32027 5.91829 5.69159 5.13729 4.88458
threshold=0.70620205998420726 1.0000000180025095e-35 0.75716626644134533 0.2828571498394013 1.0000000180025095e-35 0.6157280206680299 0.94570022821426403 0.84273937344551098 0.9765610694885255 0.080128207802772536 0.54923510551452648 0.90645834803581249 0.55013227462768566 0.87007671594619762 0.36181819438934332 4.5000000000000009 12.500000000000002 0.70859703421592724 0.10555555671453477 5.5000000000000009 0.93750000000000011 0.44949495792388922 0.99783548712730419 0.89753684401512157 0.59384471178054821 8.5000000000000018 1.0000000180025095e-35 0.88478556275367748 0.82085561752319347 0.21240601688623431
decision_type=2 2 2 2 2 2 2 2 2 2 2 2 2 2 2 2 2 2 2 2 2 2 2 2 2 2 2 2 2 2
left_child=1 17 4 5 8 12 26 -5 9 10 16 14 24 -14 15 -4 -2 -1 -6 -20 22 -11 25 -21 29 -13 -7 -18 -16 -3
right_child=2 3 11 7 18 6 -8 -9 -10 21 -12 20 13 -15 28 -17 27 -19 19 23 -22 -23 -24 -25 -26 -27 -28 -29 -30 -31
leaf_value=-0.04121503248582787 -0.078706982139609805 -0.075236454112100046 0.038918073942937934 -0.053078142930036445 0.074230043469116339 -0.076659923485328699 0.070342626921445897 0.075461075029769939 0.061645999119908416 -0.077144827562041426 0.070630712357133002 0.067222648980712438 -0.070113534024174848 0.048658127612252647 0.055543140534092206 -0.043435352295942302 -0.077511753148670051 0.03697729542646435 0.053709432911557775 -0.082689727370469132 0.075367936187248422 0.07435214005080848 0.074755193687321517 0.023632160716217831 0.022891007123952947 0.050540490129788535 -0.010918921283257239 0.058145534808413862 0.073287023608920282 -0.028757354159218526
leaf_weight=3.2837820742279282 6.3890796210616809 1547.3180513689294 16.600003200583163 8.4320247974246758 29.909732334315777 10.790014373138549 9.9370738640427572 18.276215255260468 8.9355609668418747 31.071520140860233 5.4894045088440171 365.77111602760851 92.073800340294838 13.38832000736147 130.66305397078395 5.0768645172938696 1.1059260210022333 49.234735604375601 22.61077304836363 2.3239833023399106 776.77308598160744 0.7723210770636787 265.68650389462709 3.7314624413847923 1.6654691193252791 67.209402402862906 5.014420577324926 2.5698930844664574 59.307657174766064 5.6733728116378179
leaf_count=99 365 85848 152 464 74 643 32 28 58 2071 37 824 5465 135 493 185 62 448 124 102 877 6 408 30 46 276 156 29 123 248
internal_value=-8.73848e-10 -0.0679343 0.0665428 -0.0710017 0.0129706 -0.0726791 -0.00710579 0.0348801 -0.0326657 -0.0504455 -0.00330706 0.0701917 -0.0736959 -0.0550356 0.0568371 0.0196304 -0.0436328 0.0320882 0.0568599 0.0387364 0.0721074 -0.0734705 0.0684823 -0.0171725 -0.0749617 0.0646332 -0.0558017 0.017331 0.0610827 -0.0750667
internal_weight=3567.08 1765.09 1802 1712.57 114.91 1685.86 25.7415 26.7082 56.3337 47.3981 15.5543 1687.09 1660.12 105.462 211.648 21.6769 10.0649 52.5185 58.576 28.6662 1475.44 31.8438 698.667 6.05545 1554.66 432.981 15.8044 3.67582 189.971 1552.99
internal_count=99908 93612 6296 93065 2958 92573 831 492 2628 2570 493 3338 91742 5600 953 337 456 547 330 256 2385 2077 1508 132 86142 1100 799 91 616 86096
is_linear=0
shrinkage=0.05


Tree=5
num_leaves=31
num_cat=0
split_feature=7 6 1 7 8 6 0 1 0 1 8 0 7 1 12 2 12 2 2 5 12 10 7 1 13 10 7 6 10 5
split_gain=5692.65 196.58 164.425 101.968 77.7781 36.2543 28.3317 25.7217 22.9729 18.6789 15.3701 14.4649 11.9935 61.5166 10.9609 10.1124 9.5593 9.35711 10.3738 13.13 8.19398 9.58791 10.8239 7.9503 6.92529 6.91896 5.98342 5.84026 4.41824 7.56889
threshold=0.67936623096466076 1.0000000180025095e-35 0.75716626644134533 0.88478556275367748 0.2828571498394013 0.6157280206680299 0.79772728681564342 0.94570022821426403 0.6832355558872224 0.90645834803581249 0.36181819438934332 0.46247655153274542 0.5275399684906007 0.92403846979141246 4.5000000000000009 0.44949495792388922 8.5000000000000018 0.095454547554254546 0.44949495792388922 1.0000000180025095e-35 1.5000000000000002 1.0000000180025095e-35 0.93369963765144359 0.855400711297989 6.5000000000000009 1.0000000180025095e-35 0.99783548712730419 0.59384471178054821 1.0000000180025095e-35 1.0000000180025095e-35
decision_type=2 2 2 2 2 2 2 2 2 2 2 2 2 2 2 2 2 2 2 2 2 2 2 2 2 2 2 2 2 2
left_child=1 23 3 6 5 12 15 25 -6 10 14 -5 27 -14 -4 28 24 -13 19 -19 -11 22 -22 -1 -15 -7 -12 -3 -2 -30
right_child=2 4 9 11 8 7 -8 -9 -10 20 26 17 13 16 -16 -17 -18 18 -20 -21 21 -23 -24 -25 -26 -27 -28 -29 29 -31
leaf_value=-0.041157086323214694 -0.068412613700214842 -0.071866467022727226 0.034495543928040016 -0.025496476786325536 -0.073564599839966646 -0.064987411214983609 0.069868517745938039 0.064082785513432036 0.065916998415157455 0.071380422168327656 0.05158128295400926 0.071053085146977932 -0.06910809465579798 -0.032564851402167354 -0.043040638574297664 0.050561237895997382 -0.073132308544519894 -0.064986139163873496 0.066376215495812144 0.033997931981500619 0.044455875870146683 0.070125449205805296 0.065152905682977921 0.034921059181002669 0.06135334012442184 0.043439116264887778 0.070832734471473521 0.039013825547414921 -0.07674377658976754 0.070582884171781046
leaf_weight=3.6928319726139298 41.327041914686561 1476.5763232354075 18.717326981015507 6.4762044195085755 3.7541440427303341 10.522337449714541 4.6995961274951688 8.3311258144676668 13.816643349826334 913.34872688353062 130.84540083445609 33.495987925678492 114.64911248302087 2.3251139372587231 6.0252960268408051 2.0188626479357472 1.8725043954327691 4.640942056197674 12.74599250033498 12.046216484159231 106.32355879433453 274.45821403339505 155.63720978423953 48.999107502400875 12.596543920226393 1.7105088708922274 58.364265613257885 1.1885372237302352 1.9257089369930318 1.5929094180464745
leaf_count=155 2642 84207 200 242 239 595 17 26 59 1178 505 86 6854 86 252 15 126 273 26 76 437 473 335 392 122 21 116 28 118 7
internal_value=-9.58931e-10 -0.065478 0.0623721 0.00608946 -0.0685188 -0.0696469 -0.0471687 -0.00367802 0.0361156 0.0664645 0.0526735 0.0456572 -0.0704899 -0.0560166 0.015614 -0.0589053 0.0333558 0.0529798 0.0324118 0.00646902 0.0684997 0.0635947 0.0567525 0.0295892 0.0467189 -0.0498262 0.0575197 -0.0717773 -0.0638333 -0.0100477
internal_weight=3484.72 1700.03 1784.69 120.969 1647.34 1629.77 51.5641 20.564 17.5708 1663.72 213.952 69.4053 1609.21 131.443 24.7426 46.8645 16.7942 62.9291 29.4332 16.6872 1449.77 536.419 261.961 52.6919 14.9217 12.2328 189.21 1477.76 44.8457 3.51862
internal_count=99908 92910 6998 3502 92363 92065 2799 642 298 3496 1073 703 91423 7188 452 2782 334 461 375 349 2423 1245 772 547 208 616 621 84235 2767 125
is_linear=0
shrinkage=0.05


Tree=6
num_leaves=31
num_cat=0
split_feature=7 6 1 7 6 0 8 0 0 1 8 0 7 2 6 2 10 2 12 6 8 6 1 10 7 2 7 1 0 2
split_gain=5112.95 175.702 145.901 90.0367 68.9058 38.6234 29.4267 37.5834 25.2079 19.1403 14.0264 12.7199 9.08761 8.81663 8.24916 8.10377 9.98269 8.97991 7.50983 6.87201 6.68049 6.47836 6.4234 6.40831 6.22742 5.72107 5.3397 36.2739 6.18554 4.93072
threshold=0.67936623096466076 1.0000000180025095e-35 0.75716626644134533 0.88478556275367748 0.6157280206680299 0.79772728681564342 0.21240601688623431 0.836786448955536 0.79772728681564342 0.90645834803581249 0.3717105239629746 0.43693181872367864 0.94360822439193737 0.44949495792388922 0.68244633078575145 0.93750000000000011 1.0000000180025095e-35 0.77500000596046459 5.5000000000000009 0.5427464246749879 0.69615384936332714 0.69670170545578014 0.81892696022987377 1.0000000180025095e-35 0.99783548712730419 0.095454547554254546 0.55013227462768566 0.92403846979141246 0.76253134012222301 0.73214286565780651
decision_type=2 2 2 2 2 2 2 2 2 2 2 2 2 2 2 2 2 2 2 2 2 2 2 2 2 2 2 2 2 2
left_child=1 22 3 8 6 23 26 -8 13 10 14 -5 25 -2 19 16 17 20 -19 -4 -11 -20 -1 29 -12 -13 -3 -28 -29 -6
right_child=2 4 9 11 5 -7 7 -9 -10 15 24 12 -14 -15 -16 -17 -18 18 21 -21 -22 -23 -24 -25 -26 -27 27 28 -30 -31
leaf_value=-0.05431923274102235 -0.060719605839126216 -0.069021373723565663 0.01553469176415073 -0.034040740201804719 -0.071191792839649007 0.064304777079474837 -0.052701370045839739 0.063800771615651453 0.066675315888337972 0.050589464306543 0.048229989135184149 0.056317418576283119 0.060843524960908307 0.046235128493716221 0.049610531334486008 0.069327388983122296 0.067486162127201724 0.047633055166348026 0.040133921797480918 -0.055282866261842561 0.065897165037418534 -0.038809252442718087 0.030847146400644673 0.042778197014771618 0.067888724973926048 -0.0048282330293605031 -0.069582985861306706 -0.06993794519482284 0.047104601197892601 0.074623663462329112
leaf_weight=2.3162358067929736 43.555549249053001 1465.6385796586983 10.204226072877647 4.9001971650868645 11.36817593174055 15.496460380963979 26.998841588385403 9.3095757085829955 4.6122849257662883 146.83352676965296 128.48994654417038 6.0472658202052143 46.69710170570761 2.016011454164981 10.290564210154114 741.89788302779198 355.98587730899453 19.700920499861244 4.5873903073370439 5.1568271219730368 138.50398256257176 5.9951569996774197 50.136365342885256 1.6001510499045259 58.682665549218655 10.41223904956132 61.086921215057373 1.2926385197788466 8.908024453558026 0.6109080910682686
leaf_count=121 2767 85884 192 207 694 42 1555 39 17 504 495 33 213 15 77 886 628 58 25 193 258 64 426 23 116 250 3939 86 99 2
internal_value=3.73794e-10 -0.0629629 0.0597217 0.00609574 -0.0659108 0.0103597 -0.0673204 -0.0228299 -0.0447144 0.0636206 0.0496415 0.0435622 0.0495833 -0.0559881 0.0149681 0.0657253 0.0617463 0.0552723 0.0293843 -0.00823932 0.0580199 -0.00458846 0.0270863 -0.0512018 0.0543934 0.0176368 -0.0683714 -0.0550083 0.0322728 -0.0637555
internal_weight=3399.33 1654.76 1744.57 118.241 1602.31 29.0757 1573.23 36.3084 50.1838 1626.33 212.824 68.0568 63.1566 45.5716 25.6516 1413.5 671.607 315.621 30.2835 15.3611 285.338 10.5825 52.4526 13.5792 187.173 16.4595 1536.93 71.2876 10.2007 11.9791
internal_count=99908 92910 6998 3502 92363 761 91602 1594 2799 3496 1073 703 496 2782 462 2423 1537 909 147 385 762 89 547 719 611 283 90008 4124 185 696
is_linear=0
shrinkage=0.05


Tree=7
num_leaves=31
num_cat=0
split_feature=7 6 1 8 4 6 1 1 6 1 8 0 12 7 10 12 7 8 10 10 12 7 7 6 0 0 0 6 1 4
split_gain=4634.92 152.921 103.124 93.3017 72.5634 32.8513 29.7907 27.745 27.642 16.3344 12.8822 23.9934 10.9639 8.39448 7.85929 7.7043 8.38066 7.22968 7.77466 6.42889 5.86406 5.50682 5.48052 6.10882 5.3344 5.02583 4.95975 4.48205 5.47083 4.38723
threshold=0.70620205998420726 1.0000000180025095e-35 0.75716626644134533 0.2828571498394013 1.0000000180025095e-35 0.6157280206680299 0.88273492455482494 0.94570022821426403 0.82621711492538463 0.90645834803581249 0.1863425895571709 0.836786448955536 9.5000000000000018 0.9765610694885255 1.0000000180025095e-35 1.5000000000000002 0.99783548712730419 0.82085561752319347 1.0000000180025095e-35 1.0000000180025095e-35 5.5000000000000009 0.78886163234710704 0.75079616904258739 0.71241438388824474 0.46247655153274542 0.74115687608718883 0.836786448955536 0.90125367045402538 0.83438816666603099 1.0000000180025095e-35
decision_type=2 2 2 2 2 2 2 2 2 2 2 2 2 2 2 2 2 2 2 2 2 2 2 2 2 2 2 2 2 2
left_child=1 20 4 5 8 10 -5 26 13 12 -3 29 17 25 -14 -11 19 18 22 -17 -1 -6 23 -4 -10 -2 -7 -24 -29 -12
right_child=2 3 9 6 21 7 -8 -9 24 15 11 -13 14 -15 -16 16 -18 -19 -20 -21 -22 -23 27 -25 -26 -27 -28 28 -30 -31
leaf_value=0.030665166002205476 -0.06294452242701977 -0.066208141641034321 -0.079873327417192885 -0.05178766026770544 -0.0079889365978017997 -0.059154099947374854 0.065650277583728323 0.060489187436747971 -0.019856474920370459 0.066307754093123145 -0.067869656532785011 0.039632106554366678 -0.059402164571532218 0.052460034628075816 0.045466969497415133 0.046959600193575188 0.066499934224361221 0.065276204387588202 0.059021629079091309 0.061602625105464659 -0.018318636434046007 0.055091825498904234 0.040827708046887887 0.068019242475564276 0.044531077130759059 0.031187861847948278 0.041446424580865789 0.045467937099701011 -0.045107546055936316 -0.033937805691519121
leaf_weight=45.199409979395568 34.373597917146981 1478.4601591764949 2.0754703646525736 7.6544803730212179 3.7049953266978255 13.120625983923675 18.33568612113595 9.4216049164533597 4.559993145056068 863.87505159527063 26.114642308559269 7.9034445704892269 3.9708584444597355 1.7707365062087763 3.2479428797960281 172.54783144965768 199.51164096593857 58.443749781697989 54.675269518047571 132.5307187512517 7.0648949956521383 52.272014630027115 74.855428906157613 1.0522382091730831 10.920461897738276 1.4789893645793188 1.3513650195673097 3.1872620899230233 3.4955161176621914 14.996529600583015
leaf_count=395 2285 89107 82 455 118 788 37 32 175 1165 1768 72 132 18 15 619 338 119 152 263 152 212 395 7 111 39 11 16 35 795
internal_value=2.69407e-10 -0.0601001 0.0582096 -0.0628881 0.0111963 -0.0644621 0.0310631 -0.00628722 -0.0306731 0.0614687 -0.0653721 -0.0401536 0.0483066 -0.0538126 -0.0122186 0.0634405 0.0585317 0.0505156 0.0443246 0.0533208 0.0240437 0.0509166 0.0348336 -0.0301186 0.0255648 -0.0590614 -0.0497602 0.0373251 -0.00190878 -0.055492
internal_weight=3312.17 1629.62 1682.55 1577.36 109.081 1551.37 25.9902 23.8936 53.1038 1573.47 1527.47 49.0146 205.004 37.6233 7.2188 1368.47 504.59 197.785 139.341 305.079 52.2643 55.977 84.6659 3.12771 15.4805 35.8526 14.472 81.5382 6.68278 41.1112
internal_count=99908 93612 6296 93065 2958 92573 492 831 2628 3338 91742 2635 953 2342 147 2385 1220 806 687 882 547 330 535 89 286 2324 799 446 51 2563
is_linear=0
shrinkage=0.05


Tree=8
num_leaves=31
num_cat=0
split_feature=7 6 2 7 8 0 0 6 2 10 0 8 0 7 12 10 5 5 10 4 2 2 2 12 7 0 6 7 6 12
split_gain=4208.04 145.047 85.5808 102.887 57.2373 53.0589 51.6654 19.2104 16.9234 17.1867 13.5631 16.3189 13.5326 12.5314 8.70654 8.32903 7.3772 7.36146 6.43042 6.1763 5.58048 5.40018 5.18908 8.36222 4.97306 30.8075 4.83505 4.15206 3.90757 3.8676
threshold=0.67936623096466076 1.0000000180025095e-35 0.38750000298023229 0.87198767066001903 0.21240601688623431 0.79772728681564342 0.836786448955536 0.6157280206680299 0.93750000000000011 1.0000000180025095e-35 0.63859337568283092 0.82971012592315685 0.76506900787353527 0.99783548712730419 4.5000000000000009 1.0000000180025095e-35 1.0000000180025095e-35 1.0000000180025095e-35 1.0000000180025095e-35 1.0000000180025095e-35 0.57738095521926891 0.73214286565780651 0.31666667759418493 12.500000000000002 0.55013227462768566 0.87298336625099193 0.59384471178054821 0.84243628382682811 0.62303319573402416 25.500000000000004
decision_type=2 2 2 2 2 2 2 2 2 2 2 2 2 2 2 2 2 2 2 2 2 2 2 2 2 2 2 2 2 2
left_child=1 20 3 5 7 15 18 24 9 13 11 22 -9 14 -4 -2 -16 -17 21 -20 -1 29 23 -5 26 -26 -3 -18 -29 -6
right_child=2 4 8 10 6 -7 -8 12 -10 -11 -12 -13 -14 -15 16 17 27 -19 19 -21 -22 -23 -24 -25 25 -27 -28 28 -30 -31
leaf_value=-0.0073574865003029266 -0.06342710284701851 -0.064782854107592089 0.047608486518644667 -0.053945521408804001 -0.061208729921108873 0.055210101979169826 0.059276482148031107 -0.067359167458113545 0.065146444630071673 0.061800499609652428 0.059410161334671245 0.060521027194056554 0.054730723116445591 0.061969550701212607 -0.0066080785657783849 -0.06945618013991782 0.0080211755441280484 0.067252368171268964 -0.068678817658616859 0.06760452632207288 0.031686240368458352 0.063708573552341871 0.040016618936177195 0.021090293969237096 -0.063683225389627521 0.037697326223758001 0.029747550456488792 0.05955817174345255 0.032227431517379654 0.018928162760171331
leaf_weight=11.816233700141309 41.58055404946208 1378.9196534012444 191.30175517033786 8.6142255309969205 28.370400894898928 13.777811387553809 17.662319513037801 3.7197499116882664 697.0888484865427 390.99370720796287 89.911414317786694 15.891869198530911 5.8221754655241966 101.82280872017145 12.618376294150947 1.6636263169348229 12.458153961226342 2.4130079243332148 1.3135000802576535 2.2647974761202931 40.587301043793559 0.95684756152331729 4.4123261813074341 6.5258228238672009 58.93421327881515 8.5851669209077937 1.3540163151919831 17.771049419417977 49.523111874237657 1.5900073405355204
leaf_count=260 2723 85848 664 352 1864 58 56 249 886 783 351 49 26 194 178 110 152 8 91 16 287 6 60 140 4017 107 36 53 237 47
internal_value=1.66735e-10 -0.058895 0.0554689 0.0233941 -0.061734 -0.0307887 -0.0102688 -0.063576 0.0594912 0.0544143 0.0490839 0.0228892 0.00713615 0.0469227 0.0415216 -0.0567403 0.0289157 0.0114632 -0.0458772 0.0175785 0.0228824 -0.0532214 -0.00769733 -0.0216028 -0.064042 -0.0507926 -0.0646901 0.0345362 0.0394449 -0.0569558
internal_weight=3220.26 1561.9 1658.37 184.791 1509.49 59.435 52.1579 1457.33 1473.58 776.489 125.356 35.4442 9.54193 385.495 283.672 45.6572 92.3707 4.07663 34.4956 3.5783 52.4035 30.9173 19.5524 15.14 1447.79 67.5194 1380.27 79.7523 67.2942 29.9604
internal_count=99908 92910 6998 3851 92363 2899 2080 90283 3147 2261 952 601 275 1478 1284 2841 620 118 2024 107 547 1917 552 492 90008 4124 85884 442 290 1911
is_linear=0
shrinkage=0.05


Tree=9
num_leaves=31
num_cat=0
split_feature=7 6 8 2 4 7 6 0 0 2 7 10 8 2 0 0 0 7 2 8 2 10 8 0 0 12 6 0 2 12
split_gain=3844.75 133.389 80.2762 57.809 78.3301 40.2537 27.1607 24.7156 21.3381 17.0166 16.1087 12.6011 10.1016 21.2704 9.10991 8.44284 7.36483 10.7938 7.35313 5.01263 4.71541 4.39504 4.13063 5.18484 3.82483 5.5472 3.76455 3.75989 3.36732 3.33859
threshold=0.70620205998420726 1.0000000180025095e-35 0.2828571498394013 0.38750000298023229 1.0000000180025095e-35 0.87198767066001903 0.6157280206680299 0.6832355558872224 0.76506900787353527 0.93750000000000011 0.99783548712730419 1.0000000180025095e-35 0.1863425895571709 0.57738095521926891 0.79772728681564342 0.90070420503616344 0.76689496636390697 0.9765610694885255 0.080128207802772536 0.61721614003181469 0.57738095521926891 1.0000000180025095e-35 0.41042780876159674 0.5912291705608369 0.54923510551452648 12.500000000000002 0.92012271285057079 0.83910790085792553 0.73214286565780651 8.5000000000000018
decision_type=2 2 2 2 2 2 2 2 2 2 2 2 2 2 2 2 2 2 2 2 2 2 2 2 2 2 2 2 2 2
left_child=1 20 6 4 5 14 12 -4 21 10 11 15 -3 -14 -2 19 17 18 24 -5 27 28 23 -6 25 -7 29 -1 -8 -21
right_child=3 2 7 9 22 16 8 -9 -10 -11 -12 -13 13 -15 -16 -17 -18 -19 -20 26 -22 -23 -24 -25 -26 -27 -28 -29 -30 -31
leaf_value=-0.030663143279521399 -0.06302762682710969 -0.062497842220623392 -0.064712068760501687 0.025949456032292036 -0.054915480758925495 -0.068691246641897408 -0.064516327022811001 0.056402787096778539 0.049660343984167271 0.063504725819851865 0.062613314911833848 0.056255463108456777 -0.056541274041241478 0.025745974893308654 0.047785842549354821 0.051582508907152949 0.063615814282752189 0.049023366252982287 -0.048174368515550708 0.051844180418558254 0.029877749390227429 0.035304024479217037 0.05817802293933564 0.040039303263056991 0.064544839718385941 0.040687909203115324 0.013694163295633513 0.026444394194667677 0.065731253455642957 0.020144816248862798
leaf_weight=6.6946035558357817 29.838815799914304 1384.8684859517962 5.3861380862072137 97.663018780760467 1.5976543119177211 2.1072984635829952 11.017109739128498 19.327642943710089 9.6764106908813101 669.01825349777937 260.00220980495214 216.62364447489381 36.385554485023022 10.014810180291532 1.9776003323495377 101.78848765417933 8.0730379372835142 10.313294862397017 8.5729761598631722 57.171797435730696 40.658760679885745 1.3952681031078107 88.200430322438478 14.351297388784586 2.8997134789824486 2.5763225816190243 9.5591701529920083 5.0612360686063766 0.51963786780834276 9.7180848401039821
leaf_count=204 2079 89107 396 656 78 116 752 96 54 877 481 489 2493 142 12 252 21 69 444 156 287 23 262 129 12 36 65 56 2 62
internal_value=6.2415e-11 -0.0565724 -0.0593511 0.0544031 0.0268927 -0.0155633 -0.06087 0.0300069 -0.00649468 0.0577029 0.0525448 0.0472297 -0.061729 -0.0387808 -0.0561398 0.0401431 0.0218108 0.00906052 -0.0164495 0.0334555 0.0218137 -0.0485128 0.0539437 0.0305274 0.0194154 -0.00852498 0.0430443 -0.00607666 -0.0586497 0.0472387
internal_weight=3123.06 1531.01 1478.59 1592.05 170.508 66.3591 1453.88 24.7138 22.6084 1421.54 752.526 492.524 1431.27 46.4004 31.8164 275.901 34.5426 26.4696 16.1563 174.112 52.4146 12.932 104.149 15.949 7.58333 4.68362 76.4491 11.7558 11.5367 66.8899
internal_count=99908 93612 93065 6296 3258 2789 92573 492 831 3038 2161 1680 91742 2635 2091 1191 698 677 608 939 547 777 469 207 164 152 283 260 754 218
is_linear=0
shrinkage=0.05


Tree=10
num_leaves=31
num_cat=0
split_feature=7 6 1 8 4 7 1 1 6 2 7 10 12 5 12 7 2 12 1 7 0 10 4 0 1 2 7 6 0 7
split_gain=3526.2 123.769 83.7729 72.9625 54.8266 25.6521 60.8604 22.707 20.4844 17.4598 17.4935 13.0561 9.41965 10.2947 6.74586 6.38105 6.24356 5.73855 5.28575 4.36783 4.3371 4.33364 4.81792 4.33117 4.11584 4.70546 4.58103 3.96589 3.68105 3.60797
threshold=0.70620205998420726 1.0000000180025095e-35 0.75716626644134533 0.2828571498394013 1.0000000180025095e-35 0.55013227462768566 0.92403846979141246 0.88273492455482494 0.82621711492538463 0.93750000000000011 0.99783548712730419 1.0000000180025095e-35 4.5000000000000009 1.0000000180025095e-35 8.5000000000000018 0.9765610694885255 0.10555555671453477 5.5000000000000009 0.855400711297989 0.81517440080642711 0.74115687608718883 1.0000000180025095e-35 1.0000000180025095e-35 0.46247655153274542 0.94392031431198131 0.77500000596046459 0.84243628382682811 0.68244633078575145 0.87007671594619762 0.99783548712730419
decision_type=2 2 2 2 2 2 2 2 2 2 2 2 2 2 2 2 2 2 2 2 2 2 2 2 2 2 2 2 2 2
left_child=1 18 4 5 8 -3 21 -5 15 10 11 12 -4 19 -8 20 -6 -18 -1 -14 -2 -7 -23 -10 26 -26 -15 -27 -29 -19
right_child=2 3 9 7 16 6 14 -9 23 -11 -12 -13 13 24 -16 -17 17 29 -20 -21 -22 22 -24 -25 25 27 -28 28 -30 -31
leaf_value=-0.035797483880513348 -0.058198921217534463 -0.061360329343563148 0.044840771005130349 -0.045574955096907413 0.061591241063840819 -0.057347893576110837 0.045596194120825953 0.060504841686220105 -0.020802238981117171 0.062138554714515765 0.061336713772030219 0.054678304439593234 -0.066800853705461988 -0.056102274265991084 -0.053103413091930798 0.044093010224220422 0.039448158128538267 -0.03954386014040491 0.024929228578237077 0.00081161535218080428 0.031156645174703446 -0.065884007599363054 0.04249359653395951 0.037902129314900876 0.04378596355183708 0.042040630782632253 0.020742034102775576 -0.074753246215206667 0.0077751210895882425 0.052296106984284801
leaf_weight=3.8698099860921493 31.589280351996422 1292.4267175216228 200.37287362106144 7.2163166678510633 26.721734058111906 84.831850175280124 20.528100223280493 16.763515509665012 4.4741355068981639 644.96299120783806 272.27014763653278 227.99995715543628 3.0657952446490517 2.3395309690386048 1.8906413866206992 1.7322419546544541 21.438691493123773 4.3231895333155981 48.404073579236865 10.814677846617995 1.4189914511516679 1.8283938607200969 2.3351366659626365 10.552633380517362 54.583340704441071 4.852651394903658 11.341431964188812 1.9705000109970567 4.2988224178552628 1.4208714663982389
leaf_count=155 2285 86157 713 455 74 5973 159 37 175 877 527 538 120 75 111 18 124 128 392 129 39 130 43 111 197 19 74 32 37 4
internal_value=7.60353e-10 -0.0551321 0.0529001 -0.0578987 0.00949068 -0.0593759 -0.0363559 0.028582 -0.0283515 0.0560278 0.0510634 0.0457013 0.038731 0.0256049 0.0372726 -0.0494486 0.0444284 0.0275567 0.0204337 -0.014122 -0.0543576 -0.0549035 -0.00509989 0.0204232 0.032551 0.037746 0.00760117 0.00810388 -0.0181642 -0.016826
internal_weight=3022.64 1480.09 1542.54 1427.82 103.672 1403.84 111.414 23.9798 49.7673 1438.87 793.91 521.64 293.64 93.2668 22.4187 34.7405 53.9045 27.1828 52.2739 13.8805 33.0083 88.9954 4.16353 15.0268 79.3863 65.7053 13.681 11.122 6.26932 5.74406
internal_count=99908 93612 6296 93065 2958 92573 6416 492 2628 3338 2461 1934 1396 683 270 2342 330 256 547 249 2324 6146 173 286 434 285 149 88 69 132
is_linear=0
shrinkage=0.05


Tree=11
num_leaves=31
num_cat=0
split_feature=7 6 1 4 7 0 7 2 7 2 10 7 0 7 2 2 2 1 6 7 0 0 10 4 12 6 13 0 2 13
split_gain=3242.25 116.852 78.0288 62.2775 60.9179 100.66 22.6268 14.4375 13.6061 10.924 10.8315 7.70831 6.77859 5.9232 4.55032 6.034 4.54247 4.45116 4.12732 4.04267 4.01076 3.99741 3.61139 4.55809 3.56121 3.51175 3.60071 3.39047 3.29336 3.18955
threshold=0.70620205998420726 1.0000000180025095e-35 0.81892696022987377 1.0000000180025095e-35 0.55013227462768566 0.836786448955536 0.88478556275367748 0.93750000000000011 0.99783548712730419 0.73214286565780651 1.0000000180025095e-35 0.78886163234710704 0.89512962102890026 0.9765610694885255 0.080128207802772536 0.44949495792388922 0.11805555596947671 0.81892696022987377 0.65795168280601513 0.99783548712730419 0.65485891699790966 0.86706829071044933 1.0000000180025095e-35 1.0000000180025095e-35 3.5000000000000004 0.59384471178054821 21.500000000000004 0.81530213356018078 0.57738095521926891 6.5000000000000009
decision_type=2 2 2 2 2 2 2 2 2 2 2 2 2 2 2 2 2 2 2 2 2 2 2 2 2 2 2 2 2 2
left_child=1 17 3 6 25 9 27 8 10 22 12 18 -4 14 -8 -16 -13 -1 -5 20 24 -22 -6 -24 -18 -3 -27 -2 -14 -30
right_child=2 4 7 11 5 -7 13 -9 -10 -11 -12 16 28 -15 15 -17 19 -19 -20 -21 21 -23 23 -25 -26 26 -28 -29 29 -31
leaf_value=-0.04798333713144258 -0.054700867783653295 -0.060179327117009088 0.032354052755227708 -0.061078584041112938 -0.056700059312560849 0.045361721074153573 0.022158986329430086 0.060951482647482957 0.059973833442731495 0.05536688354419287 0.054129980311651262 0.061395689073475861 0.059506362675961655 0.043274913458999573 -0.057281943263443102 0.045830209312773838 0.057311256955272651 0.022342782157269189 0.02637281445767662 0.060154180977149599 0.0011979575644364363 0.062898941160060465 -0.064793284243079383 0.039208691989520233 0.015110526828121593 -0.063946200637464715 0.07871821469844438 0.052932300821545986 0.031933151674557479 0.054392921170645259
leaf_weight=2.3552285730838767 31.092477915342901 1241.9488217900507 159.25966207869351 2.5882042972370973 87.457567668054253 37.199791387654841 6.8871749583631754 619.5199640840292 250.66433169692755 2.3189974753186098 207.49590810760856 30.946746671572328 42.167601183056831 9.3085890505462885 6.1121862940490246 1.8477245736867187 15.2420292776078 50.353027570992708 2.818378153257072 14.511715739965437 15.039516448974611 3.1800873279571524 1.9782450133934606 2.253739788196981 7.4390631439164272 0.85030865902081021 0.92168371751904488 0.74928966164588828 36.951829884201288 27.624666295945644
leaf_count=121 2195 86106 846 120 6405 278 140 877 501 23 488 74 94 63 372 9 50 426 41 33 122 9 147 45 64 58 3 4 126 68
internal_value=1.78077e-09 -0.0538598 0.0515555 0.0170682 -0.0566606 -0.0242577 -0.0244854 0.055348 0.0505542 -0.0518066 0.0455676 0.0424251 0.0388886 0.0120057 -0.00759903 -0.0333466 0.046051 0.0192003 -0.0154914 0.0374813 0.0294369 0.0119674 -0.0545172 -0.00940712 0.04347 -0.060079 0.0102592 -0.0521681 0.048638 0.041541
internal_weight=2919.08 1427.64 1491.45 147.763 1374.93 131.208 55.9974 1343.68 724.164 94.0085 473.5 91.7657 266.004 24.1557 14.8471 7.95991 86.3592 52.7083 5.40658 55.4124 40.9007 18.2196 91.6896 4.23198 22.6811 1243.72 1.77199 31.8418 106.744 64.5765
internal_count=99908 93612 6296 3296 93065 6898 2783 3000 2123 6620 1622 513 1134 584 521 381 352 547 161 278 245 131 6597 192 114 86167 61 2199 288 194
is_linear=0
shrinkage=0.05


Tree=12
num_leaves=31
num_cat=0
split_feature=7 6 1 7 8 0 2 7 0 6 10 1 0 4 7 2 8 2 2 1 0 2 1 7 2 0 6 10 0 0
split_gain=2990.37 112.15 92.9922 53.2826 42.5894 37.4363 19.1316 17.9491 14.9886 14.314 13.4886 11.2751 9.66801 9.04067 6.88578 9.52164 6.16332 6.07923 5.96108 5.1397 4.57135 5.55315 4.05384 3.98064 27.2709 6.78639 4.25424 3.84945 3.83934 3.50549
threshold=0.67936623096466076 1.0000000180025095e-35 0.75716626644134533 0.88478556275367748 0.21240601688623431 0.836786448955536 0.93750000000000011 0.99783548712730419 0.73942822217941295 0.6157280206680299 1.0000000180025095e-35 0.94570022821426403 0.89512962102890026 1.0000000180025095e-35 0.84243628382682811 0.44949495792388922 0.82085561752319347 0.080128207802772536 0.44949495792388922 0.90645834803581249 0.60922586917877208 0.095454547554254546 0.855400711297989 0.5275399684906007 0.73214286565780651 0.92390406131744396 0.59384471178054821 1.0000000180025095e-35 0.88273492455482494 0.54923510551452648
decision_type=2 2 2 2 2 2 2 2 2 2 2 2 2 2 2 2 2 2 2 2 2 2 2 2 2 2 2 2 2 2
left_child=1 22 3 8 9 20 7 10 18 23 12 -11 14 16 15 19 17 29 -2 -4 -6 -22 -1 26 25 -25 -3 -23 -12 -5
right_child=2 4 6 13 5 -7 -8 -9 -10 11 28 -13 -14 -15 -16 -17 -18 -19 -20 -21 21 27 -24 24 -26 -27 -28 -29 -30 -31
leaf_value=-0.031516017713110182 -0.053348530427569311 -0.059369256300248266 -0.069358144104962202 -0.0098397942262011834 -0.057147675026659073 0.052766288709574033 0.059920566554660264 0.058840686694390687 0.040471163988017145 -0.06231576219342512 0.046085620122938091 0.054295652150266265 0.047437454937558882 0.047696314413285444 0.033552031811804016 0.021034600423187888 0.047357158226248634 -0.048556640274206614 0.037909953515927963 0.031852284296460281 0.075953593334755709 -0.044105151416105187 0.021996393845232165 -0.05970080827782881 0.03872135947597103 0.045327617023708716 0.037390098268464539 0.036143575408458965 0.059536427009385606 0.060407953642688431
leaf_weight=3.8159162746742359 36.348755090497434 1164.6265842374414 5.0532161444425574 4.4034805037081259 18.710928478278223 15.945269448682664 597.81810010224581 251.84291874617338 5.3537050625309339 3.5204905932769162 122.23659935500473 5.0412487518042326 105.19628253392875 41.487996630370617 141.62852348107845 33.120765256695449 6.3706811126321545 6.2390595553442836 1.8821025546640147 1.6685663359239695 1.4042411167174567 8.5149009316228295 48.794258158653975 72.396828290540725 8.1835738290101272 1.5714148404076684 1.1371040144003917 1.8124809795990593 93.732373006641865 2.9762330856174231
leaf_count=155 2710 84055 256 137 1398 56 886 527 74 259 322 16 294 148 666 301 32 373 15 19 9 584 392 5787 120 20 26 33 225 13
internal_value=6.04501e-10 -0.0534561 0.049719 0.00440598 -0.0563462 -0.00929765 0.0532394 0.0479456 -0.0378834 -0.0580832 0.0424867 0.00634635 0.0353773 0.0343871 0.0283862 0.0100232 0.00676399 -0.012225 -0.0488559 -0.0442344 -0.0418056 -0.0173364 0.018115 -0.0585252 -0.0478875 -0.0574695 -0.0592749 -0.0300213 0.0519234 0.0184911
internal_weight=2812.83 1355.48 1457.36 105.062 1302.87 46.3878 1352.3 754.479 43.5846 1256.48 502.636 8.56174 286.667 61.4775 181.471 39.8425 19.9895 13.6188 38.2309 6.72178 30.4426 11.7316 52.6102 1247.92 82.1518 73.9682 1165.76 10.3274 215.969 7.37971
internal_count=99908 92910 6998 3502 92363 2080 3496 2610 2799 90283 2083 275 1536 703 1242 576 555 523 2725 275 2024 626 547 90008 5927 5807 84081 617 547 150
is_linear=0
shrinkage=0.05


Tree=13
num_leaves=31
num_cat=0
split_feature=7 6 1 4 8 0 2 7 6 10 6 1 12 5 7 7 8 1 2 6 0 2 0 2 8 6 1 8 12 7
split_gain=2754.26 106.011 86.2727 48.8518 39.7411 34.0154 20.2638 18.5928 17.8273 13.744 13.3201 10.1773 9.88087 9.76508 8.37846 5.33535 4.59086 5.34433 5.10338 8.01489 4.20909 4.11427 4.02638 3.9604 3.85816 4.28569 3.85624 3.8608 3.77074 3.64822
threshold=0.67936623096466076 1.0000000180025095e-35 0.75716626644134533 1.0000000180025095e-35 0.21240601688623431 0.836786448955536 0.93750000000000011 0.99783548712730419 0.82621711492538463 1.0000000180025095e-35 0.6157280206680299 0.94570022821426403 4.5000000000000009 1.0000000180025095e-35 0.75079616904258739 0.9765610694885255 0.61721614003181469 0.9833287000656129 0.6904762089252473 0.7278747856616975 0.60922586917877208 0.095454547554254546 0.88273492455482494 0.11805555596947671 0.2709790319204331 0.74646764993667614 0.93643954396247875 0.1863425895571709 5.5000000000000009 0.55013227462768566
decision_type=2 2 2 2 2 2 2 2 2 2 2 2 2 2 2 2 2 2 2 2 2 2 2 2 2 2 2 2 2 2
left_child=1 28 3 8 10 20 7 9 15 12 29 -12 24 -14 -5 -2 17 -15 -19 -20 -6 -22 -11 -16 25 26 27 -4 -1 -3
right_child=2 4 6 14 5 -7 -8 -9 -10 22 11 -13 13 16 23 -17 -18 18 19 -21 21 -23 -24 -25 -26 -27 -28 -29 -30 -31
leaf_value=0.022398953601207208 -0.05239206117711618 -0.058201178717421864 -0.074995173339209645 -0.045443313446929368 -0.055794074088888194 0.050799233840289816 0.059046030861345779 0.057832507619885898 0.017339704909923603 0.044517768217177789 -0.060885159282480783 0.052500542412456497 -0.0179113945825355 -0.019460609344634935 0.058546318028423694 0.038205888436286917 0.041135047885978229 0.044323077894954641 0.036483049395052612 -0.031103064451988488 0.070282331870538006 -0.027326661434113525 0.058548728241510466 0.029926690242987448 0.042200817613313915 -0.051238267087091061 0.057299785277982608 0.01971445699345906 -0.01685173706318344 -0.045229840079016023
leaf_weight=45.428937306627631 35.472324730362743 1136.288639096776 1.3316079890355448 2.7775792004540554 18.052525242324922 15.464357068762181 571.56606107950211 241.46270136535168 14.367376926355062 117.49639162514359 3.3369058435782772 4.8634045198559761 14.23713149037212 8.3600565306842309 23.546763278543949 1.7030695714056481 33.323359619826078 17.331000911071897 9.7805726975202578 7.9537815637886515 1.2070400593802322 10.223273994866757 90.523014947772026 24.839443504810333 175.86723158415407 2.0675236806273452 5.605166383087635 5.6066175438463688 7.0713280625641337 56.921993188094348
leaf_count=395 2792 85884 42 156 1398 56 886 527 286 322 259 16 299 155 65 18 132 62 41 82 9 617 225 185 618 14 14 77 152 4124
internal_value=8.87814e-10 -0.0524873 0.0485145 0.00439545 -0.055419 -0.00925933 0.0519934 0.0464786 -0.029961 0.0408778 -0.0571459 0.00636114 0.033675 0.0201203 0.0390064 -0.0482416 0.0271753 0.0164629 0.0250276 0.00617097 -0.0407613 -0.0170192 0.0506236 0.0438542 0.0401497 0.0154614 0.0264555 0.00153746 0.0171122 -0.0575824
internal_weight=2704.08 1298.86 1405.22 102.707 1246.36 44.9472 1302.51 730.946 51.5428 489.483 1201.41 8.20031 281.464 90.9859 51.1638 37.1754 76.7488 43.4254 35.0654 17.7344 29.4828 11.4303 208.019 48.3862 190.478 14.6109 12.5434 6.93823 52.5003 1193.21
internal_count=99908 92910 6998 3502 92363 2080 3496 2610 3096 2083 90283 275 1536 771 406 2810 472 340 185 123 2024 626 547 250 765 147 133 119 547 90008
is_linear=0
shrinkage=0.05


Tree=14
num_leaves=31
num_cat=0
split_feature=7 6 1 7 8 1 2 7 4 6 0 1 0 8 6 2 2 5 4 12 13 1 0 2 13 7 1 1 0 6
split_gain=2546.11 101.371 81.1276 53.5636 36.632 30.697 18.3056 15.8355 14.639 12.1933 10.8971 9.32791 8.80279 7.21715 6.2737 5.71701 9.21178 9.83373 4.32838 3.90517 8.39812 6.29896 4.06338 6.33151 4.02216 3.9028 21.6296 3.64397 3.51978 3.51438
threshold=0.67936623096466076 1.0000000180025095e-35 0.79388421773910534 0.88478556275367748 0.21240601688623431 0.90366768836975109 0.93750000000000011 0.99783548712730419 1.0000000180025095e-35 0.6157280206680299 0.88633695244789135 0.94570022821426403 0.43693181872367864 0.21980676054954532 0.7278747856616975 0.095454547554254546 0.44949495792388922 1.0000000180025095e-35 1.0000000180025095e-35 8.5000000000000018 10.500000000000002 0.94570022821426403 0.73735308647155773 0.5634920895099641 14.500000000000002 0.55013227462768566 0.92403846979141246 0.855400711297989 0.77459675073623668 0.59384471178054821
decision_type=2 2 2 2 2 2 2 2 2 2 2 2 2 2 2 2 2 2 2 2 2 2 2 2 2 2 2 2 2 2
left_child=1 27 3 8 9 18 7 10 -2 25 13 -11 -5 -4 28 -14 17 -17 -6 21 -21 22 -15 -24 -25 29 -27 -1 -10 -3
right_child=2 4 6 12 5 -7 -8 -9 14 11 -12 -13 15 19 -16 16 -18 -19 -20 20 -22 -23 23 24 -26 26 -28 -29 -30 -31
leaf_value=-0.030295796579310724 -0.050233492459416731 -0.057454229549180717 -0.021584124599391408 -0.030244311995113318 -0.055916103371318054 0.046810043937143629 0.058259393854145525 0.056838938075891354 -0.039506995790134468 -0.059614843129955547 0.049529441596979439 0.050758049634619606 0.056232872829581976 0.044600298695556158 0.04839654174615185 -0.054861081070314843 0.051238613058658872 0.024067117897691729 -0.015156140112820033 0.031312793440214558 -0.023602138435835512 0.048722302901157186 0.033553347532224574 0.010270725755671346 -0.049387851969391661 -0.057962449427253031 0.025093372082738142 0.020186600601534609 0.041335529466844878 0.025614852055689613
leaf_weight=3.8586369026452294 34.004390300717205 1084.9122085131239 5.7233342332765451 4.8408808242529622 17.615297068376094 15.542174329049883 544.93227986991405 224.77656228467822 5.570223771966992 3.2413117107935241 196.51486396603286 4.6755209565162659 29.559251986443996 34.320035559125245 6.1789545360952616 5.2907802630215892 20.481469072401524 15.529946187511086 10.334371565375479 56.30462893564254 7.944449631497263 86.831538934260607 48.791522303596139 18.055614171549681 3.3493038695305577 45.737382429186255 9.4601048682816309 48.572152575477958 1.7755897250026462 1.2747341776266683
leaf_count=155 2679 85848 125 207 1465 88 886 514 265 259 565 16 102 146 43 309 56 92 527 249 114 264 226 103 39 3939 185 392 14 36
internal_value=-5.47394e-10 -0.0515732 0.0475432 0.00886909 -0.0545642 -0.00952082 0.0514256 0.0459702 -0.0327333 -0.0562687 0.0406342 0.00556915 0.0349889 0.0339448 0.0112662 0.0394452 0.0274306 0.00401058 -0.0408451 0.0351882 0.0245225 0.0387695 0.0305008 0.0236073 0.000935735 -0.0566976 -0.0437278 0.0164714 -0.0199662 -0.0573567
internal_weight=2596 1245.22 1350.78 123.231 1192.79 43.4918 1227.54 682.612 47.5292 1149.3 457.835 7.91683 75.7023 261.32 13.5248 70.8614 41.3022 20.8207 27.9497 255.597 64.2491 191.348 104.516 70.1964 21.4049 1141.38 55.1975 52.4308 7.34581 1086.19
internal_count=99908 92910 6998 3767 92363 2080 3231 2345 3001 90283 1831 275 766 1266 322 559 457 401 1992 1141 363 778 514 368 142 90008 4124 547 279 85884
is_linear=0
shrinkage=0.05


Tree=15
num_leaves=31
num_cat=0
split_feature=7 6 1 7 8 1 2 10 8 0 6 1 0 12 2 2 2 5 5 10 5 7 1 6 12 0 2 8 10 0
split_gain=2350.8 97.1032 75.5289 48.4437 34.2703 36.2133 18.8612 17.3694 12.8236 12.756 9.27194 10.4826 7.94295 7.86057 6.20731 5.53012 8.24388 8.2374 4.15881 4.0573 4.65619 3.7088 11.6402 3.43086 3.25253 3.22408 5.9506 2.94463 3.00819 2.89679
threshold=0.67936623096466076 1.0000000180025095e-35 0.79388421773910534 0.88478556275367748 0.19677419215440753 0.90366768836975109 0.93750000000000011 1.0000000180025095e-35 0.67543861269950878 0.77459675073623668 0.59384471178054821 0.94570022821426403 0.43693181872367864 4.5000000000000009 0.44949495792388922 0.095454547554254546 0.44949495792388922 1.0000000180025095e-35 1.0000000180025095e-35 1.0000000180025095e-35 1.0000000180025095e-35 0.5970856547355653 0.92403846979141246 0.50114154815673839 4.5000000000000009 0.60922586917877208 0.095454547554254546 0.32200460135936743 1.0000000180025095e-35 0.94185259938240062
decision_type=2 2 2 2 2 2 2 2 2 2 2 2 2 2 2 2 2 2 2 2 2 2 2 2 2 2 2 2 2 2
left_child=1 24 3 9 10 25 7 8 13 14 21 -12 -5 29 19 -14 17 -17 -15 -2 -21 -3 -23 -20 -1 -6 -27 28 -28 -4
right_child=2 4 6 12 5 -7 -8 -9 -10 -11 11 -13 15 18 -16 16 -18 -19 23 20 -22 22 -24 -25 -26 26 27 -29 -30 -31
leaf_value=0.02159491792906016 -0.051877296385051702 -0.056516882461613932 0.030698745960354646 -0.028420518466449409 -0.056026263549005743 0.043203325813678951 0.057575469435156228 0.053216814080285307 0.047909417654782051 0.042385266951316503 -0.058400912955761677 0.04766138069647529 0.055131606110146003 -0.016808718759312637 0.026305691696838652 -0.051600583655406068 0.049225113035115224 0.022216031823196161 0.045663235342332201 -0.060831159000349612 0.056446178176454455 -0.057114389618666696 0.039873346727154556 0.012717722985715114 -0.011218793854561728 0.06257702275303173 -0.054193022147474769 0.048225885754947483 0.020812204992214541 0.04746063772205189
leaf_weight=43.193864056840539 34.136834958568215 1058.6423178804107 94.870264824479818 4.7767198961228123 21.599043292691931 17.925805548671633 518.19826173782349 318.41245578788221 149.82179296016693 5.1679501850157967 4.7212267285212857 4.598914073780179 28.415291400626302 9.5831839600577933 3.1596397385001174 5.0357920369133362 19.770992878824472 15.148219751194119 9.8086317544803006 1.5053365537896743 1.9332544319331646 12.196629868820311 4.1449801265262058 40.657954656518996 9.1518634501844627 1.6946493517607439 10.006673033814872 0.9318232489749797 1.5429032919928438 35.391327232122421
leaf_count=365 2797 87920 459 207 1838 115 886 836 434 46 399 22 102 175 28 309 56 92 57 122 8 1107 62 295 182 14 837 16 33 89
internal_value=2.2562e-10 -0.0507277 0.0465998 0.00864783 -0.0537905 -0.0148015 0.0504394 0.0448242 0.0369675 -0.0316147 -0.0557215 -0.00606572 0.0339144 0.0283534 -0.0410029 0.0382694 0.0262774 0.00379922 0.0133871 -0.0466628 0.00510484 -0.056152 -0.0325139 0.019121 0.0158579 -0.043866 -0.0253383 -0.0372749 -0.0441731 0.0352529
internal_weight=2486.14 1190.35 1295.79 119.05 1138 53.7009 1176.74 658.546 340.133 45.903 1084.3 9.32014 73.147 190.311 40.7351 68.3703 39.955 20.184 60.0498 37.5754 3.43859 1074.98 16.3416 50.4666 52.3457 35.7751 14.176 12.4814 11.5496 130.262
internal_count=99908 92910 6998 3767 92363 2853 3231 2345 1509 3001 89510 421 766 1075 2955 559 457 401 527 2927 130 89089 1169 352 547 2738 900 886 870 548
is_linear=0
shrinkage=0.05


Tree=16
num_leaves=31
num_cat=0
split_feature=7 6 1 8 8 4 7 1 0 12 7 8 1 12 13 8 0 13 0 1 12 0 0 10 5 6 2 8 2 6
split_gain=2172.98 89.7737 59.5931 47.6407 36.1048 22.6718 18.5413 37.2426 14.7822 11.0788 10.1963 9.77481 6.88322 6.39 5.28679 3.94346 3.91626 3.26577 3.2281 3.20598 3.0495 3.68023 2.88279 2.87509 3.73817 3.48573 4.00944 5.28024 2.8644 3.26476
threshold=0.70620205998420726 1.0000000180025095e-35 0.89825496077537548 0.2828571498394013 0.48913043737411505 1.0000000180025095e-35 0.55013227462768566 0.92403846979141246 0.6832355558872224 4.5000000000000009 0.99783548712730419 0.82085561752319347 0.86240702867507946 3.5000000000000004 1.0000000180025095e-35 0.21240601688623431 0.79772728681564342 2.5000000000000004 0.65733855962753307 0.81892696022987377 3.5000000000000004 0.64549729228019725 0.87007671594619762 1.0000000180025095e-35 1.0000000180025095e-35 0.68244633078575145 0.6904762089252473 0.54006412625312816 0.11805555596947671 0.88322511315345775
decision_type=2 2 2 2 2 2 2 2 2 2 2 2 2 2 2 2 2 2 2 2 2 2 2 2 2 2 2 2 2 2
left_child=1 19 4 6 5 12 -3 22 -5 -4 23 13 16 14 -6 -7 -2 -9 -15 -1 -17 -22 -8 24 -11 -26 -27 -28 -20 -30
right_child=2 3 9 8 11 15 7 17 -10 10 -12 -13 -14 18 -16 20 -18 -19 28 -21 21 -23 -24 -25 25 26 27 -29 29 -31
leaf_value=-0.043166185853219768 -0.045103413698850077 -0.055777080798685374 0.054614865106970147 -0.057362106957352249 -0.014429884392095031 -0.042225137054569539 -0.051112721980272946 -0.032711969563326386 0.049045870229259422 -0.0060585060929849669 0.054442928730923115 0.053322736203875336 0.027252999216878848 -0.0073907066893631598 0.041071901306318916 0.034408925845078778 0.02579138518795266 0.03406771354431655 0.058803581998697521 0.017400471907943221 -0.0640529647689137 0.016831089539029127 0.0093439563848333393 0.041767420031792873 0.044712734820466726 0.035229500428185873 -0.032562300242933495 0.023413728070960278 0.02667659309461792 -0.019715928497442345
leaf_weight=2.2850574804469934 30.523599116597325 988.09362601465546 763.55719388835132 4.1752794985659447 4.6090930933132759 2.2371321208775035 68.509236863348633 2.0340006984770325 14.951747062616048 7.8669291697442523 94.260142974555492 59.136719534173608 4.2244951864704481 14.121973384171723 62.091548067517579 27.271232328377664 2.080763677135109 18.32402653619647 4.4776458144187954 49.853765701875091 1.765319874510167 6.9157381476834416 2.0302415457554153 52.764120817184448 26.061441853642464 23.402341913431883 6.4214424677193191 12.2498926743865 14.413931991904976 5.1461699344217768
leaf_count=121 2310 86157 1693 396 44 69 6098 42 96 82 220 180 40 345 321 163 17 228 17 426 91 101 48 133 92 92 74 68 101 43
internal_value=-3.25747e-10 -0.0493588 0.0463246 -0.0524025 0.0239246 -0.00480798 -0.0537891 -0.0321791 0.0258178 0.0517513 0.0419476 0.0370679 -0.0327983 0.0279008 0.0372367 0.0221851 -0.040579 0.0273957 0.0115825 0.0147461 0.026193 0.000383068 -0.0493727 0.0328006 0.0265754 0.0303434 0.0214427 0.00416246 0.022729 0.0144709
internal_weight=2375.86 1150.26 1225.6 1098.12 239.015 75.0183 1078.99 90.8975 19.127 986.584 223.026 163.997 36.8289 104.86 66.7006 38.1894 32.6044 20.358 38.1597 52.1388 35.9523 8.68106 70.5395 128.766 76.002 68.1351 42.0737 18.6713 24.0377 19.5601
internal_count=99908 93612 6296 93065 3842 2791 92573 6416 492 2454 761 1051 2367 871 365 424 2327 270 506 547 355 192 6146 541 408 326 234 142 161 144
is_linear=0
shrinkage=0.05


Tree=17
num_leaves=31
num_cat=0
split_feature=7 6 8 0 2 10 8 0 2 6 8 6 2 0 2 13 6 7 8 6 0 2 7 7 0 13 7 12 12 2
split_gain=2009.77 85.3677 43.7386 47.3155 37.3206 35.6496 34.9604 27.2751 13.935 6.63993 5.92544 8.84053 5.74425 5.73149 5.68511 5.23383 4.69451 4.64883 4.46056 4.38667 4.15857 3.96494 3.78643 3.75498 5.96484 6.17441 3.61898 3.47197 3.20426 2.99446
threshold=0.70620205998420726 1.0000000180025095e-35 0.18019481003284457 0.836786448955536 0.93750000000000011 1.0000000180025095e-35 0.54006412625312816 0.6832355558872224 0.44949495792388922 0.59384471178054821 0.82085561752319347 0.90125367045402538 0.57738095521926891 0.92390406131744396 0.38750000298023229 1.0000000180025095e-35 0.50641131401062023 0.87198767066001903 0.21980676054954532 0.95912683010101329 0.87570226192474376 0.64583334326744091 0.88478556275367748 0.99783548712730419 0.8019607961177827 10.500000000000002 0.95904389023780834 9.5000000000000018 7.5000000000000009 0.10555555671453477
decision_type=2 2 2 2 2 2 2 2 2 2 2 2 2 2 2 2 2 2 2 2 2 2 2 2 2 2 2 2 2 2
left_child=1 -1 9 12 5 6 7 8 17 -3 11 20 -4 16 -11 27 18 -2 21 -17 -8 -9 -18 24 25 -7 -27 -13 -10 -19
right_child=4 2 3 -5 -6 23 10 13 28 14 -12 15 -14 -15 -16 19 22 29 -20 -21 -22 -23 -24 -25 -26 26 -28 -29 -30 -31
leaf_value=0.013844532571999822 -0.055667720337308324 -0.054953489867091566 -0.048296744117639553 0.043692241777277985 0.056525189810687451 0.041599460236033343 0.033399209763930099 -0.071987988383546767 0.039135537362807692 -0.056483205693137029 0.052149726933064855 -0.062821876600266544 0.011309708688070077 0.039825769308484422 0.03300525546006447 0.0026323380139279956 -0.0006279859153519962 0.018698439398786744 0.046197733312537036 0.052909951030297192 0.052509434191398141 0.06327269178533744 0.023227452143882929 0.05692354648395305 0.052765700675792553 0.015929151682235979 -0.052093107170492918 0.024052507159254284 -0.022052645561054948 -0.038884135269079294
leaf_weight=51.960367252118886 20.816215066704903 964.57397764641792 43.283685078844428 23.699275462888181 463.42278806865215 56.715884987264872 76.680632964707911 1.6042338898405462 8.1494719684123975 3.1917963987216345 76.367232572287321 3.7156580807641175 4.4582266230136147 33.597202114760876 3.9976585884578526 12.676503173075618 39.694580351933837 4.1209912328049523 17.069455499760807 6.5956240901723495 45.276745013892651 0.81808006018400181 28.632277143187821 133.87741455249488 119.81821249425411 10.963333999738095 2.3797934232279649 1.6656578965485094 2.9013326168060294 4.9935522484593093
leaf_count=547 1887 88549 3895 134 877 262 424 59 51 305 214 50 122 97 60 97 547 92 104 26 145 4 172 361 359 129 20 19 32 268
internal_value=-7.46886e-10 -0.0487052 -0.0518207 -0.0140614 0.0454907 0.0382796 0.0280041 0.0103576 -0.0249125 -0.0545967 0.0408562 0.0349736 -0.0427306 0.0222624 -0.00672362 0.00766553 0.0155431 -0.0426286 0.0371873 0.0198392 0.0404939 -0.0263068 0.0093686 0.0505107 0.0459892 0.0343998 0.00379714 -0.035932 0.0230709 -0.0128491
internal_weight=2267.72 1095.16 1043.2 71.4412 1172.55 709.13 385.375 162.397 40.9816 971.763 222.978 146.611 47.7419 121.416 7.18945 24.6534 87.8186 29.9308 19.4918 19.2721 121.957 2.42231 68.3269 323.755 189.877 70.059 13.3431 5.38132 11.0508 9.11454
internal_count=99908 93612 93065 4151 6296 5419 4288 3313 2330 88914 975 761 4017 983 365 192 886 2247 167 123 569 63 719 1131 770 411 149 69 83 360
is_linear=0
shrinkage=0.05


Tree=18
num_leaves=31
num_cat=0
split_feature=7 7 1 8 0 7 7 2 0 10 7 1 0 2 2 2 7 13 12 0 4 10 1 0 12 1 10 8 13 0
split_gain=1857.43 83.9833 55.0704 41.3579 33.1046 31.5337 13.1664 11.117 10.8204 10.7672 9.5497 28.2489 9.00816 8.78225 8.55066 8.3963 7.88563 7.74119 4.37718 3.9416 3.83856 4.2077 3.82713 3.77812 3.7378 4.08794 3.52879 3.50799 4.50498 5.46317
threshold=0.70620205998420726 1.0000000180025095e-35 0.89825496077537548 0.21240601688623431 0.836786448955536 0.82793453335762035 0.99783548712730419 0.93750000000000011 0.8521554470062257 1.0000000180025095e-35 0.55013227462768566 0.92403846979141246 0.54923510551452648 0.44949495792388922 0.095454547554254546 0.44949495792388922 0.94360822439193737 1.0000000180025095e-35 10.500000000000002 0.76253134012222301 1.0000000180025095e-35 1.0000000180025095e-35 0.34851622581481939 0.70859703421592724 1.0000000180025095e-35 0.92907443642616283 1.0000000180025095e-35 0.55050507187843334 13.500000000000002 0.76071646809577953
decision_type=2 2 2 2 2 2 2 2 2 2 2 2 2 2 2 2 2 2 2 2 2 2 2 2 2 2 2 2 2 2
left_child=1 -1 5 10 20 8 12 9 15 16 -3 -12 13 22 -14 26 24 -16 27 -13 -5 -22 -7 -17 -4 -26 -2 28 -19 -30
right_child=2 3 7 4 -6 6 -8 -9 -10 -11 11 19 14 -15 17 23 -18 18 -20 -21 21 -23 -24 -25 25 -27 -28 -29 29 -31
leaf_value=0.013986025880791021 -0.054003679536559247 -0.054841088197342291 0.048587695607215667 -0.051335522471245079 0.047397621210791503 0.011143694189746202 0.052190707661145877 0.056011078033165809 0.043356362084056875 0.052536424561430865 -0.054047440021265984 -0.05930557807935169 0.057109763062494691 0.056594905963279901 -0.034871441586251731 0.044503107117192943 0.046688342120162402 0.02474615649930224 -0.032078614557090053 0.035736584734252438 -0.029170548280129008 0.049961398465257219 -0.056873355678531495 -0.025352625785327449 -0.0072215836387675807 0.027514114193273723 0.0065022149298063717 0.034350210315872362 -0.055606672211643428 0.021649665169934107
leaf_weight=51.924882156774402 20.304450505413122 885.59344039415009 18.703999266028404 19.498278621118516 18.0506731569767 2.8469751663506013 52.078421670943499 438.150365896523 5.7000295091420403 228.59596856683493 42.287908762460575 1.1916747880168248 19.618805850856006 3.1871389020234338 5.8356644595041862 4.3096404187381259 111.65123065561056 26.294462241232395 3.3024565405212334 12.898085659369825 9.1047104408498871 2.0599698517471543 7.5597620606422424 3.513669147156179 9.3642492145299894 88.714460760354996 2.7342422297224394 55.65108323469758 4.4603405748493952 4.6991663500666618
leaf_count=547 1848 85897 56 1878 73 72 187 877 29 649 4365 96 79 12 63 31 370 205 104 120 619 17 501 68 84 418 79 279 249 36
internal_value=-5.25767e-10 -0.0479988 0.0447911 -0.0512477 -0.00632402 0.022505 0.0308686 0.0503203 -0.0199358 0.0448646 -0.0535709 -0.0336178 0.022548 -0.0160254 0.0269227 -0.0316255 0.0371874 0.0210148 0.0244693 0.0276982 -0.0379489 -0.0145701 -0.0382659 0.0131289 0.028104 0.0241977 -0.0468228 0.0265191 0.0142268 -0.0159713
internal_weight=2159.89 1042.61 1117.28 990.685 48.7136 222.096 185.534 895.18 36.562 457.03 941.971 56.3777 133.456 13.5939 119.862 30.862 228.434 100.243 94.4075 14.0898 30.663 11.1647 10.4067 7.82331 116.783 98.0787 23.0387 91.1051 35.454 9.15951
internal_count=99908 93612 6296 93065 2587 3842 1787 2454 2055 1577 90478 4581 1600 585 1015 2026 928 936 873 216 2514 636 573 99 558 502 1927 769 490 285
is_linear=0
shrinkage=0.05


Tree=19
num_leaves=31
num_cat=0
split_feature=7 6 1 8 0 7 12 7 7 0 2 0 2 2 6 1 2 13 12 0 12 10 2 10 8 2 6 0 7 2
split_gain=1716.18 79.1834 49.8467 38.5173 37.3907 29.1769 12.6575 11.9478 10.8025 9.86626 8.02225 7.85725 7.95361 7.6567 6.05426 7.37117 5.32985 4.72616 3.90518 4.21548 3.51435 3.25323 3.18578 4.33787 4.35619 3.18671 3.54134 3.17304 3.14645 16.6718
threshold=0.70620205998420726 1.0000000180025095e-35 0.89825496077537548 0.18019481003284457 0.836786448955536 0.82793453335762035 4.5000000000000009 0.99783548712730419 0.99783548712730419 0.8521554470062257 0.44949495792388922 0.54923510551452648 0.095454547554254546 0.44949495792388922 0.59384471178054821 0.95713412761688244 0.57738095521926891 1.0000000180025095e-35 3.5000000000000004 0.80673459172248851 12.500000000000002 1.0000000180025095e-35 0.93750000000000011 1.0000000180025095e-35 0.62828946113586437 0.57738095521926891 0.74646764993667614 0.70859703421592724 0.5275399684906007 0.73214286565780651
decision_type=2 2 2 2 2 2 2 2 2 2 2 2 2 2 2 2 2 2 2 2 2 2 2 2 2 2 2 2 2 2
left_child=1 -1 5 14 16 9 22 11 -8 10 21 13 -13 20 28 -16 -5 -14 -19 -20 -7 -2 23 24 25 -4 -27 -12 -3 -30
right_child=2 3 6 4 -6 7 8 -9 -10 -11 27 12 17 -15 15 -17 -18 18 19 -21 -22 -23 -24 -25 -26 26 -28 -29 29 -31
leaf_value=0.012932549857884904 -0.053089361079979316 -0.054626824976004421 0.049461071404481131 -0.046313710081669596 0.039538288137403163 -0.06110329154271385 0.028664841933884411 0.051400259389593916 0.052518525905361768 0.04212893111132885 0.042827103202185537 0.056535786461073649 -0.024785920568463685 0.055210574560029306 -0.056249706736014787 0.04899804970424753 0.011685074960144065 0.030741713878660027 -0.0053821446792350078 0.034071849866710004 -0.00060742313764577591 0.0056826081576245432 0.055614259700498242 0.055062316170688956 0.051236494760969011 0.03918731394685699 0.01086075197710917 -0.021598522601149861 -0.052337222771832427 0.03909522497378428
leaf_weight=51.490933588705957 19.291024842299528 817.51371356239542 19.666052490472794 39.43263207632117 21.882703298237175 5.7272201441228372 116.5594158321619 50.17128554917872 80.065602466464043 5.5461622234433881 4.182271907106041 18.790045632049441 5.3270191792398682 3.0231652837246648 3.489921244326978 3.1790015362203121 4.4034476140514007 62.420634619891644 19.006799198221419 10.516118004918097 4.1331772580742836 2.681926764547824 401.32411075383425 124.76259129494429 63.245988287031651 22.445556089282036 21.701661743223667 3.5194277567788959 41.444444343214855 5.6674308641813687
leaf_count=547 1848 83867 59 3895 134 403 541 187 220 29 31 79 63 12 349 16 122 419 403 51 170 79 848 390 206 89 101 68 4581 101
internal_value=-1.1016e-09 -0.0474352 0.044065 -0.0507526 -0.013841 0.0225175 0.0495 0.0306979 0.038378 -0.019084 -0.0305246 0.0226427 0.026755 -0.0144022 -0.0535367 -0.00607927 -0.0404876 0.0210021 0.023655 0.00867144 -0.0357453 -0.0459159 0.0528481 0.0484398 0.041937 0.0327202 0.0252627 0.0133867 -0.0539027 -0.0413381
internal_weight=2052.61 988.504 1064.11 937.013 65.7188 214.336 849.771 179.115 196.625 35.2208 29.6747 128.944 116.061 12.8836 871.295 6.66892 43.8361 97.2706 91.9436 29.5229 9.8604 21.973 653.146 251.822 127.059 63.8133 44.1472 7.7017 864.626 47.1119
internal_count=99908 93612 6296 93065 4151 3842 2454 1787 761 2055 2026 1600 1015 585 88914 365 4017 936 873 454 573 1927 1693 845 455 249 190 99 88549 4682
is_linear=0
shrinkage=0.05


Tree=20
num_leaves=31
num_cat=0
split_feature=7 6 1 8 2 8 4 12 7 8 6 1 12 1 12 2 1 12 2 10 8 10 7 1 13 2 1 6 10 6
split_gain=1581.58 75.4174 47.6859 36.3496 32.7069 28.3805 17.948 12.9861 9.93922 7.79362 5.57648 6.74932 5.4433 4.70774 4.24029 3.31174 3.21709 3.19407 3.04294 3.9946 4.14837 2.93523 2.92835 14.6137 2.84788 2.71498 3.04078 2.87925 2.69301 3.26219
threshold=0.70620205998420726 1.0000000180025095e-35 0.90645834803581249 0.18019481003284457 0.44949495792388922 0.48913043737411505 1.0000000180025095e-35 4.5000000000000009 0.99783548712730419 0.82085561752319347 0.59384471178054821 0.95713412761688244 3.5000000000000004 0.84889996051788341 6.5000000000000009 0.080128207802772536 0.855400711297989 10.500000000000002 0.93750000000000011 1.0000000180025095e-35 0.76330533623695385 1.0000000180025095e-35 0.5275399684906007 0.92403846979141246 6.5000000000000009 0.57738095521926891 0.92907443642616283 0.60041153430938732 1.0000000180025095e-35 0.66821706295013439
decision_type=2 2 2 2 2 2 2 2 2 2 2 2 2 2 2 2 2 2 2 2 2 2 2 2 2 2 2 2 2 2
left_child=1 16 5 10 -5 6 13 18 28 12 22 -12 -7 15 -6 -2 -1 21 19 20 25 -8 -3 -24 -25 -4 -27 -28 29 -9
right_child=2 3 7 4 14 9 17 8 -10 -11 11 -13 -14 -15 -16 -17 -18 -19 -20 -21 -22 -23 23 24 -26 26 27 -29 -30 -31
leaf_value=-0.031477163397928776 -0.0080409541027758012 -0.054205561359345615 0.049217032090876398 -0.044124141185970786 0.034907091146631743 0.035537675532470663 0.014333039563105474 0.036864929546904887 0.051945011131577123 0.050538997407915232 -0.055647778147893116 0.047248886865661505 0.011229265254481724 0.0092963016981176365 -0.040579583257296568 -0.049258074984844441 0.015833549021279852 -0.044783641260155715 0.055261301616580327 0.054582707239334928 0.056966451334059511 0.046249430128435222 -0.054337726605634934 -0.058261712105851439 0.032031787407137358 -0.0083931726083072266 0.053214904080967101 0.026562283678914191 0.037823019963108113 0.013966693779231352
leaf_weight=3.8900034287944427 6.3902167873457101 770.0972228879109 25.898466497659683 36.647726220777258 24.121036912780259 62.782983563374728 24.081233865581453 23.766834745183587 70.932230170816183 51.878713199868798 3.3424886628054074 3.0459454040974379 36.371304361149669 6.0619257166981688 2.0158231267705551 20.533086691750214 47.09676905348897 1.7814612402580667 378.28243355453014 115.33542284369469 31.466019742190838 10.278341356664894 36.575029799947515 0.99962101550772686 6.9088791583199054 4.7883447110652915 13.473134838044642 40.874424114823341 43.069876711815596 45.012027399614453
leaf_count=155 354 83867 74 3776 259 382 308 120 217 192 349 16 518 72 116 1952 392 88 848 369 93 45 4422 90 170 37 49 171 130 277
internal_value=2.95252e-12 -0.0469045 0.0432784 -0.0503159 -0.0136475 0.0226916 -0.00384378 0.0489946 0.0373039 0.0348366 -0.0531201 -0.00658761 0.026621 -0.0305122 0.0290851 -0.0394752 0.012224 0.0204959 0.052497 0.0479864 0.0414561 0.0238805 -0.053485 -0.0410116 0.0206188 0.0357167 0.0298042 0.0331697 0.0280188 0.0218793
internal_weight=1947.8 934.741 1013.06 883.754 62.7846 220.159 69.1263 792.899 182.781 151.033 820.969 6.38843 99.1543 32.9852 26.1369 26.9233 50.9868 36.141 610.118 231.836 116.5 34.3596 814.581 44.4835 7.9085 85.0344 59.1359 54.3476 111.849 68.7789
internal_count=99908 93612 6296 93065 4151 3911 2819 2385 744 1092 88914 365 900 2378 375 2306 547 441 1641 793 424 353 88549 4682 260 331 257 220 527 397
is_linear=0
shrinkage=0.05


Tree=21
num_leaves=31
num_cat=0
split_feature=7 6 1 8 7 0 12 8 0 7 7 1 0 2 2 2 0 10 6 0 12 0 0 13 2 10 7 12 10 2
split_gain=1454.45 72.9497 47.1896 35.2955 24.5419 24.1735 13.1056 11.4666 9.87968 9.63902 8.22093 22.2899 6.67557 6.62605 6.62382 6.0063 5.11717 4.65399 5.42983 4.68897 3.79718 3.50179 3.1741 3.13842 3.13304 3.90298 4.1236 3.01213 2.94634 2.86426
threshold=0.70620205998420726 1.0000000180025095e-35 0.90645834803581249 0.21240601688623431 0.82793453335762035 0.836786448955536 4.5000000000000009 0.82085561752319347 0.8521554470062257 0.99783548712730419 0.55013227462768566 0.92403846979141246 0.54923510551452648 0.095454547554254546 0.44949495792388922 0.38750000298023229 0.89512962102890026 1.0000000180025095e-35 0.90125367045402538 0.69416099786758434 9.5000000000000018 0.60922586917877208 0.76253134012222301 14.500000000000002 0.93750000000000011 1.0000000180025095e-35 0.94360822439193737 5.5000000000000009 1.0000000180025095e-35 0.57738095521926891
decision_type=2 2 2 2 2 2 2 2 2 2 2 2 2 2 2 2 2 2 2 2 2 2 2 2 2 2 2 2 2 2
left_child=1 27 4 10 8 21 24 12 14 -8 -3 -12 15 -14 28 -6 17 18 20 -20 -15 -5 -13 -16 25 26 29 -1 -2 -4
right_child=2 3 6 5 7 -7 9 -9 -10 -11 11 22 13 16 23 -17 -18 -19 19 -21 -22 -23 -24 -25 -26 -27 -28 -29 -30 -31
leaf_value=0.016805930399453071 -0.051912986089793584 -0.053581718709009296 0.048686977423556904 -0.050537383133960945 -0.031952026874733801 0.042943297376981729 0.027186083659226309 0.049692604041967979 0.040166411897879471 0.051321517173389786 -0.052710797297122691 -0.057849710320023832 0.054745887073128045 0.016911706821860256 0.030801634441897614 0.045527332444782215 0.052675098901717177 0.033060039925348776 0.017861166061443969 -0.063427021085141949 -0.049744243728520682 -0.01447614261192174 0.031337788484601621 -0.039105101078962021 0.054933032084672866 0.054075189518586392 0.051440252626832675 -0.018598011484360293 0.0052323496818132351 0.025118558353164802
leaf_weight=43.68637983687222 17.775439566932626 740.99792216252536 18.34900276362896 15.141148005146535 9.8895096043124777 15.982126334682105 108.25954925827682 49.042772212997079 6.1642172075808039 66.950957018882036 35.822661029174924 1.0892170127481211 16.231455635279417 50.265112966299057 5.3670286005362859 3.3482179176062337 10.852167941629885 28.143427999690175 2.9182290229946366 4.5246240068227053 2.2314520697109392 12.121559306979178 11.858848974574355 2.2907785326242447 355.17809937894344 109.14515827596188 50.089223593473434 6.9656513184308997 2.5834156814962617 43.339242398738861
leaf_count=395 1851 85897 54 1671 579 73 527 192 36 217 4365 96 77 564 50 23 42 171 30 53 110 843 120 54 848 369 178 152 79 192
internal_value=-5.61183e-10 -0.0463221 0.0425087 -0.0498646 0.0216533 -0.00588145 0.0483832 0.0291263 -0.0171421 0.0364086 -0.052273 -0.0323887 0.0212713 0.0251364 -0.0297511 -0.0123552 0.0202786 0.0162873 0.00841194 -0.0315552 0.0140784 -0.0345038 0.0238352 0.00988953 0.052025 0.0473497 0.0407826 0.0119372 -0.0446616 0.0321289
internal_weight=1846.6 883.666 962.939 833.013 211.628 43.2448 751.311 177.447 34.1809 175.211 789.769 48.7707 128.404 115.166 28.0167 13.2377 98.935 88.0828 59.9394 7.44285 52.4966 27.2627 12.9481 7.65781 576.101 220.923 111.777 50.652 20.3589 61.6882
internal_count=99908 93612 6296 93065 3911 2587 2385 1841 2070 744 90478 4581 1649 1047 2034 602 970 928 757 83 674 2514 216 104 1641 793 424 547 1930 246
is_linear=0
shrinkage=0.05


Tree=22
num_leaves=31
num_cat=0
split_feature=7 6 1 8 8 0 4 12 7 7 1 0 7 1 4 2 12 10 10 5 6 2 8 2 10 8 10 8 2 0
split_gain=1341.19 67.6511 43.7566 33.7252 22.8618 22.2772 14.6634 13.7966 9.85631 7.81845 20.3246 7.80021 6.28795 4.6078 3.77841 3.59156 3.52709 3.44375 3.33359 3.29729 4.04833 4.10187 4.05204 3.26212 3.93713 4.05261 3.0114 3.01984 2.91714 4.38296
threshold=0.70620205998420726 1.0000000180025095e-35 0.90645834803581249 0.21240601688623431 0.48913043737411505 0.836786448955536 1.0000000180025095e-35 4.5000000000000009 0.99783548712730419 0.55013227462768566 0.92403846979141246 0.46247655153274542 0.99783548712730419 0.86240702867507946 1.0000000180025095e-35 0.10555555671453477 9.5000000000000018 1.0000000180025095e-35 1.0000000180025095e-35 1.0000000180025095e-35 0.68244633078575145 0.6904762089252473 0.54006412625312816 0.93750000000000011 1.0000000180025095e-35 0.76330533623695385 1.0000000180025095e-35 0.21240601688623431 0.080128207802772536 0.64174234867095958
decision_type=2 2 2 2 2 2 2 2 2 2 2 2 2 2 2 2 2 2 2 2 2 2 2 2 2 2 2 2 2 2
left_child=1 -1 4 9 6 14 13 23 18 -3 -11 -6 15 28 -5 -13 -17 -16 19 -9 -21 -22 -23 24 25 -4 27 -8 29 -2
right_child=2 3 7 5 11 -7 26 8 -10 10 -12 12 -14 -15 17 16 -18 -19 -20 20 21 22 -24 -25 -26 -27 -28 -29 -30 -31
leaf_value=0.010789416617974482 -0.032991563295776391 -0.053235650411298477 0.034060602297715507 -0.048532466474699221 -0.027026284207498603 0.042575282193414304 -0.061648296712597361 -0.011954817232252141 0.050754212792761502 -0.052199646213784583 0.022397586961771257 0.052426834826937656 0.050990919074552915 0.016484744732344441 -0.024099270085178634 0.026107117784675976 -0.023224096668990321 0.04877479458313045 0.037320991923573285 0.040087049235061512 0.028321104738294529 -0.036997602855361862 0.013686856880498531 0.054645371757497098 0.05366785815522615 0.056104651313414536 0.043173670613207774 0.01449650731350325 -0.045596222529490305 0.061910136042717771
leaf_weight=49.537083124741912 4.2301020077429774 695.88791969441809 78.099180623888969 16.103039730805904 5.2369921747595063 15.207170739769934 1.3814830174669648 7.6451490912586442 63.444494318217039 33.730577960144728 12.52022583526559 12.639846193604169 42.717239644378424 4.8775045620277515 8.1573844521772134 73.874743895139545 3.8102516462095073 2.0232502389699212 39.289913717657328 21.675547927618027 19.646094929426908 6.3084303215146091 10.518075641244648 333.01127506420016 102.61594446003437 28.442269846796989 9.66024670191109 22.658700540661812 20.046283924253657 1.7078252732753751
leaf_count=547 343 85897 331 1878 254 73 67 78 217 4365 216 72 173 51 619 506 87 17 130 90 87 74 68 848 369 93 47 327 1973 11
internal_value=7.37666e-10 -0.0458778 0.0418416 -0.04946 0.0213586 -0.00559097 -0.00320749 0.0476876 0.0351924 -0.0519126 -0.032006 0.0328285 0.0351845 -0.0281078 -0.0334589 0.0277093 0.0236875 -0.00961663 0.0257968 0.0189149 0.0229736 0.0128031 -0.00531527 0.0515717 0.0466779 0.0399455 0.0195954 0.0101208 -0.0364783 -0.0056966
internal_weight=1746.7 833.167 913.538 783.63 202.841 41.4908 64.5621 710.696 168.528 742.139 46.2508 138.279 133.042 30.8617 26.2837 90.3248 77.685 10.1806 105.083 65.7933 58.1481 36.4726 16.8265 542.169 209.157 106.541 33.7004 24.0402 25.9842 5.93793
internal_count=99908 93612 6296 93065 3911 2587 2819 2385 744 90478 4581 1092 838 2378 2514 665 593 636 527 397 319 229 142 1641 793 424 441 394 2327 354
is_linear=0
shrinkage=0.05


Tree=23
num_leaves=31
num_cat=0
split_feature=7 6 1 8 0 8 12 5 10 8 8 12 1 6 6 1 2 2 0 13 2 12 2 13 1 7 2 0 0 0
split_gain=1229.42 63.9215 43.5025 33.0978 26.6341 20.9433 13.7025 11.173 10.2157 8.32564 7.26497 5.93815 5.57076 5.15048 4.99481 5.61293 4.34106 3.28954 4.4632 3.10689 3.04531 2.84242 2.72796 3.08801 2.69663 2.65673 11.8384 3.3941 2.47964 2.68545
threshold=0.70620205998420726 1.0000000180025095e-35 0.90645834803581249 0.18019481003284457 0.836786448955536 0.48913043737411505 1.5000000000000002 1.0000000180025095e-35 1.0000000180025095e-35 0.61721614003181469 0.84807693958282482 5.5000000000000009 0.84028983116149913 0.49700556695461279 0.59384471178054821 0.95713412761688244 0.57738095521926891 0.080128207802772536 0.64174234867095958 1.0000000180025095e-35 0.77500000596046459 5.5000000000000009 0.93750000000000011 5.5000000000000009 0.855400711297989 0.5275399684906007 0.73214286565780651 0.92390406131744396 0.88989898562431347 0.7897985875606538
decision_type=2 2 2 2 2 2 2 2 2 2 2 2 2 2 2 2 2 2 2 2 2 2 2 2 2 2 2 2 2 2
left_child=1 24 5 14 16 7 -4 12 9 13 11 -7 17 -8 25 -16 -5 18 -2 -13 -11 -22 23 -15 -1 -3 27 -27 29 -25
right_child=2 3 6 4 -6 10 8 -9 -10 20 -12 19 -14 22 15 -17 -18 -19 -20 -21 21 -23 -24 28 -26 26 -28 -29 -30 -31
leaf_value=-0.030599811742194762 -0.032201432283035208 -0.053215669288789347 0.053031015245595572 -0.042792304587884598 0.036519711818254891 0.030731934797733743 0.043983564940231923 0.01794369747041967 0.049217625185698222 0.044107533087005532 0.050698523968106007 -0.055541840497214112 0.013300637485279238 -0.0056680979714816776 -0.054582149059925825 0.045795643227909431 0.011348052054559063 -0.046605429131866036 0.062059322948119555 0.0071848364113287671 0.040103750443529408 -0.0090332599057603123 0.053904649731566424 0.028709193361752677 0.013384038807686583 -0.053463726011099402 0.0314391247789036 0.041402264363059417 0.039079250801188362 -0.013414587851582388
leaf_weight=3.7762221517041317 4.1761392923072043 636.70182017958723 397.55629524588585 32.64723975781817 18.778072196058929 77.116819736547768 13.669014388695357 30.550807937048376 122.41605516150594 72.173406343907118 35.947377365082502 2.21598185412586 7.4772107060998669 25.137677073478699 2.8146722079254678 2.7566898129880428 4.1760960682295254 18.258012098493055 1.7958402950316665 18.082839161623269 6.181472182273863 5.6179975233972073 3.2574490532279006 7.2142558041960019 45.152756473049521 31.544977559940889 5.0809412579983464 0.97190282540395756 9.6085371710360032 7.9563176073133945
leaf_count=155 349 83867 1165 3895 134 553 68 401 469 284 153 47 87 152 349 16 122 1970 12 339 30 39 10 49 392 4564 101 17 41 78
internal_value=3.18952e-10 -0.0453487 0.0410563 -0.0490302 -0.0119402 0.0203095 0.0471066 -0.00363496 0.0384866 0.0297763 0.0314875 0.0243985 -0.0244266 0.016609 -0.0520635 -0.00491558 -0.0366523 -0.036069 -0.00385618 0.00033709 0.0402576 0.0167085 0.00957208 0.00667904 0.00998947 -0.052453 -0.0395377 -0.0506283 0.0192049 0.00661707
internal_weight=1650.81 784.401 866.41 735.472 55.6014 195.621 670.788 62.258 273.232 150.816 133.363 97.4156 31.7072 66.8433 679.871 5.57136 36.8233 24.23 5.97198 20.2988 83.9729 11.7995 53.1742 49.9168 48.929 674.3 37.5978 32.5169 24.7791 15.1706
internal_count=99908 93612 6296 93065 4151 3911 2385 2819 1220 751 1092 939 2418 398 88914 365 4017 2331 361 386 353 69 330 320 547 88549 4682 4581 168 127
is_linear=0
shrinkage=0.05


Tree=24
num_leaves=31
num_cat=0
split_feature=7 6 1 8 2 8 12 4 7 0 7 6 1 2 10 8 2 13 8 1 12 2 1 1 2 0 0 2 10 6
split_gain=1128.47 62.7096 40.4486 30.8996 23.3296 19.5361 13.9753 12.4172 9.80767 6.79128 6.33764 4.88015 5.21498 3.77715 4.44399 4.43514 3.4071 3.6211 4.50778 3.53139 3.23916 3.22926 3.22245 3.20655 3.18643 3.39733 3.11031 4.73715 2.79708 2.73715
threshold=0.70620205998420726 1.0000000180025095e-35 0.90645834803581249 0.18019481003284457 0.44949495792388922 0.48913043737411505 4.5000000000000009 1.0000000180025095e-35 0.99783548712730419 0.46247655153274542 0.99783548712730419 0.59384471178054821 0.95713412761688244 0.93750000000000011 1.0000000180025095e-35 0.76330533623695385 0.10555555671453477 1.0000000180025095e-35 0.58957219123840343 0.73942822217941295 6.5000000000000009 0.57738095521926891 0.92907443642616283 0.77303028106689464 0.080128207802772536 0.64174234867095958 0.60922586917877208 0.095454547554254546 1.0000000180025095e-35 0.39513565599918371
decision_type=2 2 2 2 2 2 2 2 2 2 2 2 2 2 2 2 2 2 2 2 2 2 2 2 2 2 2 2 2 2
left_child=1 -1 5 11 26 7 13 23 -8 -7 16 -3 -13 14 15 21 -11 18 -18 -19 -6 -4 -23 24 25 -2 -5 -28 -9 -15
right_child=2 3 6 4 20 9 8 28 -10 10 -12 12 -14 29 -16 -17 17 19 -20 -21 -22 22 -24 -25 -26 -27 27 -29 -30 -31
leaf_value=0.0100576702801658 -0.030997651109900749 -0.052167520770322641 0.048053986871498533 -0.054045286233845795 0.031667405456203217 -0.025456844503737946 0.023797812275020733 0.0084987503034718026 0.0500846711648473 0.05140995967226674 0.050216410692878181 -0.054221634549726207 0.044502737358880329 0.019705086342518857 0.053079181420406144 0.055739768011565917 0.039446368452606004 -0.006254493881225078 -0.047108461145110712 0.029418446012679469 -0.03890046068068842 -0.0157188399337372 0.028550542384733507 -0.0028145749189753422 -0.052224731643495392 0.058203161457913988 0.05831330991821651 -0.033429490183044239 0.041517797768151274 0.054866120431533306
leaf_weight=48.599091577343643 3.9619229612872067 631.32527907355689 20.719430960714817 17.962444759788927 20.991697377059612 5.1102930195629588 98.226112447679043 23.136035453993827 55.551306296139956 11.180367517285047 38.371312271803617 2.6410068788100025 2.7105100667104125 5.6443823352456084 90.330129068344831 25.214107487350702 2.4268627278506747 7.8643536209128788 3.9568200604990125 58.8701659925282 1.7626884330529708 4.5045187659561625 47.023472025990486 8.6962866801768524 13.746245040092615 1.4610823113471267 1.6162256645038713 10.872486002510412 8.8738395031541568 285.51796817034483
leaf_count=547 343 88549 74 2505 259 254 527 394 217 72 173 349 16 15 369 93 15 216 53 309 116 37 220 183 1841 11 18 1253 47 833
internal_value=-2.32324e-10 -0.0448383 0.0403618 -0.0487055 -0.0121006 0.0199753 0.046408 -0.00359232 0.0332938 0.0310187 0.0333714 -0.0517645 -0.00421835 0.0506185 0.0450897 0.0376848 0.0257038 0.0217731 -0.0142032 0.0252146 0.0262008 0.0313837 0.0246806 -0.0279966 -0.0394207 -0.0069649 -0.0407209 -0.0215566 0.0176524 0.0541845
internal_weight=1558.87 738.481 820.387 689.882 53.2055 187.656 632.731 59.8754 153.777 127.78 122.67 636.677 5.35152 478.954 187.792 97.4615 84.2986 73.1182 6.38368 66.7345 22.7544 72.2474 51.528 27.8655 19.1693 5.42301 30.4512 12.4887 32.0099 291.162
internal_count=99908 93612 6296 93065 4151 3911 2385 2819 744 1092 838 88914 365 1641 793 424 665 593 68 525 375 331 257 2378 2195 354 3776 1271 441 848
is_linear=0
shrinkage=0.05


Tree=25
num_leaves=31
num_cat=0
split_feature=8 6 1 4 2 10 6 8 6 1 13 2 1 12 2 10 1 2 12 0 8 8 0 2 13 12 8 1 6 6
split_gain=1024.12 61.8212 60.046 32.9209 19.9428 17.6384 13.2882 9.76063 8.47262 7.88003 7.08162 6.69193 6.06809 6.06021 5.33227 5.27129 4.36064 3.93743 4.10601 3.87687 3.73777 3.34151 2.78567 2.75809 2.65103 2.4923 2.48411 7.08695 2.46986 2.32914
threshold=0.21240601688623431 1.0000000180025095e-35 0.81892696022987377 1.0000000180025095e-35 0.93750000000000011 1.0000000180025095e-35 0.59384471178054821 0.61721614003181469 0.82621711492538463 0.90645834803581249 64.500000000000014 0.087121214717626586 0.92031747102737438 4.5000000000000009 0.44949495792388922 1.0000000180025095e-35 0.9833287000656129 0.77500000596046459 5.5000000000000009 0.63211598992347728 0.054804805666208274 0.32200460135936743 0.87298336625099193 0.36931818723678594 6.5000000000000009 5.5000000000000009 0.15707236528396609 0.92403846979141246 0.80866709351539623 0.78696113824844371
decision_type=2 2 2 2 2 2 2 2 2 2 2 2 2 2 2 2 2 2 2 2 2 2 2 2 2 2 2 2 2 2
left_child=1 25 3 8 5 7 10 13 -2 -8 26 -5 -12 28 15 21 -15 22 -19 -16 -14 -13 29 24 -23 -1 -3 -28 -4 -9
right_child=2 6 4 11 -6 -7 9 17 -10 -11 12 14 20 16 19 -17 -18 18 -20 -21 -22 23 -24 -25 -26 -27 27 -29 -30 -31
leaf_value=0.013721118725035959 -0.040701535797625019 -0.052224658169308241 0.031760098115104766 0.053751483000529211 0.05382673063625637 0.048118244286723358 -0.046756426423749123 0.042710450362240616 0.0078833428540619806 0.036451830749250465 -0.054296932224882681 -0.048327057509170782 -0.037509423284758571 -0.029175516626222021 0.056039384839711048 0.033091410716868233 0.010103043164970831 0.034679415966874912 -0.037110519736863211 0.010908238410285537 0.049079123779870039 -0.017129868247182302 0.049754076276530147 -0.054039952757231571 0.035323694615082925 -0.019471378802737482 -0.050364081068022759 0.019552312724800274 0.012106307375788978 0.023768930789272669
leaf_weight=41.174942464567721 34.546354554826394 578.11332403775305 48.068247040268034 17.396399267017841 281.84279526397586 182.54207162605599 4.7901742618996632 32.866430420428514 12.122057551983742 7.0081732198596001 4.4141472196206433 5.0461271166568649 1.7801626219879834 9.2801902010105533 11.264290017075838 9.0239319317042845 29.616965205874294 4.6318117156624776 3.4943633154034615 8.2389513636007887 4.156053529586643 4.4491162835620326 43.094534102827311 1.9398107398301352 5.2527200388722122 6.5558038484305134 16.106112881912853 4.676913555013015 23.94982373341918 32.061709403991699
leaf_count=395 4096 86725 288 111 904 815 651 127 302 46 694 534 180 224 47 57 239 25 32 89 46 89 191 21 59 152 2368 97 129 175
internal_value=-1.89084e-10 -0.0456732 0.0381467 0.00370541 0.04359 0.0365462 -0.0498876 0.0272432 -0.0280817 0.00266896 -0.0509054 0.0273985 -0.00990033 0.0166349 0.0172592 0.00230462 0.000731856 0.0373735 0.00380879 0.0369742 0.0231128 -0.0143434 0.0398985 0.000387009 0.0112693 0.00916214 -0.0516141 -0.0346304 0.0252242 0.0333571
internal_weight=1469.5 668.776 800.729 109.28 691.449 409.606 621.045 227.064 46.6684 11.7983 609.247 62.6113 10.3504 110.915 45.2149 25.7117 38.8972 116.149 8.12618 19.5032 5.93622 16.6878 108.023 11.6416 9.70184 47.7307 598.896 20.783 72.0181 64.9281
internal_count=99908 91354 8554 5405 3149 2245 90807 1430 4398 697 90110 1007 920 880 896 760 463 550 57 136 226 703 493 169 148 547 89190 2465 417 302
is_linear=0
shrinkage=0.05


Tree=26
num_leaves=31
num_cat=0
split_feature=8 6 1 4 2 10 6 8 2 2 0 1 13 2 12 1 12 10 0 2 6 12 0 8 1 12 6 13 6 5
split_gain=938.494 59.3635 55.3623 28.4215 20.117 16.8437 12.2912 9.48013 7.774 9.46043 7.5957 7.06782 6.29752 5.95257 5.18776 4.80204 4.0724 4.88957 3.62711 4.98949 3.32679 3.1598 4.7373 3.08878 7.47189 3.03546 2.70894 2.60901 2.51318 2.78661
threshold=0.21240601688623431 1.0000000180025095e-35 0.81418704986572277 1.0000000180025095e-35 0.93750000000000011 1.0000000180025095e-35 0.59384471178054821 0.67543861269950878 0.44949495792388922 0.074175827205181136 0.54923510551452648 0.90645834803581249 68.500000000000014 0.087121214717626586 4.5000000000000009 0.93643954396247875 5.5000000000000009 1.0000000180025095e-35 0.70438539981842052 0.31666667759418493 0.50641131401062023 8.5000000000000018 0.70064935088157665 0.15707236528396609 0.92031747102737438 12.500000000000002 0.80866709351539623 41.500000000000007 0.93728145956993114 1.0000000180025095e-35
decision_type=2 2 2 2 2 2 2 2 2 2 2 2 2 2 2 2 2 2 2 2 2 2 2 2 2 2 2 2 2 2
left_child=1 -1 3 8 5 7 12 14 9 10 25 -8 23 -5 26 -14 18 -18 19 -15 -16 -9 -23 -3 -25 -2 -4 -26 29 -22
right_child=2 6 4 13 -6 -7 11 21 -10 -11 -12 -13 15 16 20 -17 17 -19 -20 -21 28 22 -24 24 27 -27 -28 -29 -30 -31
leaf_value=0.0087499731815548557 -0.050651488966583204 -0.051966304150072321 0.031992960138534351 0.052626438004782741 0.053472386545359768 0.047285829960751334 -0.046149123086544626 0.043468879037512599 0.042016234149677846 -0.051142591402306481 0.047448892847314517 0.034759372260402065 -0.054039745476630478 -0.041487154206919293 0.032589611661529204 0.026350131666234816 -0.03896063363840524 0.038832441056484757 -0.0012696241498595033 0.043985448284057635 -0.037507748767014432 0.043042959419257801 -0.011364824015902475 -0.049584966939007109 -0.014450155268455679 0.011621389892274778 0.013574044445388279 0.058024368293515864 0.047115759175156174 0.00080483670576681594
leaf_weight=47.105924057774246 5.6194034270010871 541.12710800359491 54.374998288229108 15.705254351720212 262.45738096535206 173.37603843025863 4.5169870154932124 73.241976130753756 3.7071086955256751 26.501172832911834 5.221506569068878 6.7072672881186008 3.0981041556224218 1.8733943435363531 8.5572739313356561 4.6395699740387499 6.0771994898095709 3.025486440397799 9.1483327238820475 19.273069189395756 5.6551948981359592 9.0868234448134917 7.1479832716286174 14.92593318433501 2.5241247634403399 3.0024698921479285 31.542155284434557 2.4442852069623768 2.4404561258852473 29.522771571297199
leaf_count=547 572 86978 331 107 904 823 651 328 29 3590 72 46 509 118 93 149 453 23 146 136 127 41 53 2369 89 129 175 16 14 290
internal_value=-1.43533e-10 -0.0452303 0.0374901 0.00266313 0.042743 0.0356129 -0.0496145 0.0264789 -0.0272762 -0.0336433 -0.000143287 0.00219929 -0.0506371 0.026598 0.0179668 -0.00583735 0.0162222 -0.0131043 0.0250339 0.0364133 0.0044506 0.0390452 0.0190879 -0.0512549 -0.0319059 -0.0289657 0.025231 0.0212048 -0.00195034 -0.00535428
internal_weight=1383.65 627.089 756.557 99.1544 657.403 394.946 579.983 221.57 44.0517 40.3446 13.8434 11.2243 568.759 55.1027 132.093 7.73767 39.3975 9.10269 30.2948 21.1465 46.1757 89.4768 16.2348 561.021 19.8943 8.62187 85.9172 4.96841 37.6184 35.178
internal_count=99908 91354 8554 5375 3179 2275 90807 1452 4392 4363 773 697 90110 983 1030 658 876 476 400 254 524 422 94 89452 2474 701 506 105 431 417
is_linear=0
shrinkage=0.05


Tree=27
num_leaves=31
num_cat=0
split_feature=7 6 1 7 0 8 2 7 4 2 8 2 12 12 12 1 5 6 13 12 2 10 10 8 2 1 13 13 13 1
split_gain=877.131 54.1876 33.2837 27.5399 27.1431 14.5437 13.6701 11.1059 9.48101 7.85303 6.8015 5.04286 4.70019 4.54873 4.42751 4.03312 3.83123 3.55415 3.7364 3.44522 7.08089 3.33313 2.9746 2.97446 2.92667 5.50343 2.73587 2.7269 2.60816 2.59807
threshold=0.71654227375984203 0.21089696139097217 0.90645834803581249 0.55013227462768566 0.87007671594619762 0.48913043737411505 0.93750000000000011 0.99783548712730419 1.0000000180025095e-35 0.77500000596046459 0.82085561752319347 0.64583334326744091 8.5000000000000018 3.5000000000000004 5.5000000000000009 0.855400711297989 1.0000000180025095e-35 0.60041153430938732 3.5000000000000004 10.500000000000002 0.73214286565780651 1.0000000180025095e-35 1.0000000180025095e-35 0.69615384936332714 0.57738095521926891 0.92907443642616283 3.5000000000000004 13.500000000000002 41.500000000000007 0.77303028106689464
decision_type=2 2 2 2 2 2 2 2 2 2 2 2 2 2 2 2 2 2 2 2 2 2 2 2 2 2 2 2 2 2
left_child=1 15 5 -3 11 8 7 9 29 12 13 -5 21 -7 22 -1 -14 18 -6 20 -18 23 -11 24 -4 -26 -16 -20 -29 -2
right_child=2 3 6 4 17 10 -8 -9 -10 14 -12 -13 16 -15 26 -17 19 -19 27 -21 -22 -23 -24 -25 25 -27 -28 28 -30 -31
leaf_value=-0.036169581857385481 -0.037882819912132833 -0.05181330453727389 0.045848252971843861 -0.0437073085907662 -0.052609353380909045 0.030591441111429359 0.053944254450914234 0.052470874623025812 0.016851998521030368 0.0083324591122898965 0.047582215622126112 0.021984538134305585 -0.022770104185717423 0.0054680670337628363 0.015769659784563583 0.011930482809874552 0.029326548814650695 0.049870659047230842 0.042607886288921162 0.037269043932301002 -0.067815379719652874 0.049212689299459433 0.055593774265156909 0.047900858446222883 -0.03721332332658548 0.025906481700767422 -0.034265759060695178 -0.048623229815845749 0.031240751043105131 -0.0028608385484598254
leaf_weight=4.8359777494333676 15.547575730131941 496.42326006107032 15.379790645092724 45.040187281207182 2.0210148561745909 47.672679028939456 238.43721402436495 87.523853149265051 28.65690043522045 9.9762679561972636 35.453876707702875 3.1240509243216357 4.8955542910844079 28.96217399649322 4.2133885324001294 44.094813199248165 6.0846566446125525 9.82063095923513 6.2162428167648596 18.860932540148497 2.7120578661561012 51.231059480458498 4.9969268590211859 23.969898641109467 3.7743808925151816 40.603020586073399 7.7703910954296589 2.1110445726662874 1.9821594539098439 8.0308685025665891
leaf_count=369 2031 85826 64 6869 32 382 869 408 402 51 192 61 53 518 32 521 35 49 49 90 31 271 22 105 44 224 69 41 24 174
internal_value=-3.34545e-10 -0.0433065 0.0389374 -0.0476651 -0.018379 0.0193196 0.0451316 0.0376801 -0.00247026 0.0310233 0.0294741 -0.0394464 0.035054 0.0210967 0.00597657 0.00717661 0.0180007 0.0274287 0.00955479 0.0252173 -0.000622648 0.0391674 0.0241047 0.0330208 0.0270522 0.020538 -0.0166738 0.0217412 -0.0099486 -0.0259543
internal_weight=1300.42 615.669 684.753 566.739 70.3153 164.324 520.429 281.992 52.2353 194.468 112.089 48.1642 167.511 76.6349 26.957 48.9308 32.5532 22.1511 12.3305 27.6576 8.79671 134.958 14.9732 83.7271 59.7572 44.3774 11.9838 10.3094 4.0932 23.5784
internal_count=99908 93841 6067 92951 7125 3699 2368 1499 2607 1091 1092 6930 917 900 174 890 209 195 146 156 66 708 73 437 332 268 101 114 65 2205
is_linear=0
shrinkage=0.05


Tree=28
num_leaves=31
num_cat=0
split_feature=7 6 2 8 7 0 1 4 12 2 2 1 7 1 2 2 0 2 5 13 7 12 4 2 7 7 6 0 0 12
split_gain=796.222 54.8938 32.6803 28.0915 25.724 18.0837 13.3209 12.3097 6.96481 5.88306 4.48816 4.14428 3.85985 12.4408 3.50794 3.47236 3.36593 3.36465 4.36024 3.9537 3.15862 3.1346 3.06571 2.5255 2.47404 3.11477 2.33447 2.32724 2.26035 2.09155
threshold=0.71654227375984203 0.21089696139097217 0.93750000000000011 0.18019481003284457 0.99783548712730419 0.88273492455482494 0.75716626644134533 1.0000000180025095e-35 4.5000000000000009 0.080128207802772536 0.64583334326744091 0.89825496077537548 0.5275399684906007 0.92403846979141246 0.10555555671453477 0.57738095521926891 0.54923510551452648 0.77500000596046459 1.0000000180025095e-35 2.5000000000000004 0.92380261421203624 12.500000000000002 1.0000000180025095e-35 0.57738095521926891 0.96794739365577709 0.81517440080642711 0.59384471178054821 0.88989898562431347 0.74646764993667614 5.5000000000000009
decision_type=2 2 2 2 2 2 2 2 2 2 2 2 2 2 2 2 2 2 2 2 2 2 2 2 2 2 2 2 2 2
left_child=1 15 4 12 6 10 7 9 11 16 22 -8 26 -14 -9 27 21 18 24 -19 -21 -2 -5 -13 25 -10 -3 -1 -15 -16
right_child=2 3 -4 5 -6 -7 8 14 17 -11 -12 23 13 28 29 -17 -18 19 -20 20 -22 -23 -24 -25 -26 -27 -28 -29 -30 -31
leaf_value=-0.030990344705500841 -0.055602944680879222 -0.052290785945261369 0.053734536751781484 -0.050054209097685758 0.050468070689449189 0.034727946820227944 0.022067769589733676 0.05179782293218721 -0.052947572612194453 -0.051566138828037837 0.031339875766774931 0.048777746280448009 -0.052473386467946283 -0.05652556648672194 0.019134445058645411 0.016153928519259998 0.044230895068101184 0.032865198448634607 0.025682755807250397 -0.055897937791133979 -0.00010583780405146943 0.019265877207697263 -0.017471764283218477 0.032988218727674844 -0.049243416451784705 0.014768379732460649 0.032844048277248156 0.015922338650057842 0.028565950857274369 -0.030079481853897035
leaf_weight=7.7938278964720649 3.0341611492913234 449.00293816346675 220.85584861785173 18.062528456561267 112.99253388866782 15.001277486793695 59.740795066114515 7.3859685435891178 1.982376857195052 12.811807078775017 2.6083635799586764 38.356645930558443 23.514037849963646 0.87495160335674693 9.9727798039093596 36.260631474666297 3.034112679772079 4.6405041292309752 66.424380742479116 4.2389795258641225 6.3176447786390781 2.5926501764915884 12.026216309284793 74.54017991758883 2.4724246971309176 11.845498912036417 0.80666364962234993 4.000626872992143 7.2255734889768064 2.7553872070275238
leaf_count=457 352 83526 869 3056 609 97 437 60 109 1941 33 194 4758 111 103 381 38 23 447 52 43 88 1173 434 23 129 28 52 169 116
internal_value=2.82108e-10 -0.0426779 0.0381315 -0.0473249 0.0300258 -0.010724 0.022626 -0.00371974 0.0266756 -0.030048 -0.0315771 0.0327173 -0.0509512 -0.0340638 0.0243868 0.00848854 0.00178306 0.0160238 0.0199963 -0.00560025 -0.022509 -0.0211058 -0.0370313 0.0383527 -0.00317625 0.00506056 -0.0521381 -0.0150778 0.0193751 0.00848064
internal_weight=1223.17 577.178 645.995 529.123 425.139 47.6984 312.146 41.5869 270.559 21.4727 32.6971 172.638 481.424 31.6146 20.1141 48.0551 8.66092 97.9218 82.7247 15.1971 10.5566 5.62681 30.0887 112.897 16.3003 13.8279 449.81 11.7945 8.10053 12.7282
internal_count=99908 93841 6067 92951 5198 4359 4589 2698 1891 2419 4262 1065 88592 5038 279 890 478 826 708 118 95 440 4229 628 261 238 83554 509 280 219
is_linear=0
shrinkage=0.05


Tree=29
num_leaves=31
num_cat=0
split_feature=7 6 1 7 0 7 2 7 7 10 10 2 1 2 0 2 2 0 12 12 12 7 10 1 5 12 2 4 0 6
split_gain=727.63 51.0289 34.3258 23.4907 22.4687 14.3561 13.3334 10.1265 7.5095 6.19145 5.44678 3.90259 3.8639 3.86386 3.84208 3.59755 5.29981 4.52838 3.77201 3.58006 3.37339 3.34002 3.26609 3.07545 2.79794 2.7141 3.23819 3.27723 2.54483 2.52412
threshold=0.70620205998420726 0.21089696139097217 0.90645834803581249 0.55013227462768566 0.87007671594619762 0.82793453335762035 0.93750000000000011 0.99783548712730419 0.99783548712730419 1.0000000180025095e-35 1.0000000180025095e-35 0.44949495792388922 0.86616915464401256 0.77500000596046459 0.89512962102890026 0.080128207802772536 0.31666667759418493 0.58280590176582348 12.500000000000002 5.5000000000000009 10.500000000000002 0.95904389023780834 1.0000000180025095e-35 0.81892696022987377 1.0000000180025095e-35 8.5000000000000018 0.6904762089252473 1.0000000180025095e-35 0.90521115064620983 0.69670170545578014
decision_type=2 2 2 2 2 2 2 2 2 2 2 2 2 2 2 2 2 2 2 2 2 2 2 2 2 2 2 2 2 2
left_child=1 23 5 -3 22 10 7 9 14 13 11 28 -13 25 15 17 24 18 -7 -11 -18 -21 -5 -1 -17 -4 27 -27 -2 -15
right_child=2 3 6 4 -6 8 -8 -9 -10 19 -12 12 -14 29 -16 16 20 -19 -20 21 -22 -23 -24 -25 -26 26 -28 -29 -30 -31
leaf_value=-0.04377102602506034 -0.050061690452160836 -0.05147411108623115 0.030414316541665171 -0.042048477206427376 0.029731534240436588 -0.058240059102917421 0.0534411686471453 0.051631739307279614 0.045484431933501421 0.050324274981283418 0.031078860262736541 0.030522271917523033 -0.04548216148135921 0.023921126832609236 0.050792570204772805 -0.050672214076770195 0.016722420540593742 0.055096559051717536 0.033252408603073644 0.037980496786910296 -0.050442674701119156 -0.0043744996311158328 0.011401900690330924 0.010522292437822309 0.0011401782520160807 -0.029463317399660328 -0.036854057361378645 0.029968904508923061 0.056468207201633237 -0.017222103822872977
leaf_weight=2.7730666475836179 12.62674294994213 429.40450265887193 78.633624788373709 37.661366569111124 17.508766792947426 1.9169788383878756 205.83040416613221 75.892782710492611 29.535436559468508 43.63176565989852 4.5760700223036102 4.2755498616024843 2.7462982991710305 6.271866410970687 7.6380652077496043 4.9884369107894582 63.534994123736396 10.16711527481675 2.7320277192629874 16.291715066879991 1.9261506889015425 6.5162759125232688 3.0927284839563063 43.89575983339455 5.4548791106790304 2.8633174952119598 3.1780235841870299 12.213909640908241 0.58664876967668611 9.1901312209665758
leaf_count=317 1855 85826 439 6513 185 168 877 408 201 265 98 54 59 36 45 591 607 68 50 72 46 30 198 573 65 47 40 76 4 95
internal_value=-5.53933e-10 -0.042652 0.0371653 -0.0474319 -0.0176404 0.0166222 0.0439774 0.0363289 0.0233746 0.0298332 -0.0181844 -0.0293249 0.000796359 0.022678 0.0167354 0.0138681 0.00946905 0.0364046 -0.00447374 0.0419327 0.0147461 0.0258796 -0.0379923 0.00729618 -0.0236089 0.0263822 0.00901393 0.0186821 -0.045332 -0.000533132
internal_weight=1147.56 534.336 613.219 487.667 58.2629 152.705 460.514 254.683 127.894 178.791 24.8113 20.2352 7.02185 112.351 98.3586 90.7206 75.9045 14.8161 4.64901 66.4398 65.4611 22.808 40.7541 46.6688 10.4433 96.8889 18.2553 15.0772 13.2134 15.462
internal_count=99908 93612 6296 92722 6896 3911 2385 1508 1841 1100 2070 1972 113 733 1640 1595 1309 286 218 367 653 102 6711 890 656 602 163 123 1859 131
is_linear=0
shrinkage=0.05


Tree=30
num_leaves=31
num_cat=0
split_feature=7 6 1 7 2 10 7 1 8 7 0 2 0 10 6 0 12 0 2 0 12 1 10 1 6 8 2 12 13 8
split_gain=665.329 50.026 40.125 19.21 14.3184 10.6497 10.0228 15.0276 8.38677 7.23486 6.89263 5.56103 3.94385 3.43704 3.86668 3.26082 3.07328 3.9444 2.98097 2.94935 2.6894 2.64459 2.40872 2.34079 2.32164 2.90135 2.27782 3.83779 2.2605 2.24204
threshold=0.64418154954910289 0.21089696139097217 0.90645834803581249 0.82793453335762035 0.93750000000000011 1.0000000180025095e-35 0.5275399684906007 0.90366768836975109 0.8441295623779298 0.94360822439193737 0.8521554470062257 0.44949495792388922 0.89512962102890026 1.0000000180025095e-35 0.90125367045402538 0.64174234867095958 5.5000000000000009 0.86616915464401256 0.11805555596947671 0.70438539981842052 1.0000000180025095e-35 0.81892696022987377 1.0000000180025095e-35 0.83438816666603099 0.52839964628219616 0.41421568393707281 0.77500000596046459 5.5000000000000009 2.5000000000000004 0.71825397014617931
decision_type=2 2 2 2 2 2 2 2 2 2 2 2 2 2 2 2 2 2 2 2 2 2 2 2 2 2 2 2 2 2
left_child=1 21 3 10 5 9 -3 -8 12 20 11 22 13 14 15 -5 -11 -18 -17 -13 -4 -1 -2 -16 -20 -26 -7 -28 -9 -22
right_child=2 6 4 8 -6 26 7 28 -10 16 -12 19 -14 -15 23 18 17 -19 24 -21 29 -23 -24 -25 25 -27 27 -29 -30 -31
leaf_value=-0.042495430644248974 -0.046735714681615526 -0.051572447498934026 0.039267879798175441 -0.0092544802489202532 0.05318353641030811 0.049332548915645813 -0.045961796444818674 -0.034550157065820618 0.048497471031717275 0.04849449825368489 0.034551065949426529 0.037277490327663428 0.050327952221727507 0.028348352943757923 -0.0041442375331538764 0.055575652772638928 0.033611636625850615 -0.024115244807574009 0.04083083485797101 -0.024269270704245102 0.0097583234986201427 0.0094784945969309739 0.0050758881354034816 -0.059493882595715079 -0.046147947282679208 0.012410307234486426 0.055489280843754533 -0.00252697174978961 0.023988494416082209 0.046449472054045704
leaf_weight=2.5979063491104162 19.693839101470083 389.61758795619244 10.586032330989836 13.862087669200262 194.5695519046858 95.632202907465398 31.670916286762804 1.9068469188641746 25.531178917735815 34.886546861380339 5.1452773939818135 4.1218795550521454 7.8160383179783812 26.542698232689872 4.9682509927079064 4.8608012162148944 20.176776412874464 3.4677124917507163 6.5013436488807193 3.6882229978218675 63.344130901154131 42.283269116538577 2.5315799643285564 3.1033280305564404 2.2972098500467864 26.706352110253647 5.5510414429008943 5.8592987917363644 12.202937117079271 4.4564303979277602
leaf_count=317 3444 83905 59 722 899 569 6548 73 163 204 47 62 49 290 107 31 124 27 67 135 512 572 121 38 114 260 33 27 368 21
internal_value=-4.64515e-10 -0.0437911 0.0352944 0.0136359 0.0430668 0.0349982 -0.048972 -0.0268411 0.0230095 0.0257613 -0.0189205 -0.0280805 0.0162772 0.0132815 0.00686227 0.0116681 0.0390623 0.0251454 0.0188531 0.0082128 0.0158295 0.00647003 -0.0408341 -0.0254248 0.0138256 0.00777224 0.0468131 0.0256975 0.0160774 0.01217
internal_weight=1076.18 480.279 595.9 157.37 438.53 243.96 435.398 45.7807 122.189 136.918 35.1808 30.0355 96.6581 88.8421 62.2994 54.2278 58.531 23.6445 40.3657 7.8101 78.3866 44.8812 22.2254 8.07158 35.5049 29.0036 107.043 11.4103 14.1098 67.8006
internal_count=99908 91783 8125 5650 2475 1576 90894 6989 1841 947 3809 3762 1678 1629 1339 1194 355 151 472 197 592 889 3565 145 441 374 629 60 441 533
is_linear=0
shrinkage=0.05


Tree=31
num_leaves=31
num_cat=0
split_feature=7 6 1 8 2 7 7 0 4 8 10 0 8 2 0 0 8 2 2 8 0 0 13 12 13 6 6 8 0 6
split_gain=605.745 47.4384 39.0869 17.4196 13.7635 10.5311 10.4703 12.2948 8.73193 7.54944 6.14331 4.49236 3.79379 3.4717 3.41754 3.01918 3.44454 2.93148 4.01833 2.87904 2.82645 2.53896 3.02588 2.47079 2.35569 2.2505 3.28468 2.21382 2.46521 2.05331
threshold=0.64418154954910289 0.21089696139097217 0.90645834803581249 0.3717105239629746 0.93750000000000011 0.99783548712730419 0.55013227462768566 0.87298336625099193 1.0000000180025095e-35 0.8441295623779298 1.0000000180025095e-35 0.87007671594619762 0.73030304908752453 0.77500000596046459 0.43693181872367864 0.94185259938240062 0.69615384936332714 0.080128207802772536 0.31666667759418493 0.8441295623779298 0.6926884949207307 0.62767899036407482 1.0000000180025095e-35 4.5000000000000009 5.5000000000000009 0.68244633078575145 0.48161666095256811 0.21240601688623431 0.836786448955536 0.60041153430938732
decision_type=2 2 2 2 2 2 2 2 2 2 2 2 2 2 2 2 2 2 2 2 2 2 2 2 2 2 2 2 2 2
left_child=1 23 3 8 5 10 27 -8 -2 11 13 14 -12 15 -5 16 29 -16 20 -14 -19 -20 -23 -1 -9 26 -10 -3 -29 -4
right_child=2 6 4 9 -6 -7 7 24 25 -11 12 -13 19 -15 17 -17 -18 18 21 -21 -22 22 -24 -25 -26 -27 -28 28 -30 -31
leaf_value=0.011809121789718447 -0.043070005540068033 -0.051413408234581293 0.028925607260844807 -0.030691948935734261 0.053085086218536387 0.051512246244703068 -0.041377305757463255 -0.02732843950248337 0.022237239738230018 0.047104967067521042 0.047271113738914461 0.040560250488884578 0.00077604164607027409 -0.001878902479375054 0.040852683790735728 0.043149869440296973 0.037227045906051928 -0.047680072642733537 0.036485424994615143 0.055169406733300556 0.0091032535138876707 -0.039967994214246037 0.012924681061053676 -0.018785583000236469 0.035274981970673129 0.030163272035516438 -0.032424479718111784 -0.052702203962051178 0.048086479370171444 0.00690397105388324
leaf_weight=35.707344209193252 17.43768693250604 367.29954523756169 14.687508676666765 4.6830649902112773 179.85897215548903 65.747724294662476 24.953486367245205 1.8350519342347968 5.1595183766912687 24.189484544098377 46.535596354864538 15.090361122041939 8.763294564560054 14.785867204889653 8.5556436202023161 17.133941892534494 20.477165631949902 4.7743739807046932 10.777459145057945 3.3676120303571215 4.050894137006253 2.9019764550030223 39.62849663128145 8.0951315837446582 8.2958621592260879 6.5228432237636289 5.8808562522754073 1.2431373819708817 1.1850333390757439 37.897339622490108
leaf_count=535 2964 85556 154 458 899 408 4936 41 178 163 295 106 60 137 141 89 117 512 133 18 59 43 413 354 91 85 395 259 11 298
internal_value=6.51738e-11 -0.0432734 0.034734 0.0128679 0.0427297 0.0346106 -0.0486218 -0.0225177 -0.0180064 0.0222932 0.0278201 0.0156586 0.0407793 0.0205782 0.010673 0.0242596 0.0198296 0.0134134 0.009635 0.015876 -0.0216159 0.0148087 0.00931566 0.00615492 0.0239354 0.00687801 -0.00687932 -0.0510988 -0.00351376 0.0130548
internal_weight=1007.52 448.615 558.908 149.653 409.255 229.396 404.812 35.0844 35.0009 114.652 163.648 90.4623 58.6665 104.982 75.3719 90.196 73.062 70.6888 62.1332 12.1309 8.82527 53.3079 42.5305 43.8025 10.1309 17.5632 11.0404 369.728 2.42817 52.5848
internal_count=99908 91783 8125 5650 2475 1576 90894 5068 3622 2028 1168 1865 373 795 1759 658 569 1301 1160 78 571 589 456 889 132 658 573 85826 270 452
is_linear=0
shrinkage=0.05


Tree=32
num_leaves=31
num_cat=0
split_feature=7 6 1 8 2 10 7 1 4 8 8 10 0 2 2 8 2 1 8 6 6 0 2 13 8 2 6 7 8 6
split_gain=552.071 44.9944 36.5638 15.0713 13.5533 10.3193 10.1442 13.652 8.02631 6.40691 6.38058 4.51613 3.4524 3.22805 2.96635 2.76821 2.48342 3.53257 4.08113 3.31909 2.87843 2.67741 2.35897 2.31077 3.29021 2.26399 2.24173 1.98873 1.95281 1.86826
threshold=0.64418154954910289 0.21089696139097217 0.90645834803581249 0.3717105239629746 0.93750000000000011 1.0000000180025095e-35 0.5275399684906007 0.90366768836975109 1.0000000180025095e-35 0.82085561752319347 0.69615384936332714 1.0000000180025095e-35 0.54923510551452648 0.77500000596046459 0.080128207802772536 0.72474747896194469 0.57738095521926891 0.94185259938240062 0.48913043737411505 0.53528240323066723 0.50641131401062023 0.68457102775573742 0.6904762089252473 1.0000000180025095e-35 0.55050507187843334 0.57738095521926891 0.59384471178054821 0.89753684401512157 0.21240601688623431 0.37338866293430334
decision_type=2 2 2 2 2 2 2 2 2 2 2 2 2 2 2 2 2 2 2 2 2 2 2 2 2 2 2 2 2 2
left_child=1 25 3 8 5 10 26 -8 27 11 16 12 -5 -12 -14 23 21 18 19 -18 -19 -4 -22 -16 -25 -1 28 -2 -3 -6
right_child=2 6 4 9 29 -7 7 -9 -10 -11 13 -13 14 -15 15 -17 17 20 -20 -21 22 -23 -24 24 -26 -27 -28 -29 -30 -31
leaf_value=-0.014722339954604431 -0.046982183680739427 -0.051754173695332563 -0.0086239700230653065 -0.025153922148317055 0.015437313009524087 0.046648286966414876 -0.044774293946549401 0.017045222014621175 0.0071790845019557795 0.04295126071043006 0.043434185267384497 0.031961976269841527 0.04689443999594866 0.00039200539830383171 -0.035223906444213207 -0.023543558250661546 -0.00030147803914331353 0.042718741475011902 0.018796003164404149 -0.082136857941106228 0.023249372644867122 0.040822842255428093 -0.00065788084514913721 0.00059098848871179019 0.031050168656946587 0.01215218176258983 0.032608049204759904 0.015981156394334752 0.0035276258496395292 0.053688346699359325
leaf_weight=10.325102890841661 15.070835952530617 331.96180039498722 3.348150133155289 7.3658170308917752 3.2561679221689692 92.075551137328148 27.820219499175437 13.153051633154972 17.110693023307249 26.440430130809546 42.574831582605839 25.937564590247348 5.2969808126799753 4.8525310046970835 2.3881982618477187 6.2465757559984914 2.1392529555596393 8.4042591368779522 4.2255171723663807 2.9443090260028839 19.539051584899426 15.013975744601337 21.864235814660788 18.007463366608135 17.464813826605678 32.516668520285748 0.79433661280199785 1.3679606011137355 1.6052091217134137 162.50361107755452
leaf_count=509 2902 83714 57 725 18 629 6548 441 658 192 258 322 44 47 50 66 29 61 33 35 126 101 200 480 149 380 33 62 158 881
internal_value=3.06125e-10 -0.0428698 0.0341184 0.0125172 0.042172 0.0339483 -0.0484109 -0.0249293 -0.0167919 0.0215261 0.0245864 0.0146767 0.00677929 0.0390303 0.0115403 0.00729451 0.0157448 0.0107558 -0.0175161 -0.0476991 0.0160399 0.0318067 0.0106244 0.0123825 0.0155876 0.00567527 -0.0512884 -0.0417427 -0.0514881 0.0529369
internal_weight=943.615 418.176 525.439 142.697 382.741 216.982 375.335 40.9733 33.5495 109.148 124.906 82.7074 56.7698 47.4274 49.404 44.1071 77.4788 59.1166 9.30908 5.08356 49.8075 18.3621 41.4033 37.8605 35.4723 42.8418 334.361 16.4388 333.567 165.76
internal_count=99908 91783 8125 5650 2475 1576 90894 6989 3622 2028 947 1836 1514 305 789 745 642 484 97 64 387 158 326 679 629 889 83905 2964 83872 899
is_linear=0
shrinkage=0.05


Tree=33
num_leaves=31
num_cat=0
split_feature=7 6 1 2 7 10 7 1 8 4 7 6 12 12 6 12 6 10 6 8 6 7 6 2 4 1 8 7 12 8
split_gain=505.994 41.1918 32.8469 14.1378 13.6493 11.0014 9.46425 12.0413 6.14043 5.80009 5.46435 3.6968 3.36307 2.97079 3.42621 2.70517 2.69487 3.13164 2.30828 2.25016 2.06661 2.02879 2.01166 2.11495 2.81456 2.00362 1.90281 1.75133 3.57051 2.65505
threshold=0.64418154954910289 0.21089696139097217 0.89699381589889537 0.93750000000000011 0.78886163234710704 1.0000000180025095e-35 0.5275399684906007 0.90366768836975109 0.82085561752319347 1.0000000180025095e-35 0.94360822439193737 0.71241438388824474 2.5000000000000004 5.5000000000000009 0.78696113824844371 1.0000000180025095e-35 0.50802230834960949 1.0000000180025095e-35 0.48161666095256811 0.71825397014617931 0.59384471178054821 0.84243628382682811 0.49358868598937994 0.6904762089252473 1.0000000180025095e-35 0.92031747102737438 0.21240601688623431 0.99783548712730419 5.5000000000000009 0.61721614003181469
decision_type=2 2 2 2 2 2 2 2 2 2 2 2 2 2 2 2 2 2 2 2 2 2 2 2 2 2 2 2 2 2
left_child=1 25 4 5 9 10 20 -8 12 -2 15 18 -6 -12 -15 -4 -14 21 -11 22 26 -18 -17 24 -24 -1 -3 28 -7 -30
right_child=2 6 3 -5 8 27 7 -9 -10 11 13 -13 16 14 -16 19 17 -19 -20 -21 -22 -23 23 -25 -26 -27 -28 -29 29 -31
leaf_value=-0.016527977669634871 -0.047099446372407767 -0.051649905976941447 0.039889742465790357 0.052858915138052777 0.02345333091005004 0.049729315306894985 -0.04422508405806741 0.015516446485015788 0.041729545651889723 0.01762382728694651 0.045592279921742383 0.047401094275054477 0.036353931615234966 0.037813966045428929 -0.003953128722167641 0.029102765995370761 -0.055137019138260447 0.019004779222686886 -0.03889326879024356 0.046356318668964454 0.031148468930685253 -0.0070960313419510535 -0.026197789929050058 -0.0095994025937039262 0.017783774329128404 0.010219777268399351 0.0042205578887449238 0.054754996552304536 0.043991237957404998 0.0058593057287221004
leaf_weight=8.9205021853558701 12.02791156549938 306.94077168905642 9.0686794128268939 152.26026928517967 39.328961819643155 35.853083418682218 26.062581216916442 12.47020763158798 23.866100063547492 3.0323137000668794 30.579524111002684 3.3079270636662841 5.3520216988399616 12.164549298584463 8.2332763969898206 9.6234937859699112 2.435809877933937 12.343883767724035 4.4695329358801246 4.1320047043263903 0.76056973217055102 22.474401781102642 4.1971445241943028 17.916268734261394 27.282778572291136 32.543116272077896 1.5315544633194793 35.870628846809268 8.1720084715634602 10.342151775956152
leaf_count=464 2665 83714 62 899 599 291 6548 441 179 153 218 34 133 79 74 108 438 205 390 22 33 772 69 177 189 425 158 265 40 64
internal_value=4.66754e-10 -0.0426414 0.033575 0.0412192 0.0118439 0.0329157 -0.0482579 -0.0248912 0.0194109 -0.0232117 0.0232005 0.00336784 0.0129099 0.0357342 0.0209553 0.0143535 0.00317742 -0.00158881 -0.0160486 0.0106864 -0.0511695 -0.0117937 0.00818913 0.00411468 0.0119198 0.00446525 -0.0513725 0.0461795 0.0405215 0.0226904
internal_weight=883.564 389.229 494.335 365.696 128.639 213.436 347.766 38.5328 105.801 22.8377 123.198 10.8098 81.9351 50.9773 20.3978 72.2204 42.6061 37.2541 7.50185 63.1517 309.233 24.9102 59.0197 49.3962 31.4799 41.4636 308.472 90.2379 54.3672 18.5142
internal_count=99908 91783 8125 2557 5568 1658 90894 6989 2326 3242 998 577 2147 371 153 627 1548 1415 543 565 83905 1210 543 435 258 889 83872 660 395 104
is_linear=0
shrinkage=0.05


Tree=34
num_leaves=31
num_cat=0
split_feature=8 7 1 0 2 7 1 7 7 2 1 2 4 12 0 2 12 12 1 1 0 2 6 8 6 1 6 2 2 13
split_gain=461.207 39.7412 33.0679 13.3972 12.033 9.91111 11.5973 9.2889 8.21945 7.48164 6.51866 6.2184 5.28032 5.18496 3.37234 2.27824 2.15676 2.06313 1.8524 1.84509 1.81266 2.76976 1.8866 1.83909 1.78549 1.76441 1.74817 5.01003 1.62941 2.6104
threshold=0.21240601688623431 0.22557927668094638 0.90645834803581249 0.53001201152801525 0.93750000000000011 0.55013227462768566 0.92031747102737438 0.99783548712730419 0.99783548712730419 0.080128207802772536 0.75716626644134533 0.44949495792388922 1.0000000180025095e-35 4.5000000000000009 0.89512962102890026 0.57738095521926891 9.5000000000000018 8.5000000000000018 0.71209660172462474 0.81892696022987377 0.73735308647155773 0.44949495792388922 0.45341086387634283 0.48913043737411505 0.76552855968475353 0.34851622581481939 0.5249113440513612 0.93750000000000011 0.77500000596046459 2.5000000000000004
decision_type=2 2 2 2 2 2 2 2 2 2 2 2 2 2 2 2 2 2 2 2 2 2 2 2 2 2 2 2 2 2
left_child=1 19 3 11 7 26 24 13 9 -5 12 25 -11 15 16 -4 20 -8 -14 -1 21 23 -22 -12 -7 -2 -3 -28 -15 -30
right_child=2 5 4 8 -6 6 17 -9 -10 10 14 -13 18 28 -16 -17 -18 -19 -20 -21 22 -23 -24 -25 -26 -27 27 -29 29 -31
leaf_value=-0.041083045054289821 -0.0034287077313760322 -0.051549955893706013 0.047851623847205198 0.049965735120746674 0.052597469287361448 -0.049810985082649112 0.021118224725416634 0.051083592130583381 0.048045889576428698 -0.051359600910137762 -0.059441837636407951 0.047947937813449241 0.015733238782013347 0.019599579110566489 0.048892344193533589 0.029297126515212026 -0.030227680294232534 -0.049697600133327482 -0.030254574024197102 0.0069611531878453611 0.048504297190501588 0.03458317676638771 0.003517164064567833 0.01405782976790736 0.044162707338337243 -0.047705872618822379 -0.051923847723319809 0.060829652807223702 0.032848154014563945 -0.017393676206822171
leaf_weight=2.1084529797080895 2.7326761321164694 285.61726184625877 24.1102240588516 11.544830764876677 139.91228137165308 17.58302094927058 11.772896547568964 53.049059199169278 19.19671637378633 7.547783815069125 1.3789252424612652 2.3169357199221841 7.9122695454279892 49.471513275755569 6.39943654090166 52.71855640411377 3.0542679864447555 1.126960020745172 3.0276155578903854 38.2767294626683 2.4967876174487165 15.538954145275056 34.985082142287865 2.2233492340892553 0.52041889820247789 12.737879074178634 3.6912041595205656 1.3438738540280608 3.8280288316309434 7.9638772029429674
leaf_count=292 192 84473 178 161 904 4634 166 408 165 1769 139 17 293 426 53 423 203 103 151 595 30 144 444 22 7 2317 1055 29 23 92
internal_value=4.58559e-10 -0.0422987 0.0329936 0.0119453 0.0414556 -0.0481686 -0.0212954 0.0333 0.0181759 0.0122097 0.00705526 -0.0284441 -0.0191893 0.0264683 0.0143982 0.0351199 0.0106993 0.0149316 0.0030061 0.00445283 0.0129069 0.0254255 0.0065139 -0.0140773 -0.0471095 -0.0398849 -0.0510351 -0.0218297 0.0156185 -0.00108358
internal_weight=826.188 362.041 464.147 133.094 331.054 321.656 31.0033 191.141 115.306 96.1093 84.5645 17.7875 18.4877 138.092 66.0768 76.8288 59.6774 12.8999 10.9399 40.3852 56.6231 19.1412 37.4819 3.60227 18.1034 15.4706 290.652 5.03508 61.2634 11.7919
internal_count=99908 91354 8554 6100 2454 90467 4910 1550 3574 3409 3248 2526 2213 1142 1035 601 982 269 444 887 779 305 474 161 4641 2509 85557 1084 541 115
is_linear=0
shrinkage=0.05


Tree=35
num_leaves=31
num_cat=0
split_feature=7 6 2 8 7 10 2 0 2 0 2 0 2 7 2 0 0 2 13 13 8 8 10 12 8 0 6 7 6 6
split_gain=418.252 34.3005 25.8242 21.9105 17.5906 10.3096 10.3043 5.25278 4.75776 3.57353 3.19101 3.07137 3.52492 2.9891 6.09548 4.09807 2.81334 2.78532 2.56301 2.54079 2.46889 2.79323 2.33733 2.22117 2.28677 2.18441 2.08856 1.95937 1.81444 1.7998
threshold=0.72792208194732677 0.21089696139097217 0.93750000000000011 0.18019481003284457 0.99783548712730419 1.0000000180025095e-35 0.44949495792388922 0.63453349471092235 0.31666667759418493 0.88273492455482494 0.087121214717626586 0.90070420503616344 0.57738095521926891 0.5275399684906007 0.73214286565780651 0.90521115064620983 0.60922586917877208 0.095454547554254546 6.5000000000000009 9.5000000000000018 0.73030304908752453 0.8441295623779298 1.0000000180025095e-35 12.500000000000002 0.44222222268581396 0.84273937344551098 0.50641131401062023 0.82793453335762035 0.59384471178054821 0.40749517083168035
decision_type=2 2 2 2 2 2 2 2 2 2 2 2 2 2 2 2 2 2 2 2 2 2 2 2 2 2 2 2 2 2
left_child=1 -1 4 13 5 7 16 8 23 19 -9 26 -13 28 15 -15 -5 -18 -14 20 -7 -22 29 -2 -25 -21 27 -12 -3 -19
right_child=2 3 -4 6 -6 9 -8 10 -10 -11 11 12 18 14 -16 -17 17 22 -20 25 21 -23 -24 24 -26 -27 -28 -29 -30 -31
leaf_value=0.0041878249115886029 -0.055982537899227337 -0.051451754100813811 0.053174962212844137 -0.052353490394692143 0.048012203102894897 0.042236878501697973 0.019271862463872979 0.055807370701717852 0.011815328088796545 0.051052412031490996 -0.0023523818393935631 0.047796540297355444 0.0026842956573926375 -0.05185375075940684 0.025487582706881857 0.03739159215114677 0.055753630636305729 0.025918053959183025 0.035637272202752264 -0.0045514214248213924 -0.0048130534596890987 0.046498765075491576 0.039351241715378016 -0.053859232282496255 0.021760245618884975 0.05168084745475994 0.0058653926915057811 0.042665851200930256 0.032268483189225372 -0.050509033136159613
leaf_weight=39.655266756890342 5.913576256833041 260.72723348235013 124.61598579026759 9.9796644402085821 68.994448035024107 25.014929193770513 17.446982321795076 4.7162174042314282 10.496135678375138 23.006895700469613 3.4886901683639717 12.338975332677363 15.592209866270425 15.457034100021707 3.8247825687285504 1.4030798554886121 1.2547576185315827 0.91652290732599784 9.493292570114134 9.0379878012463433 7.1770412251353246 4.20686249807477 1.1650897532235829 1.6608520224690435 2.5116727382410318 2.1350116841495028 76.858820295659825 7.868230301188305 0.64878575317561527 4.8289103537099436
leaf_count=891 1024 83526 864 2758 609 252 415 45 263 219 111 93 114 4925 106 29 19 82 66 173 66 25 52 358 110 17 1312 82 28 1274
internal_value=1.41545e-10 -0.0396577 0.0341341 -0.0451313 0.0259664 0.0191 -0.00816417 0.0117239 -0.0117499 0.0348743 0.0154303 0.0139146 0.025917 -0.049796 -0.0314992 -0.0444269 -0.0345448 -0.012779 0.0151549 0.0270502 0.0334523 0.014149 -0.0252226 -0.0362731 -0.0083397 0.00619382 0.00882275 0.0288369 -0.0512439 -0.0383172
internal_weight=772.436 357.308 415.128 317.653 290.512 221.517 35.5919 150.939 20.5822 70.5787 130.356 125.64 37.4245 282.061 20.6849 16.8601 18.1449 8.16528 25.0855 47.5718 36.3988 11.3839 6.91052 10.0861 4.17252 11.173 88.2157 11.3569 261.376 5.74543
internal_count=99908 94105 5803 93214 4939 4330 4600 3578 1755 752 1823 1778 273 88614 5060 4954 4185 1427 180 533 343 91 1408 1492 468 190 1505 193 83554 1356
is_linear=0
shrinkage=0.05


Tree=36
num_leaves=31
num_cat=0
split_feature=7 7 2 7 1 4 7 1 0 2 2 2 8 1 13 8 0 12 0 2 6 13 2 13 7 8 0 13 2 8
split_gain=378.184 36.2538 29.1699 19.4318 11.2151 8.52761 8.27431 9.06018 4.51042 3.70616 2.58188 2.57584 2.53852 2.29841 2.25622 2.28971 2.16525 2.36292 2.10221 1.90972 1.89674 3.06729 2.46297 2.30082 2.21535 2.06476 1.84231 1.62541 1.60746 1.59344
threshold=0.64418154954910289 0.22557927668094638 0.93750000000000011 0.99783548712730419 0.75716626644134533 1.0000000180025095e-35 0.5275399684906007 0.90366768836975109 0.88633695244789135 0.080128207802772536 0.10555555671453477 0.52777779102325451 0.1863425895571709 0.58578637242317211 11.500000000000002 0.39565217494964605 0.54923510551452648 12.500000000000002 0.63859337568283092 0.77500000596046459 0.49068179726600653 9.5000000000000018 0.77500000596046459 1.0000000180025095e-35 0.77621760964393627 0.65833333134651195 0.89512962102890026 2.5000000000000004 0.44949495792388922 0.21240601688623431
decision_type=2 2 2 2 2 2 2 2 2 2 2 2 2 2 2 2 2 2 2 2 2 2 2 2 2 2 2 2 2 2
left_child=1 -1 3 4 5 9 29 -8 12 16 -7 26 -6 18 15 -13 17 -2 -5 -17 -14 23 24 25 -23 -22 -10 -9 -11 -3
right_child=2 6 -4 13 8 10 7 27 11 28 -12 14 20 -15 -16 19 -18 -19 -20 -21 21 22 -24 -25 -26 -27 -28 -29 -30 -31
leaf_value=0.0043102859695859919 -0.054219970792815132 -0.051151520998164224 0.052550950020633896 -0.0424401341001166 -0.048188996084367053 0.047452556490176996 -0.04324057963475237 -0.034842916419681673 0.0051480454309686492 -0.052950140166650339 0.0035848861885631024 -0.010182504077977493 0.034405082613560699 0.04932572029515124 0.046721157917947731 0.031373666442796627 0.039334725857379703 0.016357026135799532 0.049133089097527075 0.0018192613475130417 0.025889169795614356 -0.044442895056306816 -0.073006422571764637 0.021144462866564774 0.0070535249964952433 -0.028944332789150387 0.050582329074825676 0.020114525463371523 0.055079534191743044 0.0036442369671433484
leaf_weight=38.169867151300423 2.5967143952148062 241.42034642811632 118.6501676896587 1.3342953165993088 1.5536403120495368 4.8483328516595057 21.010422520921566 1.5637279315851618 2.5186435226351049 11.522155634593215 10.883913733647203 5.692651590332388 12.723292275331913 61.63864915445447 9.1477063531056029 23.104716874659065 2.0599569976329803 2.1828755792230368 1.1818482019007204 7.1597541216760865 2.7600533831864587 2.3051563960034462 1.1388156246393908 77.287647833814844 22.21794174076058 4.5419639758765697 19.549033423885703 9.6360031779622641 0.35495349159464318 1.3340590620646242
leaf_count=887 479 83746 899 33 163 79 6548 73 22 3154 441 58 163 563 69 197 56 118 13 59 34 203 19 774 291 56 175 369 7 160
internal_value=1.49741e-10 -0.0413522 0.0316631 0.0231261 0.0162362 -0.0100301 -0.0476909 -0.0238796 0.0209562 -0.0328376 0.0171039 0.0313988 0.0153234 0.0474136 0.0245502 0.0189097 -0.00351786 -0.0219869 0.000572376 0.0243819 0.0161258 0.0140163 -0.00112516 0.0186098 0.00221289 -0.00821809 0.0453968 0.0124413 -0.0497216 -0.0508504
internal_weight=722.089 313.134 408.955 290.305 226.15 34.4489 274.965 32.2102 191.701 18.7167 15.7322 67.1725 124.529 64.1548 45.1048 35.9571 6.83955 4.77959 2.51614 30.2645 122.975 110.252 25.6619 84.5897 24.5231 7.30202 22.0677 11.1997 11.8771 242.754
internal_count=99908 91783 8125 7226 6617 4334 90896 6990 2283 3814 520 580 1703 609 383 314 653 597 46 256 1540 1377 513 864 494 90 197 442 3161 83906
is_linear=0
shrinkage=0.05


Tree=37
num_leaves=31
num_cat=0
split_feature=7 7 2 10 7 1 7 1 0 6 7 7 0 13 0 0 0 7 6 6 6 12 12 13 13 6 0 4 13 13
split_gain=341.107 34.7772 28.0596 19.8079 11.4671 9.63258 8.14752 8.36316 3.35442 3.72588 3.07517 3.33181 3.36283 2.6401 2.53908 2.05566 1.99494 1.78482 1.75788 1.74084 1.57252 1.54452 1.53496 1.5536 1.43853 1.33022 1.29088 1.53846 1.281 1.2881
threshold=0.64418154954910289 0.22557927668094638 0.93750000000000011 1.0000000180025095e-35 0.94360822439193737 0.75716626644134533 0.5275399684906007 0.90366768836975109 0.89512962102890026 0.846389800310135 0.99783548712730419 0.9765610694885255 0.88273492455482494 9.5000000000000018 0.81120249629020702 0.94185259938240062 0.84660634398460399 0.72792208194732677 0.39920319616794592 0.52839964628219616 0.59384471178054821 5.5000000000000009 1.0000000180025095e-35 4.5000000000000009 23.500000000000004 0.48161666095256811 0.29459981620311743 1.0000000180025095e-35 2.5000000000000004 17.500000000000004
decision_type=2 2 2 2 2 2 2 2 2 2 2 2 2 2 2 2 2 2 2 2 2 2 2 2 2 2 2 2 2 2
left_child=1 21 3 4 5 14 20 -8 9 -6 11 12 13 -5 26 17 -15 25 -4 -19 -3 -1 -17 -24 -21 -7 -2 -28 -9 -30
right_child=2 6 18 10 8 15 7 28 -10 -11 -12 -13 -14 16 -16 22 -18 19 -20 24 -22 -23 23 -25 -26 -27 27 -29 29 -31
leaf_value=0.0085275821065978318 0.024308938804216251 -0.050970753481592905 0.011329371404629474 0.036950850761556873 0.03350840677369718 0.0046753679639699878 -0.042542915720271912 -0.031138532156967588 0.047860822135930341 0.0044400432775856388 0.052408053662157339 0.001652832916176409 0.055081911272987262 -0.0045193334779548176 0.051829021156183944 0.052984489943753654 0.051113121196094527 0.023511823970432128 0.05334780241649445 0.0061273916514958037 0.027339863428630536 -0.020765451640506166 -0.00058308476060192703 0.045943165561987492 -0.038374099869251367 -0.047278924461736475 -0.044851349190053 -0.01392663326524006 0.029480870891281243 -0.01477353356945011
leaf_weight=31.840742751257494 0.96276509040035918 223.01020221304498 2.5487280134111634 29.516778925666586 28.31524077616632 2.3632575246738261 19.598087703809146 1.459777115844189 17.542175531387329 18.05153532512486 34.080057411454618 7.1415557265281668 19.040335912257433 7.7761567328125221 0.94361173734068771 4.2577341310679895 2.0326602049171925 15.560102595016359 106.47368726786226 57.293141438625753 0.64290174981579085 5.2405535191064692 5.11854113265872 2.7626694366335869 1.8754231433849771 2.5738351795589551 12.71204170107376 5.8829613863490513 7.118002708652055 2.1382284888532013
leaf_count=576 52 83873 21 341 321 128 6548 73 159 234 361 62 209 190 12 33 19 197 878 633 33 311 32 22 94 279 3430 418 224 145
internal_value=-1.71303e-10 -0.0408443 0.0308911 0.0224025 0.0123292 0.00270743 -0.0474486 -0.0231232 0.0292374 0.0221915 0.0402267 0.0338893 0.0378337 0.0294826 -0.0282796 0.00962731 0.00700926 0.00670674 0.0523655 0.00863037 -0.0507456 0.00438771 0.0287945 0.0157262 0.00471686 -0.0224098 -0.0321447 -0.0350676 0.0123927 0.0192579
internal_weight=675.873 291.048 384.825 275.803 176.215 112.306 253.967 30.3141 63.909 46.3668 99.5875 65.5075 58.3659 39.3256 20.5014 91.8047 9.80882 79.6658 109.022 74.7287 223.653 37.0813 12.1389 7.88121 59.1686 4.93709 19.5578 18.595 10.716 9.25623
internal_count=99908 91783 8125 7226 6044 5330 90896 6990 714 555 1182 821 759 550 3912 1418 209 1331 899 924 83906 887 87 54 727 407 3900 3848 442 369
is_linear=0
shrinkage=0.05


Tree=38
num_leaves=31
num_cat=0
split_feature=7 6 0 8 7 4 10 1 8 6 10 6 12 7 1 12 7 10 12 7 8 13 12 12 1 13 1 0 12 1
split_gain=309.48 30.6209 20.1793 17.9146 11.9034 7.17634 6.1603 5.11724 4.63585 3.32398 2.98363 2.84069 2.91562 2.70796 7.58706 2.52542 3.5016 2.56342 2.40929 2.21579 2.76755 1.96879 2.28828 3.19302 2.25732 1.9485 1.91297 1.81568 1.78452 1.72446
threshold=0.72792208194732677 0.21089696139097217 0.91945946216583263 0.18019481003284457 0.99783548712730419 1.0000000180025095e-35 1.0000000180025095e-35 0.94570022821426403 0.48913043737411505 0.90125367045402538 1.0000000180025095e-35 0.62303319573402416 8.5000000000000018 0.51103001832962047 0.92403846979141246 1.0000000180025095e-35 0.94360822439193737 1.0000000180025095e-35 2.5000000000000004 0.9765610694885255 0.84807693958282482 6.5000000000000009 8.5000000000000018 10.500000000000002 0.86706829071044933 1.0000000180025095e-35 0.58578637242317211 0.63859337568283092 4.5000000000000009 0.92031747102737438
decision_type=2 2 2 2 2 2 2 2 2 2 2 2 2 2 2 2 2 2 2 2 2 2 2 2 2 2 2 2 2 2
left_child=1 -1 4 13 6 29 7 8 28 -10 18 -9 -13 -3 -15 -4 17 -17 -7 21 -21 -8 24 -24 -23 -11 27 -6 -2 -5
right_child=2 3 15 5 26 10 19 11 9 25 -12 12 -14 14 -16 16 -18 -19 -20 20 -22 22 23 -25 -26 -27 -28 -29 -30 -31
leaf_value=0.0046897840867345724 -0.0056334228365489229 -0.051223571882017774 0.053055907553670026 -0.048235485592833305 -0.040557240927070609 0.017387938010372389 0.043551520312724079 0.04115679915253645 0.019092128560801544 -0.06318415175159485 0.044729544309947071 0.023601326101612263 -0.0065386957043547652 -0.051361569736500245 0.014158147600135125 0.013288398413134804 0.050991795020351033 0.053389113332915308 -0.023193178105892335 -0.032534458326074871 0.036802520350028421 0.010047180855507182 -0.06849634304096712 0.01965037168192529 0.047421146498555583 -0.0029889342958287213 0.046876975289343974 0.048685738224614937 -0.032423517408631239 0.01624865882717632
leaf_weight=36.218579494277947 17.471991261350926 199.71436877682572 81.193386860191822 9.5071250851906388 1.2503216573968523 7.9948923432966712 25.579597962787375 13.720821508206425 30.260663223685697 1.8734138025902201 4.6582999441307029 27.034036159515381 11.410583516582845 15.425124376895839 6.1921502180630332 15.792542839422824 25.268181912600994 5.3303784355521193 6.7415880620246753 2.9470290588214985 2.8127037435770035 6.9301271040458294 1.4773921794258047 3.3728552896063775 9.6881241984665376 4.7604921301826835 45.751404934562743 1.0473752934485672 9.6487993778428045 1.1636850791983295
leaf_count=891 906 81845 721 3219 33 297 310 122 545 60 68 236 149 6362 407 121 243 54 973 33 19 130 28 48 102 87 497 13 1346 43
internal_value=-2.11814e-10 -0.0382923 0.0319581 -0.0444847 0.0226816 -0.00827035 0.0164378 0.0100017 0.000529037 0.0120652 0.00984901 0.0216261 0.0146556 -0.049404 -0.0325938 0.0477386 0.0384322 0.0234078 -0.00117695 0.0305977 0.00132551 0.0341812 0.0230166 -0.00719924 0.0318355 -0.0199881 0.0446412 0.000123011 -0.0151646 -0.0412033
internal_weight=632.238 287.616 344.622 251.397 217.038 30.0656 168.989 116.181 64.0154 36.8946 19.3948 52.1654 38.4446 221.332 21.6173 127.584 46.3911 21.1229 14.7365 52.8078 5.75973 47.0481 21.4685 4.85025 16.6183 6.63391 48.0491 2.2977 27.1208 10.6708
internal_count=99908 94105 5803 93214 4664 4600 4121 3451 2944 692 1338 507 385 88614 6769 1139 418 175 1270 670 52 618 308 76 232 147 543 46 2252 3262
is_linear=0
shrinkage=0.05


Tree=39
num_leaves=31
num_cat=0
split_feature=8 7 2 10 1 7 1 8 4 7 0 12 5 2 2 0 12 0 1 12 0 2 8 12 13 1 13 0 2 12
split_gain=281.251 31.601 24.8827 17.25 9.43709 7.74418 9.97017 6.20267 4.46674 2.89759 3.13682 2.80563 2.71023 2.53279 2.32829 2.70133 1.79925 1.75857 1.72755 2.59303 1.91313 1.68006 2.12113 1.62584 1.53112 1.51583 1.5025 2.10566 1.48324 1.43963
threshold=0.21240601688623431 0.22557927668094638 0.93750000000000011 1.0000000180025095e-35 0.76123407483100902 0.5275399684906007 0.92031747102737438 0.81534090638160717 1.0000000180025095e-35 0.99783548712730419 0.88273492455482494 4.5000000000000009 1.0000000180025095e-35 0.087121214717626586 0.074175827205181136 0.63859337568283092 12.500000000000002 0.40238095819950109 0.94392031431198131 6.5000000000000009 0.79772728681564342 0.77500000596046459 0.69615384936332714 8.5000000000000018 2.5000000000000004 0.92031747102737438 10.500000000000002 0.8078865408897401 0.44949495792388922 5.5000000000000009
decision_type=2 2 2 2 2 2 2 2 2 2 2 2 2 2 2 2 2 2 2 2 2 2 2 2 2 2 2 2 2 2
left_child=1 25 3 4 8 -3 -7 11 14 10 26 -6 17 -10 15 16 -2 -13 19 -14 -21 22 -20 -8 -23 -1 -5 -28 -16 -15
right_child=2 5 -4 9 7 6 23 -9 13 -11 -12 12 18 29 28 -17 -18 -19 21 20 -22 24 -24 -25 -26 -27 27 -29 -30 -31
leaf_value=-0.016380155973008143 -0.05126361773123557 -0.050913890456429925 0.051820213175686483 0.030084539551308104 0.019147568664967359 -0.047219702628275149 0.020529522524984543 0.043521364907156829 0.043686055731849742 0.052146531527411312 0.050130994493119689 0.054294796411009094 -0.049535673440615782 0.0065190509550460728 -0.050657619343024311 0.057740830713086416 0.013154463235759535 -0.029546789648199269 0.010531165003905225 -0.018357847021640349 0.044206563061723464 0.023300460004324976 0.043841824719768913 -0.047792753423994 -0.028725509729233292 0.0092985681480467295 -0.0093625643064427916 0.045181348834677858 0.04404022138432654 -0.037095243173388963
leaf_weight=7.2551507386378935 2.6534530578646818 188.59702988096979 92.146612397395074 31.484063066192903 68.458886188804172 16.223711028142137 9.9736245175590703 19.252164050936699 3.5269082621671268 29.132789528928697 18.05273649096489 0.68108216696418633 2.8794325860217205 6.5026142006681749 9.6562280489015357 1.2665506701450793 1.8326135480310766 7.6547890865476802 15.00385260675103 2.6774948787642643 2.2475637411698699 2.2958092279732218 7.012760328128933 0.95404032175429243 3.6827029902487993 27.647608023136854 6.0897374231135455 2.4941431768238544 0.43199515435844738 2.6685005408944562
leaf_count=449 549 83746 904 446 783 6334 247 194 70 361 229 7 79 249 3165 19 123 327 161 150 18 17 51 140 67 438 188 30 6 361
internal_value=-1.0006e-10 -0.0401789 0.029639 0.0213853 0.0116519 -0.0473196 -0.0223532 0.0172947 -0.014417 0.0392767 0.0328258 0.0128102 0.00298038 0.0076767 -0.0321273 -0.00674247 -0.024948 -0.0226965 0.00895919 -0.0118433 0.0101936 0.0147585 0.0211413 0.0145646 -0.00874701 0.00396079 0.0250289 0.00648578 -0.0466025 -0.00617131
internal_weight=590.437 250.651 339.785 247.639 160.385 215.748 27.1514 131.847 28.5389 87.2535 58.1207 112.594 44.1355 12.698 15.8408 5.75262 4.48607 8.33587 35.7996 7.80449 4.92506 27.9951 22.0166 10.9277 5.97851 34.9028 40.0679 8.58388 10.0882 9.17111
internal_count=99908 91354 8554 7650 6396 90467 6721 1854 4542 1254 893 1660 877 680 3862 691 672 334 543 247 168 296 212 387 84 887 664 218 3171 610
is_linear=0
shrinkage=0.05


Tree=40
num_leaves=31
num_cat=0
split_feature=7 1 2 7 6 7 10 1 2 0 8 0 2 0 6 8 13 12 12 0 0 2 12 12 1 8 13 13 5 0
split_gain=253.369 28.5622 21.3505 13.0755 7.57659 16.5416 6.66716 3.57314 3.33886 3.45627 3.1451 2.92097 2.70407 2.13059 2.12249 2.05794 2.03747 2.05415 1.97863 2.50162 2.17635 2.29603 1.97434 1.84771 1.82053 1.77788 1.76732 3.08865 1.79863 1.65333
threshold=0.72792208194732677 0.89512962102890026 0.93750000000000011 0.99783548712730419 0.21089696139097217 0.5085725486278535 1.0000000180025095e-35 0.75716626644134533 0.080128207802772536 0.64174234867095958 0.21240601688623431 0.88273492455482494 0.64583334326744091 0.60922586917877208 0.53863716125488292 0.45227272808551794 10.500000000000002 8.5000000000000018 4.5000000000000009 0.74115687608718883 0.88989898562431347 0.6904762089252473 11.500000000000002 8.5000000000000018 0.58578637242317211 0.21240601688623431 3.5000000000000004 4.5000000000000009 1.0000000180025095e-35 0.8078865408897401
decision_type=2 2 2 2 2 2 2 2 2 2 2 2 2 2 2 2 2 2 2 2 2 2 2 2 2 2 2 2 2 2
left_child=1 10 3 6 -3 25 7 8 9 22 12 16 -1 -12 15 -9 -8 29 19 -16 -21 -22 -2 -7 -5 -6 -20 -28 -29 -18
right_child=2 4 -4 24 5 23 11 14 -10 -11 13 -13 -14 -15 18 -17 17 -19 26 20 21 -23 -24 -25 -26 -27 27 28 -30 -31
leaf_value=-0.050373520324851345 -0.05637818034463158 0.0090785115183273993 0.052552215960142659 -5.324422425881213e-05 -0.05084290313264881 0.019347398340136934 0.029563390520479623 0.014311196334548346 -0.029808386855649262 0.058079421721024038 -0.046057668377579991 0.049359801444274327 0.038488257899435697 -0.0028949346879915531 0.040569158445911371 0.048693352006254569 -0.0024027815967176229 -0.040881301785153111 0.01250262060101027 -0.00071260177339541834 0.029972363040790019 -0.0053680915761084138 0.018973067093652391 -0.041354635430164828 0.04779176918495949 0.05236377036565059 -0.070788608355915245 -0.038533901359552321 0.0049946505572103263 0.055607995701335212
leaf_weight=164.87668714497704 1.644198884256187 28.813595904968679 81.589539926499128 2.0781223727390161 25.512682602566205 15.513974526897075 29.019982219208032 10.234240309335293 10.052028982143382 2.7953142886981368 5.3224383479391673 15.527500689961014 0.86057520390022446 6.1773453233763576 8.6233489084988815 7.5723855565302065 3.7330469528678796 2.1480733291245997 15.71674983599223 20.8130610329099 18.590925101190809 6.1052244976162902 1.8446020404808221 1.3638281035237003 45.960316720418632 0.42421674262732167 1.9006800595670963 2.9274424575269196 12.534868043847382 1.8304968420416114
leaf_count=74538 300 458 864 46 15415 525 361 186 1821 35 1875 219 46 957 79 63 98 52 179 243 173 60 103 286 563 5 36 113 187 22
internal_value=-3.07128e-10 -0.0373893 0.0306847 0.0226354 -0.0107442 -0.0240845 0.0162474 0.00981757 -0.0119357 0.0166533 -0.0481576 0.0311786 -0.0499121 -0.0228719 0.0132014 0.0289324 0.0234929 0.00064896 0.00998949 0.0158768 0.0111979 0.0212357 -0.0165384 0.0144423 0.045722 -0.0491549 0.000355371 -0.0106402 -0.00324651 0.0166837
internal_weight=552.107 248.865 303.242 221.653 71.6283 42.8147 173.614 121.355 16.3361 6.28412 177.237 52.2591 165.737 11.4998 105.019 17.8066 36.7316 7.71162 87.2123 54.1326 45.5092 24.6961 3.4888 16.8778 48.0384 25.9369 33.0797 17.363 15.4623 5.56354
internal_count=99908 94105 5803 4939 16689 16231 4330 3578 2259 438 77416 752 74584 2832 1319 249 533 172 1070 555 476 233 403 811 609 15420 515 336 300 120
is_linear=0
shrinkage=0.05


Tree=41
num_leaves=31
num_cat=0
split_feature=7 7 2 10 7 7 1 1 7 6 0 0 6 6 6 4 2 0 2 6 7 7 6 7 13 2 1 13 13 13
split_gain=228.326 29.0401 23.0254 14.2435 6.79554 6.36936 6.22759 5.77243 2.93447 2.88127 3.50877 2.84198 2.19016 1.99508 2.19027 1.98581 1.87242 1.86408 1.80438 1.69418 1.79898 1.59556 1.35589 1.35341 1.22704 1.20853 1.20843 1.17443 1.36335 1.47712
threshold=0.64418154954910289 0.22557927668094638 0.93750000000000011 1.0000000180025095e-35 0.5275399684906007 0.94360822439193737 0.75716626644134533 0.90366768836975109 0.99783548712730419 0.82621711492538463 0.87895438075065624 0.88273492455482494 0.36626690626144415 0.71241438388824474 0.66821706295013439 1.0000000180025095e-35 0.6904762089252473 0.94185259938240062 0.080128207802772536 0.48497743904590612 0.72792208194732677 0.9765610694885255 0.59384471178054821 0.89753684401512157 25.500000000000004 0.64583334326744091 0.62593284249305736 6.5000000000000009 17.500000000000004 41.500000000000007
decision_type=2 2 2 2 2 2 2 2 2 2 2 2 2 2 2 2 2 2 2 2 2 2 2 2 2 2 2 2 2 2
left_child=1 24 3 5 22 6 15 -6 11 -7 -11 13 -4 14 25 18 -12 19 -2 -8 -21 -13 -3 -15 -1 -5 -10 -9 -29 -30
right_child=2 4 12 8 7 9 17 27 26 10 16 21 -14 23 -16 -17 -18 -19 -20 20 -22 -23 -24 -25 -26 -27 -28 28 29 -31
leaf_value=-0.040263214344205656 -0.0094716514790434293 -0.050673641563784989 -0.0067647109833404717 -0.010117050871224539 -0.041094775497385549 0.035846981204994903 0.023925807342098281 -0.018645333316636686 0.0070159011362743344 -0.0020109039197376503 0.053152217530995319 0.054534810695484985 0.052901513527474089 0.045026227817477116 -0.060522914997167082 -0.00066067248108870799 0.0021479324436007364 0.02979932569142173 -0.052301661831512997 -0.043373846307905181 0.0043900434570009906 0.002412299726545648 0.028954652894314321 0.021448960244337945 0.006545998235032633 0.051335542609107103 0.054460863862822721 0.035857188772440728 -0.061628644111923203 0.027075084745005747
leaf_weight=1.4658526158891607 3.780788254109213 160.26509661375894 1.5696781901642669 1.9861715385923155 14.728609153244181 28.052450008457527 11.227800429449415 2.614100782433523 1.4237388819456125 15.421322448644789 6.0099519491195661 13.579475731588897 76.232521425932646 8.2777593436185288 1.3680393311660735 5.6064233580837017 2.5684100277721882 9.5291277114301902 7.0341813472914509 2.0452439116779706 54.578175106900744 1.6462520742788918 0.53638939862139423 22.995205096434802 31.174668984604068 1.339696057140827 23.403020761907101 4.5637049156939611 0.88715724274516083 0.99647473415825516
leaf_count=195 561 83873 16 102 6548 361 254 153 25 247 72 209 883 146 37 430 34 87 2921 276 801 20 33 296 692 11 336 144 97 48
internal_value=-1.39267e-10 -0.0390306 0.0282929 0.0200858 -0.046718 0.0109398 0.00315637 -0.0217764 0.0376336 0.0249662 0.012248 0.0307925 0.0516977 0.0231274 -0.00726855 -0.0248099 0.0378812 0.00909128 -0.0373288 0.00618301 0.00266481 0.0488992 -0.050408 0.0276897 0.00444384 0.0146367 0.05174 0.00962388 0.0210858 -0.0147028
internal_weight=516.907 217.232 299.675 221.873 184.592 145.854 93.8017 23.79 76.0194 52.0521 23.9997 51.1926 77.8022 35.9669 4.69391 16.4214 8.57836 77.3803 10.815 67.8512 56.6234 15.2257 160.801 31.273 32.6405 3.32587 24.8268 9.06144 6.44734 1.88363
internal_count=99908 91783 8125 7226 90896 6044 5330 6990 1182 714 353 821 899 592 150 3912 106 1418 3482 1331 1077 229 83906 442 887 113 361 442 289 145
is_linear=0
shrinkage=0.05


Tree=42
num_leaves=31
num_cat=0
split_feature=8 7 2 8 0 7 1 2 10 2 1 12 2 12 0 0 2 0 0 1 1 7 7 4 12 13 2 13 1 7
split_gain=207.403 28.0134 21.3344 13.2014 8.24058 6.7641 7.84205 6.48469 6.10338 2.90248 3.16277 2.5078 2.32475 2.26112 2.44973 2.11488 2.11028 1.9283 1.8995 2.24955 2.04323 1.91552 1.78015 1.44231 1.36368 1.78738 1.31155 1.28292 1.2679 1.22885
threshold=0.21240601688623431 0.22557927668094638 0.93750000000000011 0.84807693958282482 0.64174234867095958 0.5275399684906007 0.92031747102737438 0.31666667759418493 1.0000000180025095e-35 0.087121214717626586 0.81892696022987377 12.500000000000002 0.77500000596046459 5.5000000000000009 0.63211598992347728 0.88273492455482494 0.080128207802772536 0.51471862196922313 0.92907443642616283 0.97182539105415355 0.82712644338607799 0.95101958513259899 0.65129569172859203 1.0000000180025095e-35 1.0000000180025095e-35 3.5000000000000004 0.44949495792388922 106.50000000000001 0.93405798077583324 0.9765610694885255
decision_type=2 2 2 2 2 2 2 2 2 2 2 2 2 2 2 2 2 2 2 2 2 2 2 2 2 2 2 2 2 2
left_child=1 27 3 4 7 -3 -7 11 9 -6 23 -2 18 14 26 -10 -13 -15 19 20 -12 -21 -4 -11 25 -22 -9 -1 -26 -25
right_child=2 5 22 -5 8 6 -8 13 15 10 12 16 -14 17 -16 -17 -18 -19 -20 21 24 -23 -24 29 28 -27 -28 -29 -30 -31
leaf_value=0.0026439378540665912 -0.051468819440407369 -0.050723820306256488 0.0029362962774523889 0.047487473626950751 0.055692360023161927 -0.046418259150260897 0.013385821763128842 0.0041373981024506266 0.026335100618604213 -0.045224048774234728 0.05161556668771361 0.024649070702943393 -0.0088399319757528818 0.036724453308986112 -0.057999622281924179 0.049442175137457293 -0.036669498767760482 -0.031654848330120493 0.033939461822448731 0.015653674527174866 -0.010055264241772957 0.044031275643452765 0.052580061447867414 -0.010189094718321363 -0.0015754707612555105 0.043431980960656869 0.047279905170225844 0.064549345032011804 -0.052598105473745806 0.060733383145853762
leaf_weight=30.939207647636071 8.5701382043771464 147.15602771268459 1.8539119139313687 35.465393881313503 3.7140763602219513 13.044583718728974 9.4546426547458378 2.4547839434817398 27.194780481979251 2.9257747418014315 2.1312695638043797 2.590506004751659 10.136657485738395 1.407674780813976 0.76913281530141908 15.57269314303994 3.0611775428988039 3.8531434494070709 13.15723919123411 24.041067082900557 2.6414119880646458 7.9010777529329053 69.569770927540958 6.7511518488172442 24.260667892405767 3.8218375155702233 6.2387066266965121 0.86018199473619361 1.2819248260930169 0.67151048779487599
leaf_count=877 2381 83746 24 474 53 6334 387 201 411 904 27 141 132 52 32 248 978 203 140 261 34 89 880 321 437 39 71 10 16 5
internal_value=3.57498e-11 -0.0387479 0.027677 0.0196688 0.0140358 -0.04682 -0.0212873 -0.0103387 0.0188615 0.0122925 0.0106761 -0.0344185 0.0137061 0.0129207 0.0275307 0.034749 -0.00856352 -0.0133581 0.0165904 0.0131359 0.00421207 0.022673 0.0512915 -0.0154922 0.00105547 0.0215727 0.0350977 0.0043185 -0.00413618 -0.00377291
internal_weight=483.492 201.455 282.037 210.614 175.148 169.655 22.4992 28.9453 146.203 103.436 99.7216 14.2218 89.3732 14.7234 9.46262 42.7675 5.65168 5.26082 79.2365 66.0793 34.1371 31.9421 71.4237 10.3484 32.0058 6.46325 8.69349 31.7994 25.5426 7.42266
internal_count=99908 91354 8554 7650 7176 90467 6721 4059 3117 2458 2405 3500 1175 559 304 659 1119 255 1043 903 553 350 904 1230 526 73 272 887 453 326
is_linear=0
shrinkage=0.05


Tree=43
num_leaves=31
num_cat=0
split_feature=8 6 2 7 10 7 0 0 2 2 12 0 2 8 13 8 6 12 7 7 8 0 7 2 6 0 2 12 6 7
split_gain=187.727 26.3782 19.9306 12.5951 6.7812 6.30637 6.03781 5.25998 3.75734 3.08751 2.63909 2.62742 2.43295 2.05654 3.42139 2.45869 2.591 2.4412 1.8226 1.64593 1.6225 1.42821 1.42646 1.36933 1.36324 1.35543 1.56607 1.29071 1.19084 1.16505
threshold=0.21240601688623431 0.21089696139097217 0.93750000000000011 0.99783548712730419 1.0000000180025095e-35 0.5275399684906007 0.90521115064620983 0.63453349471092235 0.73214286565780651 0.44949495792388922 7.5000000000000009 0.88273492455482494 0.087121214717626586 0.61721614003181469 1.0000000180025095e-35 0.58957219123840343 0.49700556695461279 1.5000000000000002 0.65129569172859203 0.87198767066001903 0.24568965286016467 0.87007671594619762 0.9765610694885255 0.57738095521926891 0.59384471178054821 0.70859703421592724 0.41428571939468389 11.500000000000002 0.66821706295013439 0.82793453335762035
decision_type=2 2 2 2 2 2 2 2 2 2 2 2 2 2 2 2 2 2 2 2 2 2 2 2 2 2 2 2 2 2
left_child=1 -1 3 4 7 24 8 9 -7 19 -11 -6 -9 15 -15 16 29 -18 -4 -2 -19 23 -13 28 -3 26 27 -5 -16 -14
right_child=2 5 18 25 11 6 -8 12 -10 10 -12 22 13 14 21 -17 17 20 -20 -21 -22 -23 -24 -25 -26 -27 -28 -29 -30 -31
leaf_value=0.0034889134448773383 -0.045307014401550202 -0.050950764359857043 0.0016223308069349921 -0.014290982236851402 0.02180947290250617 -0.046575911974148176 0.023980771060589698 0.054407396917140687 0.029674047223154604 0.041310586180751036 -0.030674440860466386 0.054255811804992143 0.012306978196329955 -0.021898570504417403 0.034947685141326297 -0.062215767838094044 0.017902873157855676 -0.058179389170401913 0.052413408709760391 -0.0093653641938157908 -0.0040705484997880098 0.040001155985356023 0.0019415915891914807 0.028351091938799911 0.032765969709882492 0.050808003826652653 0.04578685321949303 0.041772686034948894 -0.010367606132348063 0.047336233352661024
leaf_weight=31.421605531766545 7.8488836561737134 134.83576082941727 1.8165695164352644 2.7238533571362478 32.30690721643623 13.241739361634247 5.4866433509159824 3.1703768027946344 1.84014521841891 3.3691969132050863 2.0466924242209643 11.600132863968607 4.7904456837568414 4.3394054351374498 1.9378917776048243 1.3605149118229736 14.931310853338799 1.4482207106193516 63.788915101438761 5.361018676077947 31.961572368280031 10.940761920064686 1.4679435128346092 11.387391651049255 0.48804132919758458 27.687954589258879 6.3016786817461252 1.6475765062496064 5.7560488604940474 4.7050163375679404
leaf_count=893 3106 83714 24 48 664 6524 145 53 47 48 32 209 261 71 15 27 362 280 880 446 1069 135 20 103 31 422 99 40 80 60
internal_value=1.00203e-10 -0.0383043 0.0271063 0.0192304 0.0130865 -0.0467282 -0.0209333 0.00664533 -0.0372726 -0.017686 0.0141071 0.0294616 0.0113305 0.00987075 0.0196007 0.00422291 0.00578577 0.00109546 0.051007 -0.0307207 -0.00641601 0.025599 0.0483793 0.0173412 -0.0506488 0.0449727 0.0298349 0.00683922 0.00104607 0.029664
internal_weight=452.01 187.314 264.696 199.091 160.73 155.892 20.5685 115.355 15.0819 18.6258 5.41589 45.375 96.729 93.5586 34.3615 59.1971 57.8366 48.3411 65.6055 13.2099 33.4098 30.0221 13.0681 19.0813 135.324 38.3611 10.6731 4.37143 7.69394 9.49546
internal_count=99908 91354 8554 7650 7041 90461 6716 6148 6571 3632 80 893 2516 2463 404 2059 2032 1711 904 3552 1349 333 229 198 83745 609 187 88 95 321
is_linear=0
shrinkage=0.05


Tree=44
num_leaves=31
num_cat=0
split_feature=8 7 0 8 7 1 1 12 7 12 10 8 12 4 8 13 7 8 6 8 6 13 12 13 0 1 13 6 12 13
split_gain=169.535 25.7185 17.3526 8.75909 5.87037 6.33604 5.46104 5.04136 4.16136 3.15197 3.63996 2.96796 2.56673 2.21167 1.90767 1.67289 1.60792 1.60006 1.57821 1.62466 1.68831 1.49628 1.45984 1.3653 1.27201 1.709 1.29998 1.24037 1.19407 1.14751
threshold=0.21240601688623431 0.22557927668094638 0.88989898562431347 0.86811593174934398 0.5275399684906007 0.92031747102737438 0.94570022821426403 8.5000000000000018 0.78886163234710704 1.0000000180025095e-35 1.0000000180025095e-35 0.76330533623695385 9.5000000000000018 1.0000000180025095e-35 0.054804805666208274 4.5000000000000009 0.88478556275367748 0.2709790319204331 0.71241438388824474 0.22653958946466449 0.40685302019119268 3.5000000000000004 3.5000000000000004 106.50000000000001 0.54923510551452648 0.5604878067970277 1.0000000180025095e-35 0.59384471178054821 8.5000000000000018 10.500000000000002
decision_type=2 2 2 2 2 2 2 2 2 2 2 2 2 2 2 2 2 2 2 2 2 2 2 2 2 2 2 2 2 2
left_child=1 23 3 6 27 -6 8 22 13 17 11 15 16 -2 -7 -11 -9 21 19 -15 -21 -4 -8 -1 -10 -26 -27 -3 -16 -14
right_child=2 4 9 -5 5 14 7 12 24 10 -12 -13 29 18 28 -17 -18 -19 -20 20 -22 -23 -24 -25 25 26 -28 -29 -30 -31
leaf_value=0.002506907037651173 -0.040749344399349657 -0.050904956651566462 -0.014365104613728219 0.045742508000057407 -0.045949752820325707 -0.090905807538796846 0.049257388385042331 0.0072320785385060083 -0.012364278588573748 0.0010357356349431361 0.051515112987853162 0.053738083142957999 0.019682894609546135 0.021664618274833909 0.022546530405963119 0.028295534914235504 -0.051295910194679967 0.052954080323003742 0.03921838635413246 0.047951286540860033 -0.04724513200945802 0.050477146642778283 0.027259761129517231 0.066911524976573961 0.046788471272141641 -0.021802347252363845 0.010564532754784018 0.031126551626035254 -0.04557085211397327 -0.016352489620743409
leaf_weight=29.121267014823392 7.4956616135896166 123.98560836474644 1.7670167796313756 20.852781421039253 11.243624753318729 0.43449705897364665 11.105066367425023 1.9186672475188995 6.8025392891722722 12.032131422311073 16.50759741384536 5.8521278575062743 12.047963988501577 1.9988893751287831 7.4082814934663457 10.574238061904905 3.0214535761624575 51.205196600407362 1.7478254300076512 0.54184517014073241 3.3162707610754296 1.7919047623872755 23.507568096742034 0.84680371358990569 3.0743996076635076 3.3299864085856816 45.358496649540029 0.46253868844360013 0.70454198971856374 2.70526816882193
leaf_count=877 3001 83715 19 332 6334 13 181 33 847 130 290 81 151 236 239 141 52 746 34 17 517 26 298 10 82 73 1210 31 135 57
internal_value=3.61335e-11 -0.0378207 0.0265078 0.015693 -0.0465775 -0.0212832 0.0107965 0.0228263 0.00192818 0.0426464 0.0328367 0.0220021 0.00262975 -0.0214752 0.0111645 0.0137866 -0.0285645 0.0507009 -0.00247782 -0.0149206 -0.0338755 0.0182827 0.0343174 0.00432678 0.00796251 0.0106338 0.00835084 -0.0506001 0.016631 0.0130752
internal_weight=422.762 174.207 248.555 148.825 144.239 19.7909 127.972 54.306 73.6659 99.7302 44.9661 28.4585 19.6934 15.1005 8.54732 22.6064 4.94012 54.7641 7.60483 5.85701 3.85812 3.55892 34.6126 29.9681 58.5654 51.7629 48.6885 124.448 8.11282 14.7532
internal_count=99908 91354 8554 7121 90467 6721 6789 772 6017 1433 642 352 293 3805 387 271 85 791 804 770 534 45 479 887 2212 1365 1283 83746 374 208
is_linear=0
shrinkage=0.05


Tree=45
num_leaves=31
num_cat=0
split_feature=8 6 2 8 0 2 10 1 8 6 8 13 0 12 12 6 1 12 2 0 2 0 8 2 2 1 12 2 10 1
split_gain=152.349 24.5192 17.0075 10.6457 6.3638 4.16743 4.15961 3.61746 7.35215 2.35476 2.56307 2.53409 2.02867 1.877 1.85374 1.78704 1.78246 2.41974 2.00994 1.65787 1.63935 1.63674 1.60904 1.39697 1.3306 1.66827 1.32569 1.29236 1.20255 1.19848
threshold=0.21240601688623431 0.21089696139097217 0.93750000000000011 0.84807693958282482 0.64549729228019725 0.31666667759418493 1.0000000180025095e-35 0.92031747102737438 0.082207206636667265 0.49700556695461279 0.54006412625312816 1.0000000180025095e-35 0.88273492455482494 5.5000000000000009 12.500000000000002 0.846389800310135 0.81418704986572277 1.5000000000000002 0.087121214717626586 0.51471862196922313 0.080128207802772536 0.62767899036407482 0.2981481552124024 0.77500000596046459 0.77500000596046459 0.96922349929809581 8.5000000000000018 0.44949495792388922 1.0000000180025095e-35 0.99473685026168834
decision_type=2 2 2 2 2 2 2 2 2 2 2 2 2 2 2 2 2 2 2 2 2 2 2 2 2 2 2 2 2 2
left_child=1 -1 3 4 5 14 9 -3 -9 -6 16 29 23 21 -2 -13 18 27 -11 -15 -16 -7 -4 -8 25 -17 -10 -18 -21 -12
right_child=2 7 22 -5 6 13 12 8 26 10 11 15 -14 19 20 24 17 -19 -20 28 -22 -23 -24 -25 -26 -27 -28 -29 -30 -31
leaf_value=0.0038493200153355053 -0.047474148859763324 -0.050365227189027445 0.018130024601244629 0.045854872505354694 0.033283665150047298 0.034535254611236695 0.027123368667046906 -0.050705702264599785 0.0137602255977128 0.046526346759960223 0.0032323874504201788 0.032264282834485437 0.048388559891830198 0.03535091966612209 0.023103135438675645 -0.0010764639568323607 0.055509563512493601 -0.0054571863161939965 -0.044080869576214127 -0.051056302468450492 -0.034902104871820459 -0.022758256852886152 0.052042793367870668 -0.015732783020411156 -0.033709662099535763 0.034967968836549554 -0.046696843198619144 0.013921033175437964 0.01315056215874328 -0.048518625014016173
leaf_weight=29.550894690561108 7.1869902135658794 108.84559319759137 3.7490763035602859 29.116299885325134 11.103027727222068 6.7166616094764304 20.813143737381328 14.531920402194375 7.9462310794624482 0.72801967244595189 2.9294188520871094 19.79761015670374 12.290587695315478 1.1984235880663607 2.3039658571360633 7.4196959203109127 2.3693009016569695 23.838719000807032 3.8427930748439394 2.5411049981485121 2.5844598269322887 1.5306114468257872 52.161546365823597 2.0927110416814676 1.6057718843221653 5.6582778207957745 1.0235502000432459 8.8285598158836347 1.0227773528313266 1.8099936842918394
leaf_count=893 2403 76199 58 474 325 258 390 12706 1142 18 56 259 248 52 141 120 31 450 913 203 981 69 846 19 27 70 414 99 18 26
internal_value=-5.37368e-10 -0.0373296 0.0256912 0.0181844 0.0128209 -0.0101641 0.0174288 -0.0465241 -0.0287343 0.0117257 0.00868922 0.0177495 0.032001 0.00947022 -0.0313174 0.0224613 -0.000282583 0.00354855 -0.0296493 -0.0155227 -0.00756363 0.0239022 0.0497688 0.023208 0.00924433 0.0145184 0.00686141 0.0227205 -0.03263 -0.0165315
internal_weight=397.138 161.898 235.24 179.329 150.213 25.085 125.128 132.347 23.5017 89.9312 78.8282 39.2208 35.1964 13.0096 12.0754 34.4814 39.6074 35.0366 4.57081 4.76231 4.88843 8.24727 55.9106 22.9059 14.6837 13.078 8.96978 11.1979 3.56388 4.73941
internal_count=99908 91354 8554 7650 7176 4125 3051 90461 14262 2394 2069 558 657 600 3525 476 1511 580 931 273 1122 327 904 409 217 190 1556 130 221 82
is_linear=0
shrinkage=0.05


Tree=46
num_leaves=31
num_cat=0
split_feature=7 7 12 10 8 4 1 7 1 0 13 0 7 6 7 1 6 0 0 8 8 8 13 6 8 8 6 6 6 8
split_gain=136.777 24.6368 16.9357 10.8385 6.35845 3.93803 3.52859 2.73219 3.30551 2.66793 2.60829 2.51211 2.14886 2.18204 2.09215 2.56312 1.92889 1.9683 1.40337 1.47574 1.41232 1.38797 1.35426 1.30061 1.28325 1.55371 1.28824 1.36618 1.23718 1.1475
threshold=0.60814762115478527 0.22557927668094638 1.0000000180025095e-35 1.0000000180025095e-35 0.61721614003181469 1.0000000180025095e-35 0.82807883620262157 0.5085725486278535 0.95713412761688244 0.98529094457626354 5.5000000000000009 0.88273492455482494 0.77621760964393627 0.52839964628219616 0.99783548712730419 0.54446640610694896 0.80866709351539623 0.90070420503616344 0.97332859039306652 0.58578431606292736 0.54006412625312816 0.86811593174934398 41.500000000000007 0.82621711492538463 0.68990385532379161 0.8441295623779298 0.71241438388824474 0.57212206721305858 0.38967698812484747 0.29289215803146368
decision_type=2 2 2 2 2 2 2 2 2 2 2 2 2 2 2 2 2 2 2 2 2 2 2 2 2 2 2 2 2 2
left_child=1 -1 6 4 5 12 23 -3 -9 18 -10 14 -4 -14 24 -16 21 -18 19 20 22 -6 28 -2 26 -26 27 -5 -7 -8
right_child=2 7 3 11 16 9 29 8 10 -11 -12 -13 13 -15 15 -17 17 -19 -20 -21 -22 -23 -24 -25 25 -27 -28 -29 -30 -31
leaf_value=0.0043233094054535527 -0.037326700120702098 -0.050486666324749976 -0.046029837190321353 0.037261341431791814 0.025893796961589978 -0.081715629118774225 0.027033183036641567 -0.043520907254678144 -0.054419020581116695 -0.081335308938646877 0.027530227331539137 0.051435772436820605 0.026197688966615146 -0.022360534306388194 -0.035127435788228988 0.054246422748090856 0.0046323011504778603 0.0382045663531504 0.054729352497423694 -0.053484336446981952 0.031794371635481496 0.057049245252189053 0.033779298909570342 0.030193536728841598 -0.005134900625731866 0.038163344011317608 0.037307120129641998 -0.022267325500338091 0.0013710922228153068 0.051222233187977841
leaf_weight=28.425891989958473 1.6137302631977939 102.79313962349261 6.3143896270194118 1.7340997287537931 15.096563916420566 0.45383146771928196 5.384767039504367 11.015592931173158 1.3249364882940415 0.88111351430416007 3.6344403167604469 15.685458285734056 3.091612273361533 9.1926160918083024 0.87698143720626731 9.4087903085164708 19.059030865202661 5.6631301762536159 1.4603165015578259 1.0560356890782703 4.8423381401225916 4.6839601434767237 3.3033640565699889 1.278078243951313 7.6981449695304018 2.8349019438028336 11.807267918949945 2.1698071787832305 35.07016958197346 54.792753936257213
leaf_count=887 284 81801 3273 58 225 45 105 7222 135 6 222 321 212 1266 19 212 356 94 25 24 66 72 144 30 127 29 272 131 1318 927
internal_value=1.58235e-10 -0.0374896 0.0244762 0.0159358 0.00704265 -0.00284608 0.0464652 -0.0474971 -0.02826 0.00485092 0.00563684 0.0346992 -0.0223247 -0.0101397 0.0275128 0.0466263 0.0216339 0.0123227 0.00649513 0.00492026 0.00633262 0.0332713 0.00315717 -0.00748512 0.0200217 0.00651854 0.0290745 0.00417507 0.00030963 0.0490578
internal_weight=372.647 147.194 225.453 162.384 110.168 65.6658 63.0693 118.768 15.975 47.0672 4.95938 52.2155 18.5986 12.2842 36.53 10.2858 44.5027 24.7222 46.1861 44.7257 43.6697 19.7805 38.8274 2.89181 26.2442 10.533 15.7112 3.90391 35.524 60.1775
internal_count=99908 90267 9641 8295 7126 6379 1346 89380 7579 1628 357 1169 4751 1478 848 231 747 450 1622 1597 1573 297 1507 314 617 156 461 189 1363 1032
is_linear=0
shrinkage=0.05


Tree=47
num_leaves=31
num_cat=0
split_feature=8 6 2 7 1 7 1 4 10 2 8 8 12 0 12 2 8 1 7 13 6 7 13 6 2 6 0 12 0 8
split_gain=123.958 22.5605 16.4899 10.2327 4.95538 4.75223 5.75456 4.22021 2.96255 2.61144 2.40055 1.99108 1.95252 2.18911 1.87319 1.86187 1.81951 1.61694 1.49192 1.47171 1.77952 2.65648 1.94246 1.47817 1.44143 1.36434 1.34084 1.35661 1.24447 1.53966
threshold=0.21240601688623431 0.21089696139097217 0.93750000000000011 0.99783548712730419 0.81892696022987377 0.51103001832962047 0.92031747102737438 1.0000000180025095e-35 1.0000000180025095e-35 0.087121214717626586 0.69615384936332714 0.73030304908752453 4.5000000000000009 0.74322345852851879 3.5000000000000004 0.074175827205181136 0.8603896200656892 0.51191151142120372 0.62345302104949962 2.5000000000000004 0.6157280206680299 0.89753684401512157 7.5000000000000009 0.71241438388824474 0.44949495792388922 0.53528240323066723 0.54923510551452648 12.500000000000002 0.87895438075065624 0.61721614003181469
decision_type=2 2 2 2 2 2 2 2 2 2 2 2 2 2 2 2 2 2 2 2 2 2 2 2 2 2 2 2 2 2
left_child=1 -1 3 4 7 -3 -7 15 12 -9 -11 -10 13 -6 -12 26 -13 -5 -4 -14 21 22 -21 -22 -17 -15 27 -2 -27 -30
right_child=2 5 18 17 8 6 -8 9 11 10 14 16 19 25 -16 24 -18 -19 -20 20 23 -23 -24 -25 -26 28 -28 -29 29 -31
leaf_value=0.0037903030064993827 -0.053034155721634307 -0.050784735534728967 -0.0095513748999705734 -0.027601655056111587 0.047312916846388622 -0.04568765442206317 0.012457249167035174 0.050265581832300447 0.038505252530928305 0.012067503807158238 0.0059772073789112409 -0.0056601548202729959 0.01673626572769633 0.038267928896136262 -0.061362392681116401 -0.050167706526460236 0.053661967770814049 0.045430902749406359 0.051783237401825236 -0.061950650628736087 -0.055949459877615737 0.049147309109207178 0.01132841813504748 -0.010046874723118078 0.016196431559938471 -0.0026737608913748852 0.040247921140550896 0.012760788805972726 0.0071405379506219342 0.035257181064619413
leaf_weight=28.046304169925861 1.57174461585237 94.725337539362954 1.0133276861160982 0.77846316434443252 5.5301890927366903 10.722180193290116 7.0553198916604734 3.1357440694700953 20.059084116364833 11.560179730644448 1.8281497173011292 5.6139769544824949 10.402357349754313 4.9045836983714244 2.3735011834651232 7.3210913318325748 1.6792237777262924 28.664455096703023 45.942757268901914 1.3399445314426 2.0863663553609504 3.0347297172993422 2.7817896283231676 11.00425763055682 0.92116215056739736 12.215266849147154 1.2947878248523919 1.5620646251481956 13.350632742978634 7.6640718989074221
leaf_count=893 558 81961 19 28 56 7986 514 92 394 804 27 94 146 88 32 3572 19 581 885 37 72 34 132 202 26 189 61 125 162 119
internal_value=-1.5402e-10 -0.0363309 0.0243581 0.016824 0.010929 -0.0463329 -0.0226118 -0.00637559 0.0163023 0.00859401 0.000303647 0.0303709 0.0111241 0.0179143 -0.0320627 -0.0287016 0.00799847 0.0434999 0.0504596 0.00145056 -0.00640279 0.0136452 -0.0124941 -0.0173628 -0.0427508 0.0136509 -0.00255396 -0.0202383 0.0100176 0.0173947
internal_weight=350.183 140.549 209.634 162.678 133.235 112.503 17.7775 31.5684 101.666 18.8976 15.7618 27.3523 74.3142 43.6647 4.20165 12.6709 7.2932 29.4429 46.9561 30.6494 20.2471 7.15646 4.12173 13.0906 8.24225 38.1346 4.4286 3.13381 33.23 21.0147
internal_count=99908 91354 8554 7650 7041 90461 8500 5297 1744 955 863 507 1237 614 59 4342 113 609 904 623 477 203 169 274 3598 558 744 683 470 281
is_linear=0
shrinkage=0.05


Tree=48
num_leaves=31
num_cat=0
split_feature=8 6 2 7 7 1 10 0 0 2 1 2 0 1 1 6 7 2 8 6 8 6 0 1 7 0 0 13 6 1
split_gain=110.76 21.907 15.5768 10.0336 4.6121 5.20685 4.56756 3.46451 2.17726 1.91906 2.63786 1.85199 1.55252 1.89638 1.42716 1.41832 1.38513 1.36528 1.36072 2.23933 1.7733 1.40311 1.5278 1.46027 1.23449 1.12594 2.23092 1.12451 1.06551 1.06317
threshold=0.21240601688623431 0.21089696139097217 0.93750000000000011 0.99783548712730419 0.51103001832962047 0.92031747102737438 1.0000000180025095e-35 0.63453349471092235 0.88273492455482494 0.087121214717626586 0.81892696022987377 0.31666667759418493 0.56691542267799389 0.99473685026168834 0.55625879764556896 0.48161666095256811 0.62345302104949962 0.77500000596046459 0.61721614003181469 0.92012271285057079 0.58578431606292736 0.50641131401062023 0.95713412761688244 0.83438816666603099 0.9765610694885255 0.77836257219314586 0.836786448955536 1.5000000000000002 0.45910002291202551 0.92031747102737438
decision_type=2 2 2 2 2 2 2 2 2 2 2 2 2 2 2 2 2 2 2 2 2 2 2 2 2 2 2 2 2 2
left_child=1 29 3 6 -3 -6 7 11 17 -9 15 -2 -13 -14 -5 -11 -4 -8 20 -20 21 28 23 -23 -10 -25 -27 -28 -12 -1
right_child=2 4 16 14 5 -7 8 9 24 10 18 12 13 -15 -16 -17 -18 -19 19 -21 -22 22 -24 25 -26 26 27 -29 -30 -31
leaf_value=-0.016292302407333981 -0.034149544645289576 -0.050747972415032941 -0.0086342375141638707 -0.0071492685298757243 -0.045113642105318021 0.011769502005493039 0.021668393516680741 0.053874700852989899 0.054194716331486641 0.026447979653314902 0.0064561164695548902 0.028421612617500192 0.0031567292554315917 -0.073984996411038353 0.045989973619281976 -0.027970191350829399 0.051502835137533676 -0.02329772368475078 0.026435364022535424 -0.015101238393511391 -0.050945402076715829 0.045436471601069423 0.044466644114254487 0.016702555985925766 -0.001551808742643424 -0.039930068350336828 0.026645822664044822 -0.0051892148695887709 0.046065594454135599 0.0088693666441416654
leaf_weight=5.1751677691354443 7.9181478163227421 87.104684145597275 0.9797371681779613 1.3270436627790356 9.9247487055545225 6.7652670938405199 23.07492371433182 2.2842450628522775 7.8243465246632677 1.4398181919241304 3.1449442211305714 2.9867916291696019 2.6895015512709506 1.1320085681509229 26.396311536431313 7.1105250147520564 42.221112810540944 1.8213105872273434 20.93964339140803 3.8399011474102727 1.3574874438345421 1.7079678489826609 2.0947327110916367 6.3668156780186136 1.1374672208912668 4.2312993756495443 3.3074776530265835 17.194858685135841 3.6899420028785244 22.238872298330534
leaf_count=465 3191 81961 19 39 7986 514 646 53 209 148 68 188 233 20 570 1180 885 18 271 78 26 39 32 157 20 125 34 237 68 428
internal_value=-8.19593e-11 -0.0356346 0.023588 0.0161887 -0.0461344 -0.0220562 0.0102522 0.00455082 0.0259861 0.00871538 0.00736563 -0.0177078 0.00141413 -0.0196942 0.0434463 -0.0188066 0.050139 0.0183788 0.0106626 0.0199987 0.00529438 0.00712352 0.00306673 0.000423449 0.0471192 -0.00204857 -0.00687539 -5.35233e-05 0.02784 0.0041194
internal_weight=329.427 131.209 198.218 155.018 103.795 16.69 127.294 93.4361 33.858 78.7097 76.4254 14.7264 6.8083 3.82151 27.7234 8.55034 43.2008 24.8962 67.8751 24.7795 43.0955 41.738 34.9032 32.8084 8.96181 31.1005 24.7336 20.5023 6.83489 27.414
internal_count=99908 91354 8554 7650 90461 8500 7041 6148 893 2516 2463 3632 441 253 609 1328 904 664 1135 349 786 760 624 592 229 553 396 271 136 893
is_linear=0
shrinkage=0.05


Tree=49
num_leaves=31
num_cat=0
split_feature=8 6 2 7 10 7 1 8 0 13 2 0 6 6 8 6 6 13 13 1 0 13 6 7 2 7 6 12 8 8
split_gain=98.9379 21.0622 14.6693 8.82054 4.67207 4.66363 4.90181 3.32501 2.46999 2.11068 2.00761 1.89551 1.82827 1.97844 2.13871 1.67376 1.46551 1.34363 1.46461 1.29332 1.40028 1.25492 1.2751 1.24897 1.22311 1.1613 1.15015 1.16491 1.11353 1.53284
threshold=0.21240601688623431 0.21089696139097217 0.93750000000000011 0.99783548712730419 1.0000000180025095e-35 0.51103001832962047 0.92031747102737438 0.44222222268581396 0.6832355558872224 1.0000000180025095e-35 0.44949495792388922 0.88273492455482494 0.49700556695461279 0.58847248554229747 0.4220647811889649 0.57212206721305858 0.78696113824844371 4.5000000000000009 1.0000000180025095e-35 0.71834936738014232 0.63859337568283092 1.5000000000000002 0.66821706295013439 0.65129569172859203 0.77500000596046459 0.9765610694885255 0.45910002291202551 4.5000000000000009 0.61721614003181469 0.58957219123840343
decision_type=2 2 2 2 2 2 2 2 2 2 2 2 2 2 2 2 2 2 2 2 2 2 2 2 2 2 2 2 2 2
left_child=1 -1 3 4 7 -3 -7 8 10 -9 -2 17 26 14 -14 -11 21 18 -6 20 -5 -15 -23 -4 -19 -13 27 -10 29 -17
right_child=2 5 23 19 11 6 -8 9 12 15 -12 25 13 16 -16 28 -18 24 -20 -21 -22 22 -24 -25 -26 -27 -28 -29 -30 -31
leaf_value=0.004403497321719854 -0.042144959602404969 -0.050713244218679426 0.00069893219878869794 -0.017291401011448378 -0.013301021450428214 -0.044523084354905783 0.011935688074986954 -0.017361251378923345 0.024749754726996059 0.039761524577636216 0.0097391958739765395 0.054144357439469243 -0.013620370850690023 0.053650652619469379 -0.090788866016939182 0.0057003173665908374 -0.01427197807537465 0.014306777278720479 0.042934109732479075 0.04627489769482511 0.051992041347871013 -0.026150518378497342 0.020585203656537685 0.051429827432671209 -0.037707281208323583 -0.002665225568781297 0.049118588674224882 -0.038475698225178628 0.019009382411537806 -0.063403679400985805
leaf_weight=26.676111419626977 7.3206393572618236 80.193729535356397 1.2527287900447834 1.7623263895511656 1.3636836587102168 9.2302271789230854 6.5886640670942134 5.4472777759656301 2.3676513844984615 6.182755676098167 2.5015444874297827 7.1871434585191292 2.9395749907707822 1.7254274364095197 1.2927126855356617 16.943187902448702 7.9618921478977418 13.764678920735603 7.6703166687802877 22.730682626366615 1.2441178578883407 2.1292949141934514 4.6391854657558724 38.486978914123029 1.2313234321773041 1.0282940370962022 2.663024237495847 1.0523382561514152 23.503670911071822 0.84236767841502924
leaf_count=893 3682 81961 24 45 28 7986 514 151 64 121 75 209 349 37 14 586 127 410 214 538 26 224 139 880 12 20 97 49 400 33
internal_value=5.05438e-10 -0.0348992 0.0228683 0.0156038 0.00998217 -0.045819 -0.0210077 0.00410365 -0.00748495 0.0121171 -0.0289309 0.0263008 0.000383476 -0.00670179 -0.0371908 0.0154996 0.00113971 0.0192126 0.0344454 0.0421986 0.0113793 0.0155861 0.00588262 0.0498306 0.0100359 0.0470337 0.0244802 0.00529515 0.0118666 0.00242738
internal_weight=309.924 122.689 187.235 147.495 121.758 96.0126 15.8189 89.5125 36.5933 52.9193 9.82218 32.2454 26.7711 20.6881 4.23229 47.472 16.4558 24.03 9.034 25.7371 3.00644 8.49391 6.76848 39.7397 14.996 8.21544 6.08301 3.41999 41.2892 17.7856
internal_count=99908 91354 8554 7650 7041 90461 8500 6148 4857 1291 3757 893 1100 890 363 1140 527 664 242 609 71 400 363 904 422 229 210 113 1019 619
is_linear=0
shrinkage=0.05


Tree=50
num_leaves=31
num_cat=0
split_feature=8 6 2 7 7 1 10 1 4 0 12 0 2 1 0 2 6 7 13 7 0 0 13 12 13 0 6 7 0 6
split_gain=89.963 19.7225 13.4243 8.08295 4.58927 3.77359 3.36677 2.51329 2.32096 2.09844 1.94395 1.68164 1.53842 1.29792 1.86302 1.27171 1.37514 1.4085 1.24754 1.24333 1.2303 1.27032 1.15561 1.53537 1.33338 1.60326 1.3826 1.26913 1.13462 1.19546
threshold=0.21240601688623431 0.21089696139097217 0.93750000000000011 0.99783548712730419 0.5275399684906007 0.92031747102737438 1.0000000180025095e-35 0.79388421773910534 1.0000000180025095e-35 0.88273492455482494 4.5000000000000009 0.73942822217941295 0.074175827205181136 0.90366768836975109 0.79772728681564342 0.57738095521926891 0.74646764993667614 0.89753684401512157 106.50000000000001 0.65129569172859203 0.87895438075065624 0.86706829071044933 2.5000000000000004 7.5000000000000009 4.5000000000000009 0.7897985875606538 0.46186167001724249 0.90976935625076305 0.64174234867095958 0.82621711492538463
decision_type=2 2 2 2 2 2 2 2 2 2 2 2 2 2 2 2 2 2 2 2 2 2 2 2 2 2 2 2 2 2
left_child=1 18 3 6 -3 -6 7 8 12 -8 11 -9 28 14 -13 -15 -17 -18 -1 -4 21 -5 23 -12 25 -24 -26 -27 29 -2
right_child=2 4 19 20 5 -7 9 10 -10 -11 22 13 -14 15 -16 16 17 -19 -20 -21 -22 -23 24 -25 26 27 -28 -29 -30 -31
leaf_value=0.0020365176198520515 -0.050259802135304704 -0.050346898962705271 -0.00015924195577039931 0.037375083099787487 -0.042769483255160508 0.01075173107714246 0.016544178084818877 0.041989922577061078 0.006451967662424337 0.046900031129152885 -0.0087063423465606696 -0.045656648749698041 -0.047136248968419836 0.043686630173846046 0.0074679633679040295 0.030973149459540952 -0.023785350045020064 0.014552976322654981 0.065466391080481814 0.051116148687386821 0.057093523157394722 -0.017371572676335989 0.0033604472353990717 0.031907140687416749 0.040707589588947345 -0.083694848794276716 -0.0064427963217089214 -0.016648492922824592 0.056495228852849133 0.019069694209998215
leaf_weight=25.089386960840788 1.3469584635167855 75.684778928407468 1.2230582106858481 14.684802835341545 7.2590121616376546 6.0284937717369758 22.644337819510842 5.4142849817872039 8.1194018180249259 7.6052022110670796 4.3088147849775869 1.9644176410511125 5.3803674994560424 4.287492353469136 10.321137880324384 6.8709174040704992 3.4909575842320901 7.6358760371804237 0.79990245774388213 35.434951988048851 8.4066993501037341 1.141990637872367 2.0283964966656667 5.0597457999829203 1.7873397631919932 1.6315676099620762 11.948376657499464 1.243969118222594 0.6368558621034025 1.1549114115186965
leaf_count=882 588 83745 24 385 6333 383 664 70 784 229 60 56 3331 81 196 106 55 107 11 880 203 21 51 98 43 28 380 25 15 74
internal_value=6.91259e-11 -0.0344125 0.0224874 0.0153943 -0.0455888 -0.0184871 0.00985887 0.00474153 -0.0126766 0.0241761 0.00900388 0.0160796 -0.0309076 0.0120217 -0.00102648 0.019215 0.0133853 0.00252462 0.00399631 0.0494054 0.0416356 0.0334248 -0.00109762 0.0132281 -0.00829792 -0.030679 -0.000307422 -0.0546903 -0.00308875 -0.018256
internal_weight=290.634 114.862 175.773 139.115 88.9723 13.2875 114.881 84.6318 16.6385 30.2495 67.9933 39.9851 8.51909 34.5708 12.2856 22.2852 17.9978 11.1268 25.8893 36.658 24.2335 15.8268 28.0082 9.36856 18.6396 4.90393 13.7357 2.87554 3.13873 2.50187
internal_count=99908 91354 8554 7650 90461 6716 7041 6148 4792 893 1356 671 4008 601 252 349 268 162 893 904 609 406 685 158 527 104 423 53 677 662
is_linear=0
shrinkage=0.05


Tree=51
num_leaves=31
num_cat=0
split_feature=7 7 2 8 0 7 2 2 7 4 10 7 6 10 13 0 6 6 2 8 6 6 2 2 5 7 0 0 0 0
split_gain=81.4229 19.0417 13.7245 8.24396 4.18299 2.79876 2.79612 2.41844 2.3024 1.88333 1.80494 1.61147 1.42635 1.31758 1.26701 1.17598 1.07289 1.01223 1.00688 1.16302 1.53383 1.27366 1.21676 1.22454 0.972917 0.940681 0.91783 0.89346 0.871657 0.870602
threshold=0.60814762115478527 0.22557927668094638 0.93750000000000011 0.84807693958282482 0.87298336625099193 0.5085725486278535 0.64583334326744091 0.77500000596046459 0.72792208194732677 1.0000000180025095e-35 1.0000000180025095e-35 0.95101958513259899 0.90125367045402538 1.0000000180025095e-35 3.5000000000000004 0.9529346525669099 0.48369053006172186 0.35011520981788641 0.77500000596046459 0.44222222268581396 0.92012271285057079 0.68244633078575145 0.31666667759418493 0.6904762089252473 1.0000000180025095e-35 0.92380261421203624 0.71248623728752147 0.65733855962753307 0.98213717341423046 0.93405798077583324
decision_type=2 2 2 2 2 2 2 2 2 2 2 2 2 2 2 2 2 2 2 2 2 2 2 2 2 2 2 2 2 2
left_child=1 24 3 4 8 -3 29 10 9 -2 11 15 25 16 -8 -6 26 -4 19 21 -21 -18 -23 -24 -1 -9 -10 -26 -16 -7
right_child=2 5 17 -5 7 6 14 12 13 -11 -12 -13 -14 -15 28 -17 18 -19 -20 20 -22 22 23 -25 27 -27 -28 -29 -30 -31
leaf_value=-0.029727012107278791 -0.049970492404387216 -0.050335926117138621 -0.0076715099775564663 0.044321983858389424 0.0096652496396368026 -0.044652809053218126 -0.047439891895863839 -0.0080474884622328702 -0.017855299816824648 0.00031589191201258216 0.050221843343775857 0.048316058303316763 -0.042371544722785079 0.016733754648044493 0.044926234370445316 0.046603653265486898 -0.031004149204289202 0.051013638684492726 -0.038119095199075775 0.010018547640893273 -0.022449999509670526 -0.046940959263544045 0.017395698838681341 -0.037520355846319978 -0.056746601133392617 0.036783258411591239 0.032262875022092595 0.0082289227921334956 -0.012668702849377201 0.029560910524271941
leaf_weight=1.9967845234496078 3.5628882072924162 68.452703684946755 0.75126480311155219 19.528371927561238 14.767122024553837 7.4098717526503588 0.72370428883004967 2.9090687483549109 1.1478317900910031 3.9001150591357145 7.6863793618977061 4.6131756189279249 1.7754185777157543 19.10637072334066 2.027816205110867 2.522774505428969 5.2936449159460599 33.503486562054604 1.7660547364503134 27.15998220292386 4.1998641812242559 1.1700100829475539 5.960776865016669 1.2234727330505846 0.5420169204298898 1.9574825745075939 4.4747819570475258 22.154577255772892 0.97172479444998305 0.41743910824879993
leaf_count=192 2828 81801 12 474 248 7318 78 53 184 899 251 101 28 534 82 49 1194 904 43 877 130 499 188 22 110 39 84 585 84 17
internal_value=-2.62121e-10 -0.0346478 0.0214671 0.0142819 0.00918948 -0.0464944 -0.0237281 0.0232554 0.00273568 -0.0236912 0.0293758 0.0220603 -0.00401016 0.00549394 0.011941 0.0150549 0.00139534 0.0497266 -0.0010853 0.00036787 0.0056702 -0.0118157 0.000342981 0.00804353 0.00373348 0.00998487 0.0220315 0.00667724 0.0262679 -0.0406949
internal_weight=273.677 104.697 168.98 134.726 115.197 80.0033 11.5506 36.2314 78.9658 7.463 29.5895 21.9031 6.64197 71.5028 3.72325 17.2899 52.3964 34.2548 46.7738 45.0078 31.3598 13.6479 8.35426 7.18425 24.6934 4.86655 5.62261 22.6966 2.99954 7.82731
internal_count=99908 90267 9641 8725 8251 89380 7579 769 7482 3727 649 398 120 3755 244 297 3221 916 2953 2910 1007 1903 709 210 887 92 268 695 166 7335
is_linear=0
shrinkage=0.05


Tree=52
num_leaves=31
num_cat=0
split_feature=7 7 2 8 0 7 1 7 10 4 2 13 13 1 5 13 12 13 8 12 7 0 0 8 2 1 8 2 7 0
split_gain=72.9689 17.8926 12.8628 7.19083 4.12723 2.8578 2.68906 2.09048 1.95675 1.74267 1.73342 1.61918 1.47182 1.33619 1.31857 1.25867 1.23809 1.5096 1.08886 1.03288 1.29022 1.03652 1.28488 1.16386 1.03658 1.08996 1.02582 0.928798 0.912766 1.75945
threshold=0.60814762115478527 0.22557927668094638 0.93750000000000011 0.84807693958282482 0.88273492455482494 0.5085725486278535 0.93405798077583324 0.72792208194732677 1.0000000180025095e-35 1.0000000180025095e-35 0.77500000596046459 6.5000000000000009 3.5000000000000004 0.94570022821426403 1.0000000180025095e-35 6.5000000000000009 8.5000000000000018 1.0000000180025095e-35 0.77097901701927196 2.5000000000000004 0.84243628382682811 0.54923510551452648 0.73735308647155773 0.56385868787765514 0.27922078967094427 0.81892696022987377 0.13423423469066623 1.0000000180025095e-35 0.88478556275367748 0.94185259938240062
decision_type=2 2 2 2 2 2 2 2 2 2 2 2 2 2 2 2 2 2 2 2 2 2 2 2 2 2 2 2 2 2
left_child=1 14 3 4 7 -3 27 9 11 -2 13 28 -12 19 -1 -8 17 -15 -18 21 -21 -9 23 -23 -24 -26 -17 -7 29 -6
right_child=2 5 -4 -5 8 6 15 10 -10 -11 12 -13 -14 16 -16 26 18 -19 -20 20 -22 22 24 -25 25 -27 -28 -29 -30 -31
leaf_value=-0.034533041745336703 -0.049502942600013526 -0.050272287617323053 0.049352835824796992 0.042626492424073265 -0.029523479945459976 0.0060181499637891444 -0.039697066623491407 -0.036431800720639312 0.047175488544618616 -4.7464032576874187e-05 0.012005934061571584 0.035229495751803869 -0.051616464316512213 -0.033255992536013794 0.0068315523663834187 0.046547157686124517 0.0090164560948506594 0.029943404979732968 -0.041857134899757759 -0.027934257232404204 0.00092853231839121599 0.011589123189928989 0.050116326795585142 0.051690787780079434 -0.037510586999097338 0.0056780887902575378 -0.013683812196191173 -0.049117549659576744 0.016198124496589968 0.037220672991316268
leaf_weight=2.1095961081446175 3.2972299709508652 63.071404100221116 31.60367418336682 18.479936021380126 3.4265734283253613 0.87910446882596982 0.98238008434418578 1.0879464539175412 7.3014902588911346 3.8742310783127323 1.4759533023461693 8.2560945379082096 2.3665659483522177 1.0134954629465962 22.207481004297733 2.0007357362774205 8.9468450699932855 13.955787838902323 1.1919061271473754 4.7812392458727144 20.359160327061545 3.9521449352905647 1.0326830879785109 3.3370436429977417 1.8106824444839711 7.5616332406643778 1.0931735196500083 5.8249769506219309 10.025665066204963 1.3870924320071933
leaf_count=192 2828 81801 916 474 62 390 168 211 252 908 30 170 49 13 695 139 172 251 19 1356 1084 342 31 73 58 152 90 6792 165 25
internal_value=-2.84872e-10 -0.0339571 0.0207664 0.0137588 0.00892838 -0.0462059 -0.0224154 0.002972 0.0246134 -0.0227857 0.00550682 0.0174805 -0.0271784 0.00732621 0.00324302 0.00960976 0.0165269 0.0256645 0.00303578 0.00206669 -0.00456064 0.0109376 0.0138501 0.029948 0.00257282 -0.00266574 0.0252657 -0.0418876 0.00760554 -0.0102907
internal_weight=258.694 98.1689 160.525 128.921 110.441 73.8518 10.7804 80.0445 30.3969 7.17146 72.8731 23.0954 3.84252 69.0306 24.3171 4.07629 25.108 14.9693 10.1388 43.9225 25.1404 18.7821 17.6942 7.28919 10.405 9.37232 3.09391 6.70408 14.8393 4.81367
internal_count=99908 90267 9641 8725 8251 89380 7579 7577 674 3736 3841 422 79 3762 887 397 455 264 191 3307 2440 867 656 415 241 210 229 7182 252 87
is_linear=0
shrinkage=0.05


Tree=53
num_leaves=31
num_cat=0
split_feature=7 7 2 7 10 1 7 1 1 0 12 0 0 5 7 2 7 13 1 0 2 12 1 0 7 13 13 6 12 1
split_gain=64.9938 17.2343 11.9602 5.99087 3.1499 3.01907 2.87417 2.74847 2.61163 1.71752 1.67393 1.66276 1.46079 1.24302 1.17194 1.32257 1.11595 1.11214 1.08585 1.24182 1.22075 1.22969 1.18184 1.60855 1.16821 0.989121 0.98698 0.983067 0.961567 1.34277
threshold=0.60814762115478527 0.22557927668094638 0.93750000000000011 0.99783548712730419 1.0000000180025095e-35 0.79388421773910534 0.5085725486278535 0.55625879764556896 0.93405798077583324 0.79772728681564342 4.5000000000000009 0.88273492455482494 0.73942822217941295 1.0000000180025095e-35 0.87198767066001903 0.44949495792388922 0.9765610694885255 6.5000000000000009 0.90521115064620983 0.79772728681564342 0.57738095521926891 3.5000000000000004 0.85912698507308971 0.87298336625099193 0.95101958513259899 12.500000000000002 22.500000000000004 0.35011520981788641 7.5000000000000009 0.95040982961654674
decision_type=2 2 2 2 2 2 2 2 2 2 2 2 2 2 2 2 2 2 2 2 2 2 2 2 2 2 2 2 2 2
left_child=1 -1 3 4 5 9 -3 -5 -8 14 12 -6 -7 -12 15 -2 -13 -10 19 -14 -20 -22 24 -24 -21 -23 -19 -4 29 -15
right_child=2 6 27 7 11 10 8 -9 17 -11 13 16 18 28 -16 -17 -18 26 20 22 21 25 23 -25 -26 -27 -28 -29 -30 -31
leaf_value=0.0036892793627849442 -0.043171497673445004 -0.050202579169207319 -0.0099845471826818227 -0.031384920244553846 0.016252128296485056 0.03954031541930994 -0.04140574955956098 0.042852912257415804 -0.037435143549005463 0.050597445357612805 -0.024558711139375647 0.054269842593244411 -0.039527447450041324 -0.04255625863264681 -0.0064529074405370278 0.026034180083197106 -0.0081112497649936423 0.040606297639307093 0.043887217951872802 0.037258145553088651 -0.00025052180476271526 0.016855910505761625 -0.044424197567515131 0.012444059219958392 -0.0302224747431535 0.060043014927323612 -0.029553798878756355 0.050198813957212762 0.011532675133599828 0.0035616134823908819
leaf_weight=23.534930498746689 6.3487066502566414 58.185435499355663 0.69502961030230181 1.334214477334174 19.793380524410171 5.1606154315231825 6.2368158718745672 19.019088985398412 0.91498889174545217 0.87729021062841717 4.8611336463945944 5.3664730214513829 1.8088495696429188 2.3103866899618906 6.6446527292137034 0.77458524933899742 0.82748251687735308 2.341634572250769 3.6710185352712896 3.5307502333016583 9.083612894406544 5.3975626244209698 2.0809673678013496 3.0896978061646223 0.78372135758399952 1.7575101573020218 0.63779679191065941 28.585173834348097 13.330350260453995 4.9814315820112824
leaf_count=887 4857 81801 12 39 645 106 7182 570 168 40 312 213 76 110 622 60 20 150 84 90 159 109 78 69 15 24 79 904 340 87
internal_value=4.58981e-10 -0.0332111 0.020054 0.0132088 0.00828782 0.00317843 -0.0459231 0.0379864 -0.0213456 -0.0172347 0.00801217 0.0233271 0.0148982 -0.00181405 -0.0215569 -0.0356461 0.045936 0.0107803 0.0108227 -0.00156127 0.0178477 0.011961 0.00567902 -0.0104429 0.0250003 0.027464 0.0255874 0.0487702 0.0035474 -0.0110507
internal_weight=243.965 91.8516 152.114 122.833 102.48 76.4928 68.3167 20.3533 10.1312 14.6452 61.8476 25.9873 36.3643 25.4833 13.7679 7.12329 6.19396 3.89442 31.2037 11.294 19.9097 16.2387 9.48514 5.17067 4.31447 7.15507 2.97943 29.2802 20.6222 7.29182
internal_count=99908 90267 9641 8725 8116 7238 89380 609 7579 5579 1659 878 810 849 5539 4917 233 397 704 328 376 292 252 147 105 133 229 916 537 197
is_linear=0
shrinkage=0.05


Tree=54
num_leaves=31
num_cat=0
split_feature=8 6 12 10 7 8 1 1 6 0 1 0 0 6 12 6 7 1 7 8 12 8 7 12 6 6 0 13 13 7
split_gain=58.5257 16.6992 10.8745 5.97399 3.80756 3.0441 2.83353 2.17727 2.08086 1.92249 1.8694 1.71191 1.95052 1.42249 1.37682 1.40221 1.3717 1.55432 1.30928 1.18854 1.12846 2.44362 0.964389 0.94034 0.860827 0.858867 0.837744 0.826373 0.961607 0.81907
threshold=0.21240601688623431 0.21089696139097217 1.0000000180025095e-35 1.0000000180025095e-35 0.5275399684906007 0.54006412625312816 0.92031747102737438 0.86425063014030468 0.846389800310135 0.88273492455482494 0.90645834803581249 0.98529094457626354 0.6832355558872224 0.49700556695461279 5.5000000000000009 0.63191848993301403 0.99783548712730419 0.55625879764556896 0.82793453335762035 0.29289215803146368 8.5000000000000018 0.68990385532379161 0.93369963765144359 15.500000000000002 0.88322511315345775 0.76552855968475353 0.81530213356018078 4.5000000000000009 1.0000000180025095e-35 0.89753684401512157
decision_type=2 2 2 2 2 2 2 2 2 2 2 2 2 2 2 2 2 2 2 2 2 2 2 2 2 2 2 2 2 2
left_child=1 -1 7 5 -3 11 25 22 14 16 -10 12 24 18 -7 -16 27 -18 -14 -9 21 -12 26 -17 -4 -6 -2 28 -5 -15
right_child=2 4 3 9 6 8 -8 19 10 -11 20 -13 13 29 15 23 17 -19 -20 -21 -22 -23 -24 -25 -26 -27 -28 -29 -30 -31
leaf_value=0.0044703828430941997 -0.033384420133127382 -0.050216196782835155 -0.028206277802646881 -0.014605564957845436 -0.045800739073911183 0.036177888553171084 0.010154690194906077 0.016627510585773678 -0.020790036416168004 0.050864271323822888 -0.019446456378984303 -0.082355190475996654 0.0011249200071349651 -0.0097419544139216475 0.047141757472087847 -0.010504582543703322 -0.022712187309467502 0.054642822895372728 0.049839598781706962 0.051593791833240234 -0.012960442900631714 0.044093992265293924 0.033469399771213396 0.042257679409497803 0.019966030743615748 0.055898019226130614 0.050217235953207852 0.0080553247758256181 0.039047376251367935 0.0095850915164934786
leaf_weight=23.211974364792695 1.5149510641058435 54.665067525056656 8.7539307968982012 0.99109299833072384 5.3453845590411202 12.119136590859855 4.9508480656077154 2.6589715750888017 5.9657607757253563 8.3208905055653286 2.1639289469458145 0.70608198083937068 2.7507755905389812 14.937872281239835 1.9005733318626861 5.2018847538856789 0.74886733945459028 4.8884405388962477 2.7664144157897681 28.256028608884662 2.6927327150478959 5.0311043453402817 1.9208041634410618 1.0081121600233016 1.037275238893925 0.21599209166015487 0.37354087689891446 11.451913009135749 5.3067128352122381 8.659886147361247
leaf_count=893 240 83745 3919 26 6326 284 383 71 205 317 50 5 165 847 45 144 22 208 48 896 55 112 48 35 27 7 15 406 205 159
internal_value=2.78489e-10 -0.0319471 0.0198679 0.0120039 -0.0449167 0.00437185 -0.0173583 0.0441915 0.0148776 0.0302238 0.00131411 -0.00519794 -0.00379766 0.0026946 0.0255069 0.00956199 0.0228801 0.0443669 0.0255513 0.0485864 0.0146506 0.024984 0.00852404 -0.00193932 -0.0231029 -0.041851 -0.0168481 0.0160558 0.030604 -0.00264933
internal_weight=230.517 88.3893 142.128 107.403 65.1773 75.6955 10.5122 34.7243 36.0832 31.7079 15.8535 39.6122 38.9062 29.1149 20.2297 8.11057 23.387 5.63731 5.51719 30.915 9.88777 7.19503 3.8093 6.21 9.79121 5.56138 1.88849 17.7497 6.29781 23.5978
internal_count=99908 91354 8554 7284 90461 6100 6716 1270 930 1184 422 5170 5165 1219 508 224 867 230 213 967 217 162 303 179 3946 6333 255 637 231 1006
is_linear=0
shrinkage=0.05


Tree=55
num_leaves=31
num_cat=0
split_feature=8 6 2 8 7 10 2 4 0 12 0 2 0 0 2 6 7 2 2 7 8 7 13 7 13 0 13 0 13 13
split_gain=52.298 16.1992 10.738 5.80923 3.7014 3.01992 2.42857 1.8543 1.55386 1.54753 1.27812 1.29825 1.19645 1.10092 0.972234 1.04956 1.83592 1.13186 0.963114 0.911729 0.902816 1.16523 0.925039 0.882374 0.810268 0.996327 0.793873 0.771138 0.757336 0.861574
threshold=0.21240601688623431 0.21089696139097217 0.93750000000000011 0.8603896200656892 0.51103001832962047 1.0000000180025095e-35 0.57738095521926891 1.0000000180025095e-35 0.88273492455482494 4.5000000000000009 0.62432795763015758 0.44949495792388922 0.9529346525669099 0.90521115064620983 0.087121214717626586 0.78696113824844371 0.87198767066001903 0.31666667759418493 0.080128207802772536 0.93369963765144359 0.73030304908752453 0.95904389023780834 4.5000000000000009 0.71654227375984203 5.5000000000000009 0.91945946216583263 106.50000000000001 0.77232852578163158 44.500000000000007 23.500000000000004
decision_type=2 2 2 2 2 2 2 2 2 2 2 2 2 2 2 2 2 2 2 2 2 2 2 2 2 2 2 2 2 2
left_child=1 26 3 5 -3 7 13 9 20 10 11 -2 14 -6 -9 17 27 -16 -11 28 22 -22 -7 -4 25 -12 -1 -17 29 -19
right_child=2 4 23 -5 6 8 -8 12 -10 18 24 -13 -14 -15 15 16 -18 19 -20 -21 21 -23 -24 -25 -26 -27 -28 -29 -30 -31
leaf_value=0.0032428364738576482 -0.055448094357437798 -0.0505655733921508 0.012395927869269166 0.043219363120729389 -0.046750818652195131 0.041984338850370589 0.0056029666844955167 0.044694913386792469 0.045703124546366436 0.0039024976486212678 0.039411910318573246 0.028700570430655287 0.040421277238385782 0.046067456598384265 -0.02785986079961978 0.0077494418494383046 0.0035666982647521404 0.0085183690694440872 -0.03547215561605753 0.031845513415342398 -0.045788024349209588 0.011133395310210107 0.014037192537912527 0.051596352150728747 -0.0032776317822568895 -0.049981814251234082 0.060744900100993787 -0.044675101163031632 0.043721870823622111 -0.046138449099322465
leaf_weight=22.134451620979238 1.5239630841824712 49.327501982887043 1.530769567471 13.57622710149735 5.3812335797992983 4.4108325745910468 5.3586012337473221 1.5736431210534636 5.9152879863977423 2.0340873222448845 3.1755680626665712 0.65551316272467364 2.657399784307926 0.33963305994984683 1.636245040193901 0.90071047679521399 21.29022832098417 14.086977982748071 6.5670495869417209 6.0227049444802097 1.1453450173139561 4.1816459728870541 9.0074179332004842 23.072266445262358 3.5231372723064851 0.34561732225120056 0.61697005294263263 3.1709479750134051 1.4381054094992567 0.7599089787690908
leaf_count=882 827 81961 45 439 7641 201 838 72 256 420 196 17 70 21 463 23 415 523 2395 141 22 109 376 859 513 5 11 64 22 81
internal_value=-1.48421e-10 -0.0311565 0.0193062 0.0126051 -0.0446998 0.0082767 -0.0185846 0.00306415 0.0233606 -0.010904 0.00332247 -0.030139 0.00771481 -0.0412404 0.00600658 0.0047718 -0.00231633 0.0122797 -0.0261604 0.0152239 0.0163101 -0.00110516 0.0232239 0.0491574 0.0136753 0.0306376 0.00480217 -0.033078 0.00907668 0.00572087
internal_weight=217.36 83.1584 134.202 109.599 60.407 96.0223 11.0795 71.3618 24.6605 17.8249 9.2238 2.17948 53.5369 5.72087 50.8795 49.3058 25.3619 23.9439 8.60114 22.3077 18.7452 5.32699 13.4183 24.603 7.04432 3.52119 22.7514 4.07166 16.285 14.8469
internal_count=99908 91354 8554 7650 90461 7211 8500 6247 964 4373 1558 844 1874 7662 1804 1732 502 1230 2815 767 708 131 577 904 714 201 893 87 626 604
is_linear=0
shrinkage=0.05


Tree=56
num_leaves=31
num_cat=0
split_feature=8 6 2 7 7 1 10 1 2 0 2 1 0 0 4 0 7 6 6 8 13 8 2 7 2 0 0 6 1 6
split_gain=45.2482 15.9704 10.2735 5.08329 3.93504 3.20728 2.2965 2.02395 1.66959 2.02634 1.93392 1.5105 1.308 1.18636 1.10939 1.22003 1.0923 1.0513 0.91977 0.893198 1.32434 1.12314 0.88922 0.842321 0.836369 1.97307 1.53561 0.809424 0.785258 0.863705
threshold=0.21240601688623431 0.21089696139097217 0.93750000000000011 0.99783548712730419 0.51103001832962047 0.92031747102737438 1.0000000180025095e-35 0.81892696022987377 0.074175827205181136 0.60421237349510204 0.31666667759418493 0.71834936738014232 0.88273492455482494 0.63859337568283092 1.0000000180025095e-35 0.62767899036407482 0.9765610694885255 0.82621711492538463 0.95912683010101329 0.61721614003181469 1.0000000180025095e-35 0.58957219123840343 0.77500000596046459 0.71654227375984203 0.64583334326744091 0.8263767957687379 0.88989898562431347 0.76552855968475353 0.83047896623611461 0.78696113824844371
decision_type=2 2 2 2 2 2 2 2 2 2 2 2 2 2 2 2 2 2 2 2 2 2 2 2 2 2 2 2 2 2
left_child=1 24 3 6 -3 27 7 8 9 17 -10 13 22 18 -12 -16 -14 -2 -5 21 -21 28 -8 -4 26 -26 -1 -6 -9 -30
right_child=2 4 23 11 5 -7 12 19 10 -11 14 -13 16 -15 15 -17 -18 -19 -20 20 -22 -23 -24 -25 25 -27 -28 -29 29 -31
leaf_value=-0.028597989693739823 -0.052642737417096942 -0.050540713321959974 0.012080693983821429 0.0083877304515948183 -0.045997429301198427 0.012775100936019069 0.017600030536705374 0.045536807039776701 -0.047081498754437054 0.054010105912928111 -0.040455524735280093 0.043399934980319993 0.053772898410788986 0.051099847250157759 0.04498238491016833 -0.0092260975271020156 -0.012971224320045492 0.019176881533263464 -0.070896958712580713 -0.01785994641403835 0.021373529732152813 -0.0544397946989644 -0.026767926214646028 0.051301340585815362 0.049674147530053572 0.0037245161459465524 0.02227435862310622 0.057738485101734252 0.0094207834822660624 -0.0075045305417853012
leaf_weight=3.9753734621626817 1.0810892849403897 45.506282510352321 1.4630544828251029 0.82588933501392892 5.4502677341079089 4.9314961220661644 16.345284038892721 1.0869330446002994 4.8162076320440956 1.7945579125662332 1.7348177044768816 14.115663222270085 4.1304782796651116 0.73111915681511153 1.4331420238304415 3.7640941122663207 0.71981983166187991 0.96380791347473849 0.65662607364356518 2.4893752671778229 15.820760171860455 0.85081608407199283 1.2131169289350499 21.283649927470833 2.8362215910456152 13.252808532328345 2.3664191188872792 0.19476299532107066 17.910435423546009 13.014859452610834
leaf_count=497 609 81961 45 35 7979 514 646 42 3062 63 786 538 209 26 85 232 20 74 10 61 307 23 18 859 53 270 73 7 557 247
internal_value=8.53348e-10 -0.0298942 0.0183016 0.0117304 -0.0441556 -0.0166834 0.00703373 0.00238492 -0.013389 0.0152354 -0.0227437 0.0373778 0.0208837 -0.00102337 -0.00583445 0.00572193 0.0438676 -0.0187925 -0.0267285 0.00718975 0.0160395 0.00225899 0.0145346 0.0487787 0.00576305 0.0118247 -0.00961514 -0.0424184 0.00376592 0.00229779
internal_weight=206.759 78.5136 128.246 105.499 56.0828 10.5765 89.1696 66.7609 15.5877 3.83946 11.7483 16.3293 22.4087 2.21363 6.93205 5.19724 4.8503 2.0449 1.48252 51.1732 18.3101 32.863 17.5584 22.7467 22.4308 16.089 6.34179 5.64503 32.0122 30.9253
internal_count=99908 91354 8554 7650 90461 8500 7041 6148 4911 746 4165 609 893 71 1103 317 229 683 45 1237 368 869 664 904 893 323 570 7986 846 804
is_linear=0
shrinkage=0.05


Tree=57
num_leaves=31
num_cat=0
split_feature=8 6 2 8 7 1 10 0 2 0 2 6 6 1 12 12 5 7 0 6 2 1 1 2 1 0 2 7 6 6
split_gain=42.3217 14.2846 9.40972 5.14363 3.56615 2.72023 2.31902 1.87436 1.71617 1.47625 1.27597 1.23238 1.21519 1.67139 1.03764 0.985068 1.00307 0.957019 1.64325 1.00562 1.19068 0.956857 0.87995 0.876686 0.865672 0.857315 0.819027 0.811658 0.808932 0.779309
threshold=0.21240601688623431 0.21089696139097217 0.93750000000000011 0.8603896200656892 0.51103001832962047 0.92031747102737438 1.0000000180025095e-35 0.64174234867095958 0.087121214717626586 0.88273492455482494 0.44949495792388922 0.88322511315345775 0.50641131401062023 0.81418704986572277 10.500000000000002 4.5000000000000009 1.0000000180025095e-35 0.89753684401512157 0.7897985875606538 0.66821706295013439 0.77500000596046459 0.91331186890602123 0.92031747102737438 0.64583334326744091 0.73942822217941295 0.74115687608718883 0.77500000596046459 0.71654227375984203 0.76552855968475353 0.82621711492538463
decision_type=2 2 2 2 2 2 2 2 2 2 2 2 2 2 2 2 2 2 2 2 2 2 2 2 2 2 2 2 2 2
left_child=1 22 3 6 -3 -6 7 10 -9 26 11 -2 -10 -14 -12 25 28 18 -18 -19 21 -21 23 -1 -5 -15 -8 -4 -17 -20
right_child=2 4 27 24 5 -7 9 8 12 -11 14 -13 13 15 -16 16 17 19 29 20 -22 -23 -24 -25 -26 -27 -28 -29 -30 -31
leaf_value=-0.026271384967972451 -0.037419133274033962 -0.050518475330544203 0.01180553126236835 0.005508300860399616 -0.041918537138098094 0.010477020945144116 0.01738326798483409 0.05759661988830847 0.024585883932152833 0.044960211080866591 0.026293438058357078 0.015694403579087392 -0.028502193954540286 0.041933139243998947 -0.033558440539360884 -0.066551915084910138 0.019265021148551151 0.045922474305963815 -0.017864572350002685 -0.033400006066931026 -0.033224776110539082 0.022137054271832574 0.009317100646990456 0.046265152878715805 0.046921599891855167 0.0086287838216954418 -0.025833648237025206 0.051079955644753886 -0.010099205959280377 -0.066527448175794715
leaf_weight=3.3350604391598639 6.080111163275431 42.051490182173438 1.4098617108538771 1.4286519032903005 5.2549875291952031 4.6862439442775212 15.909591672854736 1.5986687848344434 6.9179320399998678 5.1429155413061372 2.4725413079140712 1.3312556650489566 4.0650730032939455 2.1104161497205522 1.0240853525465352 1.0450370618782483 2.1314806277514444 1.6724803075194339 2.1516342378454287 0.91433981945738185 1.7421752670779822 5.1101592131890357 17.385934282327071 0.47600728063844133 10.808935540029777 22.897385972959455 1.1774377727415402 19.656823814380914 1.615622581914067 1.3320687329396603
leaf_count=458 3585 81961 45 44 7986 514 689 53 374 256 76 92 1000 38 25 74 78 27 64 29 47 98 428 7 395 525 19 859 37 25
internal_value=-2.48031e-10 -0.0300475 0.0180635 0.011705 -0.0441516 -0.0172195 0.00750107 0.00280978 0.00654589 0.0214742 -0.0161326 -0.0278787 0.00502625 0.00213422 0.00876413 0.00504927 -0.00397143 0.00103039 -0.0153146 0.0107537 0.00318045 0.0137082 0.00454745 -0.0172115 0.0420869 0.0114393 0.0144053 0.0484516 -0.0322723 -0.0364719
internal_weight=194.936 73.1897 121.747 100.68 51.9927 9.94123 88.4424 66.2125 55.3045 22.2299 10.908 7.41137 53.7058 46.7879 3.49663 42.7228 17.715 15.0543 5.61518 9.43915 7.76667 6.0245 21.197 3.81107 12.2376 25.0078 17.087 21.0667 2.66066 3.4837
internal_count=99908 91354 8554 7650 90461 8500 7211 6247 2469 964 3778 3677 2416 2042 101 1042 479 368 167 201 174 127 893 465 439 563 708 904 111 89
is_linear=0
shrinkage=0.05


Tree=58
num_leaves=31
num_cat=0
split_feature=8 6 12 8 7 1 0 1 10 0 8 6 7 12 6 8 8 0 4 0 8 13 8 10 13 12 0 0 13 6
split_gain=38.1394 13.2036 8.55614 3.87908 3.57169 2.60612 2.0109 1.6304 1.31895 1.4118 1.03176 1.02268 1.16656 1.002 0.981186 0.970419 0.950003 0.941189 0.878922 1.26592 0.8297 0.816248 1.78092 1.28159 0.782637 0.921725 0.781182 1.07576 1.50728 1.53949
threshold=0.21240601688623431 0.21089696139097217 1.0000000180025095e-35 0.8441295623779298 0.51103001832962047 0.92031747102737438 0.6832355558872224 0.84273937344551098 1.0000000180025095e-35 0.88273492455482494 0.3717105239629746 0.49700556695461279 0.82793453335762035 2.5000000000000004 0.38967698812484747 0.71825397014617931 0.32200460135936743 0.29459981620311743 1.0000000180025095e-35 0.66987180709838878 0.29289215803146368 5.5000000000000009 0.94281044602394115 1.0000000180025095e-35 6.5000000000000009 8.5000000000000018 0.70438539981842052 0.87570226192474376 3.5000000000000004 0.92012271285057079
decision_type=2 2 2 2 2 2 2 2 2 2 2 2 2 2 2 2 2 2 2 2 2 2 2 2 2 2 2 2 2 2
left_child=1 -1 7 6 -3 -6 10 -2 11 15 18 12 14 -12 -8 24 -16 -15 -4 -20 -9 22 23 -5 -10 -26 -13 28 29 -28
right_child=2 4 3 21 5 -7 8 20 9 -11 13 26 -14 17 16 -17 -18 -19 19 -21 -22 -23 -24 -25 25 -27 27 -29 -30 -31
leaf_value=0.0041282607637117717 -0.00076886762345910228 -0.050498951908348355 -0.043706725807265499 -0.026471906776392003 -0.0414428347717401 0.010962246616990551 -0.067446870931346506 0.018572677404579963 0.042368611186484016 0.047846755768179206 0.025449794012765699 0.030833205025275368 0.045954708252828186 0.04877426698436646 -0.010785911166772376 -0.012060092519775602 0.059639664245985463 -0.01300995315081209 0.013630511867370533 -0.091833288547422523 0.04908845178112891 0.052382896316224829 0.047794908325787533 0.033970930715218395 0.023943981105653045 -0.02699902725423722 0.019387806796638221 0.011501380836497139 -0.017268545987568103 -0.029966920573156797
leaf_weight=20.478846524754772 2.0181262680125682 38.834378829327761 3.2235450324078583 2.0078787738457304 4.9454724929892091 4.559781777090393 0.43938702280865927 2.4790481152012971 3.0204089556355012 4.2127186278812578 2.7881368914386249 2.4233123845478977 3.1992477366002277 0.66299497513682482 1.3169619142136073 2.7325099804438651 0.75245103158522386 8.7704017944342905 1.8466817782900764 0.33636308327550057 21.949606325360946 4.6950213732197881 4.2715353338280693 1.55712225753814 3.0643923911266029 1.2501519783399997 7.6339640030637401 15.766285128425805 12.246347849068114 1.9923704206012187
leaf_count=893 274 81961 2678 42 7986 514 20 78 117 214 213 238 67 41 131 77 16 1080 502 23 918 159 240 46 110 28 213 352 620 57
internal_value=5.65466e-10 -0.02952 0.0174145 0.0100827 -0.0437749 -0.0163035 0.00591821 0.0424234 0.0102769 0.0235433 -0.00892986 0.00613789 0.0259382 -0.000884334 0.000412952 0.0133735 0.0148213 -0.00866765 -0.0271167 -0.00261933 0.0459917 0.0358967 0.0260194 -7.16654e-05 0.0228483 0.00918309 0.00331675 0.00154516 -0.0056315 0.00917282
internal_weight=185.475 68.8185 116.657 90.2102 48.3396 9.50525 77.6786 26.4468 60.0505 14.2802 17.6281 45.7703 5.70805 12.2215 2.5088 10.0675 2.06941 9.4334 5.40659 2.18304 24.4287 12.5316 7.83654 3.565 7.33495 4.31454 40.0623 37.639 21.8727 9.62633
internal_count=99908 91354 8554 7284 90461 8500 6797 1270 2260 546 4537 1714 234 1334 167 332 147 1121 3203 525 996 487 328 88 255 138 1480 1242 890 270
is_linear=0
shrinkage=0.05


Tree=59
num_leaves=31
num_cat=0
split_feature=7 7 2 7 7 2 0 1 10 13 7 2 2 4 2 0 12 7 0 5 12 0 13 0 10 0 6 13 7 13
split_gain=35.2821 12.3556 8.75036 4.27804 2.33363 1.94925 1.61376 1.28344 1.25798 1.29578 1.16946 1.3213 2.46751 1.21824 1.16421 1.13427 1.48102 1.03698 1.03276 0.938706 1.53186 0.953483 0.930938 0.901361 0.833568 1.01633 1.12726 0.867363 0.817845 0.724295
threshold=0.60814762115478527 0.22557927668094638 0.93750000000000011 0.99783548712730419 0.5085725486278535 0.73214286565780651 0.88273492455482494 0.55625879764556896 1.0000000180025095e-35 4.5000000000000009 0.72792208194732677 0.080128207802772536 0.31666667759418493 1.0000000180025095e-35 0.77500000596046459 0.60421237349510204 12.500000000000002 0.9765610694885255 0.98213717341423046 1.0000000180025095e-35 6.5000000000000009 0.83047896623611461 7.5000000000000009 0.92907443642616283 1.0000000180025095e-35 0.87895438075065624 0.82621711492538463 6.5000000000000009 0.89753684401512157 69.500000000000014
decision_type=2 2 2 2 2 2 2 2 2 2 2 2 2 2 2 2 2 2 2 2 2 2 2 2 2 2 2 2 2 2
left_child=1 29 3 6 -3 -6 10 -5 9 23 13 15 19 -2 -14 16 -12 -10 -7 21 -21 -13 -16 28 25 26 -9 -28 -8 -1
right_child=2 4 -4 7 5 18 8 24 17 -11 11 12 14 -15 22 -17 -18 -19 -20 20 -22 -23 -24 -25 -26 -27 27 -29 -30 -31
leaf_value=-0.0016718748468959621 -0.04916675039808438 -0.049977195811143044 0.048256031463990143 -0.022982057417960323 -0.037568334321538444 0.044609118565593082 -0.042009638343733668 0.041629201668115359 0.054038295289170195 0.027927096561802218 -0.046521549458908774 -0.0619423591227437 0.0074497935988860897 0.00053206883630685061 -0.0049485225265817837 0.05840725675993097 0.038392481995940343 -0.015124132352613682 -0.020514234477315946 -0.042034930850826636 0.043561034831533958 0.079665081534633642 -0.065753926535412718 0.015701528298392345 0.054232032640751417 0.059629418240560866 -0.028094613593539354 0.032888703228937534 0.00025851589002953305 0.022567034714898657
leaf_weight=15.706084037141411 2.1844356815126948 36.20980261056684 18.447835855418816 0.84783586114644904 4.8186993259587316 1.4312966616998892 1.7629143332596919 2.3303916861768794 3.4165129847824565 7.4096274829935274 0.8264656201936299 2.2805692035035459 42.70250991001376 2.8311331531876931 1.8264978770166629 1.9935681123752145 1.3560477443388661 0.64414593554101873 1.0593902623513713 1.373665787978098 0.84376265620812763 0.12540922686457623 0.96048756502568711 4.8153652320615947 5.9369251246098429 1.8965158560313282 1.6455206165555867 0.90305049903690804 3.2619538777507842 3.8343905913061453
leaf_count=732 2828 81801 916 39 7380 73 39 89 213 207 350 1418 1608 908 50 75 90 20 126 53 74 2 27 85 339 75 38 29 69 155
internal_value=-1.18698e-10 -0.0299448 0.0167666 0.0105982 -0.0447752 -0.0190049 0.0062275 0.0365817 0.0180288 0.0121347 0.00198683 0.00412097 0.00186919 -0.0211133 0.00540632 0.0311422 0.00623757 0.043067 0.0169095 -0.0329324 -0.00946446 -0.0545612 -0.0259041 0.000243131 0.0405542 0.0285693 0.0164958 -0.00648603 -0.0145708 0.00308448
internal_weight=175.683 63.0597 112.623 94.1753 43.5192 7.30939 80.6151 13.5602 21.3105 17.2499 59.3046 54.289 50.1129 5.01557 45.4895 4.17608 2.18251 4.06066 2.49069 4.62341 2.21743 2.40598 2.78699 9.84023 12.7124 6.77548 4.87896 2.54857 5.02487 19.5405
internal_count=99908 90267 9641 8725 89380 7579 8116 609 633 400 7483 3747 3232 3736 1685 515 440 233 199 1547 127 1420 77 193 570 231 156 67 108 887
is_linear=0
shrinkage=0.05


Tree=60
num_leaves=31
num_cat=0
split_feature=8 6 2 8 7 1 0 2 10 0 2 2 1 7 13 13 13 13 13 7 8 2 1 6 6 7 8 0 13 1
split_gain=31.9385 11.5507 7.69305 4.31248 3.19807 2.17804 1.62588 1.45577 1.23882 1.08458 1.81196 1.32985 1.66124 1.27233 1.03 0.996448 0.899909 0.845271 0.942307 1.28323 1.02788 1.10802 1.22461 0.836882 0.827315 0.810305 0.783899 0.767613 0.753959 0.743087
threshold=0.21240601688623431 0.21089696139097217 0.93750000000000011 0.8603896200656892 0.51103001832962047 0.92031747102737438 0.88273492455482494 0.77500000596046459 1.0000000180025095e-35 0.64174234867095958 0.087121214717626586 0.44949495792388922 0.77712419629096996 0.88478556275367748 43.500000000000007 4.5000000000000009 3.5000000000000004 28.500000000000004 1.0000000180025095e-35 0.87198767066001903 0.54006412625312816 0.73214286565780651 0.94570022821426403 0.68244633078575145 0.51382517814636242 0.71654227375984203 0.42582418024539953 0.53001201152801525 69.500000000000014 0.73942822217941295
decision_type=2 2 2 2 2 2 2 2 2 2 2 2 2 2 2 2 2 2 2 2 2 2 2 2 2 2 2 2 2 2
left_child=1 28 3 6 -3 -6 7 9 15 11 -11 13 -13 -2 17 -8 -9 18 19 -12 21 22 23 24 -20 -4 -23 -14 -1 -5
right_child=2 4 25 29 5 -7 8 16 -10 10 14 12 27 -15 -16 -17 -18 -19 20 -21 -22 26 -24 -25 -26 -27 -28 -29 -30 -31
leaf_value=-0.0019406229475313998 -0.041392575279956795 -0.050461019316856863 0.008264864429633402 0.0050403357490895855 -0.04084684327348815 0.0096867357830008414 0.0022888984859391988 0.0052359750045622164 0.043439979581218924 0.056750606564910183 0.043163928503825236 0.058569469454200274 0.039254883576957181 -0.0020883656570765551 0.040880705856583113 0.027482119745860741 -0.052736252959461022 -0.033558884119528912 0.0024031569727649502 -0.039069243309568305 0.015992286589807721 0.0045459366061264802 0.029423717750030488 0.0078097829284867045 -0.044336338429456848 0.050677865748798595 -0.049615587381089593 -0.019036600100320926 0.02218888060568458 0.046838068882920719
leaf_weight=15.355121895147024 3.8319588989252207 33.357201958802762 1.2134009518194968 1.2102077452000219 4.3646954243449709 4.168950102161034 9.410822250414645 1.0457892324775451 4.1448353740852317 1.8459254923509423 0.60022051585838143 1.4039171142503608 0.72221130132675204 4.4502791214908939 2.0225723088078658 6.7329323017038396 1.8600657819770274 1.4217870687425591 1.757991173974004 2.2632226096466184 18.566982428077608 1.0623350383248171 3.6436578414868555 5.4223188876057975 2.0517235488077858 15.65844496747013 1.8000541916117072 2.5907216564519331 4.1022485265857531 8.7623478571185824
leaf_count=737 3432 81961 45 44 7986 514 195 29 256 78 49 40 12 495 103 203 50 223 217 75 486 22 110 314 705 859 33 84 156 395
internal_value=-8.021e-10 -0.0286873 0.0166822 0.010791 -0.0434734 -0.0161596 0.00686358 0.00262508 0.0190564 0.00443267 0.00830161 -0.00820442 0.0129872 -0.0202733 0.00609952 0.012796 -0.0318726 0.00427659 0.00572389 -0.0218319 0.00802398 -0.00137663 0.00487864 -0.0048087 -0.0227684 0.0476276 -0.0295143 -0.0063292 0.00314666 0.0417658
internal_weight=166.845 61.3482 105.497 88.6249 41.8908 8.53365 78.6523 58.3637 20.2886 55.4579 42.4588 12.9991 4.71685 8.28224 40.6129 16.1438 2.90586 38.5903 37.1685 2.86344 34.3051 15.7381 12.8757 9.23203 3.80971 16.8718 2.86239 3.31293 19.4574 9.97256
internal_count=99908 91354 8554 7650 90461 8500 7211 6557 654 6478 2415 4063 136 3927 2337 398 79 2234 2011 124 1887 1401 1346 1236 922 904 55 96 893 439
is_linear=0
shrinkage=0.05


Tree=61
num_leaves=31
num_cat=0
split_feature=7 7 2 8 7 2 10 0 2 8 2 0 2 6 6 12 0 6 7 13 12 1 2 12 13 8 7 13 0 13
split_gain=28.7519 11.0923 7.76694 3.73083 2.17839 1.75186 1.70924 1.5175 1.49519 1.41785 1.5836 1.22727 1.05919 1.13536 1.03163 0.964352 0.913441 0.873533 0.977248 0.93932 0.904946 0.70982 0.778741 0.973171 1.00652 0.760208 0.829419 0.706664 0.853305 0.99626
threshold=0.60814762115478527 0.22557927668094638 0.93750000000000011 0.8603896200656892 0.5085725486278535 0.73214286565780651 1.0000000180025095e-35 0.64174234867095958 0.087121214717626586 0.73030304908752453 0.77500000596046459 0.84877073764801036 0.44949495792388922 0.88322511315345775 0.71241438388824474 10.500000000000002 0.98213717341423046 0.53863716125488292 0.90976935625076305 41.500000000000007 4.5000000000000009 0.81418704986572277 0.6904762089252473 8.5000000000000018 3.5000000000000004 0.48913043737411505 0.89753684401512157 69.500000000000014 0.94185259938240062 72.500000000000014
decision_type=2 2 2 2 2 2 2 2 2 2 2 2 2 2 2 2 2 2 2 2 2 2 2 2 2 2 2 2 2 2
left_child=1 27 3 6 -3 -6 7 12 -9 11 -11 14 13 -2 -8 -14 -7 18 19 20 -10 25 -23 -24 -25 -19 -27 -1 29 -29
right_child=2 4 -4 -5 5 16 9 8 17 10 -12 -13 15 -15 -16 -17 -18 21 -20 -21 -22 22 23 24 -26 26 -28 28 -30 -31
leaf_value=-0.001972937137570031 -0.039346412965025758 -0.049868726538859237 0.047842863061033747 0.039369383678524723 -0.037172409870282364 0.043781764936576283 -0.014034911034385361 0.059314214527412805 0.014779064841821801 0.0080765865372828104 -0.074367701985742551 0.049045176569245667 0.025429422672539545 0.015263564871662798 0.026946522305770434 -0.035042782337044949 -0.019775080205078087 -0.050363807887443657 0.048852390948370322 0.036189072224899844 -0.031211736114047952 0.0076442500433070333 -0.00053506390295438141 0.0093726993481266178 -0.061069434650518201 0.058527621852537695 -0.019736768746563833 0.050698684413998052 0.041552675833295818 -0.037929650120861136
leaf_weight=14.941664464742646 4.9158204921404813 31.037337933397794 15.96350900409743 9.5350202443078143 4.2822938831232014 1.3325769868388309 2.0276841427694325 1.2564265458786383 2.6098558880039473 5.0778619576012707 0.65792378224432457 4.651638912735506 2.1700991244724723 1.1802845583006272 6.3283748828107491 0.94695369523833495 0.98185778656625178 1.3425122424523572 2.0239100200706162 2.1549614362447755 1.8123577307123921 25.195504963747226 8.1700598979368788 0.76217400562018101 1.5152787440456448 0.4452121605281717 1.4126154882251283 0.47924395167501577 2.2614917269675061 0.93706037860829383
leaf_count=732 3962 81801 916 439 7380 73 199 54 344 175 11 269 93 92 295 33 126 1037 66 229 287 773 187 28 55 20 77 13 53 89
internal_value=-2.46263e-10 -0.0287058 0.0158072 0.00987397 -0.0443229 -0.0182298 0.0062052 0.00195776 0.00547805 0.019329 -0.00138019 0.0284608 -0.0166505 -0.0287732 0.017002 0.0070581 0.0168189 0.00405235 0.0184701 0.00912101 -0.00406937 0.000859822 0.00288516 -0.00859201 -0.0374952 -0.0216968 -0.000981391 0.00285974 0.0224933 -0.00793991
internal_weight=158.41 56.2535 102.156 86.1925 37.6341 6.59673 76.6575 57.914 48.7009 18.7435 5.73579 13.0077 9.21316 6.09611 8.35606 3.11705 2.31443 47.4444 8.60109 6.57718 4.42221 38.8434 35.643 10.4475 2.27745 3.20034 1.85783 18.6195 3.6778 1.4163
internal_count=99908 90267 9641 8725 89380 7579 8286 7337 3157 949 186 763 4180 4054 494 126 199 3103 926 860 631 2177 1043 270 83 1134 97 887 155 102
is_linear=0
shrinkage=0.05


Tree=62
num_leaves=31
num_cat=0
split_feature=8 1 12 8 13 13 12 2 8 10 8 1 12 0 13 6 0 0 0 13 4 6 0 1 8 6 0 2 13 2
split_gain=24.5296 11.4669 7.02427 3.14447 2.07292 1.99557 1.31656 1.79307 2.01747 1.42389 1.42079 1.30572 1.27579 1.23442 1.17799 1.16953 1.13324 1.04044 2.98468 1.38569 1.01753 0.939205 0.882116 1.05292 0.9842 0.844837 0.808996 1.07687 0.860481 0.795689
threshold=0.21240601688623431 0.92031747102737438 1.0000000180025095e-35 0.8441295623779298 68.500000000000014 43.500000000000007 8.5000000000000018 0.77500000596046459 0.72474747896194469 1.0000000180025095e-35 0.76330533623695385 0.95713412761688244 11.500000000000002 0.84877073764801036 6.5000000000000009 1.0000000180025095e-35 0.84273937344551098 0.98213717341423046 0.97726097702980053 35.500000000000007 1.0000000180025095e-35 0.53863716125488292 0.98529094457626354 0.97467949986457836 0.73508772253990184 0.90125367045402538 0.94804319739341747 0.81666666269302379 62.500000000000007 0.77500000596046459
decision_type=2 2 2 2 2 2 2 2 2 2 2 2 2 2 2 2 2 2 2 2 2 2 2 2 2 2 2 2 2 2
left_child=1 15 11 5 12 6 9 20 -9 10 22 -2 14 16 -3 -1 -11 18 26 -19 -8 -7 23 24 -4 -12 29 -28 -29 -16
right_child=2 4 3 -5 -6 21 7 8 -10 13 25 -13 -14 -15 17 -17 -18 19 -20 -21 -22 -23 -24 -25 -26 -27 27 28 -30 -31
leaf_value=-0.016055787317053611 0.024644880735674193 -0.0424507912958004 -0.0051314242135660146 0.034558899675204556 0.03206224493666595 0.053733219328481158 -0.022678395334238793 -0.0026319130513896821 -0.087810226883426518 0.01587414724843007 0.047207165546528637 0.050586626391259097 -0.054282128027907266 0.042272637038113001 -0.0029912648745862094 -0.049095742374395492 -0.050745658616102397 -0.00066879090679131115 0.093672821134687861 -0.052349770390189669 0.0077194663224915173 -0.032143872918794891 -0.075299857321860397 0.010120527771800964 -0.05443469316864713 -0.010410293195297581 0.021111263236448831 -0.080296137896940109 0.08759225217837649 0.033848196436045634
leaf_weight=2.9509640265023362 7.7213101430388642 1.7326706534368082 18.643856286144004 9.7976869492558745 4.1771750986663383 2.7024384195829039 4.1256744785787278 1.3407856263220304 1.4436827367171643 5.0661970463406742 2.533442185260355 13.046414859592915 1.3189095300695033 4.5508383336709812 4.2630543423001619 28.996714650755166 0.73036850290372957 5.1588054394233032 0.99826793592365071 1.7326304371817967 8.2741688368550967 0.36089828751573794 0.39731579157523711 14.0077717496315 1.0703236267436285 0.84956461295951147 0.60223830376344245 0.83390681919991039 0.084008865058422089 2.2337606868240982
leaf_count=230 482 4916 2900 487 239 128 1885 55 16 353 64 788 2344 277 2294 76434 16 2980 139 302 592 78 6 371 20 36 291 451 1 733
internal_value=-3.70878e-10 -0.0266304 0.0151753 0.00812464 0.000177678 0.00420626 0.00229102 -0.0105366 -0.0467949 0.00636165 0.00183105 0.0409416 -0.00684762 0.022782 -0.0033009 -0.0460439 0.00748004 0.000963589 0.0121439 -0.0136623 -0.00239451 0.0436159 -0.00123344 -0.000360781 -0.0078082 0.0327379 0.00199201 -0.0308436 -0.0649308 0.00967502
internal_weight=151.746 55.0831 96.6627 75.895 23.1354 66.0973 63.034 15.1843 2.78447 47.8497 37.5023 20.7677 18.9583 10.3474 17.6393 31.9477 5.79657 15.9067 9.01524 6.89144 12.3998 3.06334 34.1193 33.722 19.7142 3.38301 8.01697 1.52015 0.917916 6.49682
internal_count=99908 91354 8554 7284 14690 6797 6591 2548 71 4043 3397 1270 14451 646 12107 76664 369 7191 3909 3282 2477 206 3297 3291 2920 100 3770 743 452 3027
is_linear=0
shrinkage=0.05


Tree=63
num_leaves=31
num_cat=0
split_feature=7 7 2 7 12 6 11 13 1 12 12 6 8 8 13 6 7 2 2 13 6 8 7 10 1 6 6 10 2 2
split_gain=20.8685 12.2906 7.08276 3.2934 1.93728 1.79783 1.68805 1.69969 1.43536 1.27346 1.22675 1.02083 2.22008 2.12724 1.08218 1.14071 1.01997 0.996507 0.951351 2.06748 1.33056 1.10535 0.915858 0.860356 1.15526 0.924722 0.92053 0.829265 1.11605 0.826421
threshold=0.5970856547355653 0.22557927668094638 0.93750000000000011 0.99783548712730419 4.5000000000000009 0.5249113440513612 1.0000000180025095e-35 61.500000000000007 0.55625879764556896 1.5000000000000002 1.0000000180025095e-35 0.90125367045402538 0.63961037993431102 0.48913043737411505 1.0000000180025095e-35 0.95912683010101329 0.71654227375984203 0.41428571939468389 0.77500000596046459 2.5000000000000004 0.90125367045402538 0.72474747896194469 0.92380261421203624 1.0000000180025095e-35 0.86616915464401256 0.53528240323066723 0.62303319573402416 1.0000000180025095e-35 0.73214286565780651 0.73214286565780651
decision_type=2 2 2 2 2 2 2 2 2 2 2 2 2 2 2 2 2 2 2 2 2 2 2 2 2 2 2 2 2 2
left_child=1 6 3 4 11 -3 -1 -8 -5 10 -9 12 23 -13 -15 -16 -6 -14 20 -20 -18 22 -21 25 -25 -2 -27 28 -10 -7
right_child=2 5 -4 8 16 29 7 9 27 -11 -12 13 17 14 15 -17 18 -19 19 21 -22 -23 -24 24 -26 26 -28 -29 -30 -31
leaf_value=-0.095023721294395416 0.021089638328462737 -0.048519238228444811 0.045718990215342599 -0.030874620739575132 -0.040017386010324528 -0.025993192281052346 -0.00023324472481926225 0.021543956760964558 0.036336158884319077 -0.0039848855962496561 0.081091023471347876 0.052690959641925356 0.0041558679994000451 -0.05703297423708642 -0.018125215965551413 0.035818691440110094 -0.0052695753011714639 0.048461569398433178 0.033182703474846566 -0.046420079768629004 0.022876695054221061 -0.077015550029872648 0.022346701766988792 0.0026071341221244587 0.054793556638720167 -0.033052837865880411 0.0020843551841190208 0.054120453770966082 -0.019338574440236411 0.032613093122037667
leaf_weight=0.38964203384239482 5.2196196008590148 29.191523323526784 14.500935022835618 0.81286793830804427 1.9960636204923528 1.7159230506149463 11.544478495197838 1.7239058740378814 4.6438819472677988 1.4811357209255218 1.7357971598394215 1.3686664504930357 1.6138752714032296 1.2799268554663283 4.4071631018887274 1.2602423117496071 19.449214812921134 5.9409266914008185 1.1849650805816043 1.2445069868117578 5.3549731898237942 1.4300161446444688 0.7925197579897939 2.1699680083256672 2.0741308277938515 2.228200574143556 11.403720552014418 4.5396171825705096 1.1165583878755567 0.92621204817987735
leaf_count=24 849 86366 926 39 2554 2455 636 67 187 133 27 24 65 55 146 61 2169 166 23 52 197 20 23 167 153 843 1040 339 44 58
internal_value=8.91491e-11 -0.0266579 0.0135211 0.00779453 0.00380245 -0.0449444 0.00783867 0.0102699 0.033091 0.0348109 0.0514198 0.0112532 0.0154687 -0.00428358 -0.0155079 -0.00612989 -0.0054284 0.0389969 -0.00308451 -0.0238334 0.00080692 -0.0433203 -0.0196659 0.00777235 0.0281111 0.00319342 -0.00365898 0.038139 0.0255446 -0.0054485
internal_weight=144.741 48.7086 96.0326 81.5316 70.4187 31.8337 16.875 16.4853 11.1129 4.94084 3.4597 38.9664 30.6504 8.316 6.94733 5.66741 31.4523 7.5548 29.4562 4.65201 24.8042 3.46704 2.03703 23.0956 4.2441 18.8515 13.6319 10.3001 5.76044 2.64214
internal_count=99908 89766 10142 9216 8607 88879 887 863 609 227 94 3569 3283 286 262 207 5038 231 2484 118 2366 95 75 3052 320 2732 1883 570 231 2513
is_linear=0
shrinkage=0.05


Tree=64
num_leaves=31
num_cat=0
split_feature=7 7 2 8 6 4 1 2 6 12 6 0 2 7 0 6 2 2 10 0 1 12 7 0 1 8 6 0 8 10
split_gain=21.2041 9.75574 6.22184 3.17578 1.66886 1.63632 1.6406 1.61084 1.30518 1.1797 1.14408 1.14047 0.968066 0.94556 0.840484 0.791123 0.764463 0.966937 0.758676 0.748664 1.03871 1.03208 0.958666 1.24078 0.835687 0.820024 1.00057 0.76276 0.890186 0.746735
threshold=0.5970856547355653 0.22557927668094638 0.93750000000000011 0.84807693958282482 0.5249113440513612 1.0000000180025095e-35 0.81892696022987377 0.77500000596046459 0.66821706295013439 4.5000000000000009 0.76552855968475353 0.88633695244789135 0.074175827205181136 0.95101958513259899 0.60922586917877208 0.36760731041431433 0.095454547554254546 0.16025641560554507 1.0000000180025095e-35 0.77836257219314586 0.95040982961654674 1.0000000180025095e-35 0.92380261421203624 0.5912291705608369 0.87585616111755382 0.68990385532379161 0.48724456131458288 0.73546314239501964 0.69615384936332714 1.0000000180025095e-35
decision_type=2 2 2 2 2 2 2 2 2 2 2 2 2 2 2 2 2 2 2 2 2 2 2 2 2 2 2 2 2 2
left_child=1 -1 3 5 -3 6 12 11 -9 -8 -11 16 -2 18 -6 -4 -7 -18 -13 21 -21 -19 29 -24 -25 26 -22 28 -26 -23
right_child=2 4 15 -5 14 7 9 8 -10 10 -12 13 -14 -15 -16 -17 17 19 -20 20 25 22 23 24 27 -27 -28 -29 -30 -31
leaf_value=0.0042947992521256183 -0.0032387738921716759 -0.048214833560984043 -0.013235130976617427 0.036321823967395299 -0.050907588977091106 0.046834673307139064 0.01782748941288435 0.021494876823307401 -0.0314690503417802 -0.046655300668733982 0.0077910204282516694 0.012484735001404221 -0.043246293411164018 0.05307987672637076 0.012469987513442074 0.047554380010214198 -0.079575766693701117 0.055748205789169739 0.053489380733392745 -0.013391290105075863 0.042843240059885324 0.013357546622531797 0.046185796099023312 -0.029067969420173874 -0.052839232390196236 0.034323394221312385 -0.010817930382416026 0.044551088609990408 0.021797915950322117 0.047924623068338258
leaf_weight=15.493640031520043 2.392402460434826 27.30333703021461 0.55797153373714437 9.0257961273309757 0.73616057937761015 1.1980042632931134 5.9534808337630221 1.6401153111364681 4.0000912863761187 1.8089281104184922 2.067728313151747 7.9085720889270288 4.1089556949809776 2.4855914141517124 1.8075912270141996 13.121773880207909 0.32552580711489909 1.3904275269160304 1.3157265078043563 8.0051901341648755 1.1010448751039792 5.9923047767515509 1.080790715292095 3.235303494380787 0.72705452004447602 2.7309350660070777 4.1164278716314584 0.9548799255862831 0.88671986572444439 2.1133760314260144
leaf_count=887 797 86366 20 474 1536 112 203 37 135 249 62 230 4557 154 977 906 141 52 127 430 22 938 32 98 15 77 144 34 30 66
internal_value=2.01596e-10 -0.0278959 0.0140154 0.00846605 -0.0446061 0.00474348 -0.00903753 0.00913858 -0.0160677 0.00385033 -0.0176148 0.0122585 -0.0285241 0.0257089 -0.00587145 0.0450749 0.00760664 0.00616771 0.0183335 0.00703093 -0.000678453 0.0145392 0.0107169 -0.00300286 -0.0121626 0.0121252 0.000506203 0.0091303 -0.0118284 0.0223701
internal_weight=135.586 45.3407 90.2451 76.5654 29.8471 67.5396 16.3315 51.2081 5.64021 9.83014 3.87666 45.5679 6.50136 11.7099 2.54375 13.6797 33.858 32.66 9.2243 32.3345 15.9536 16.3809 14.9904 6.88475 5.80396 7.94841 5.21747 2.56865 1.61377 8.10568
internal_count=99908 89766 10142 9216 88879 8742 5868 2874 172 514 311 2702 5354 511 2513 926 2191 2079 357 1938 673 1265 1213 209 177 243 166 79 45 1004
is_linear=0
shrinkage=0.05


Tree=65
num_leaves=31
num_cat=0
split_feature=7 7 2 8 12 7 12 4 0 1 0 13 2 0 7 12 10 6 1 0 1 6 8 13 8 6 7 1 12 7
split_gain=19.3424 8.57092 5.95317 2.64435 2.12516 1.86835 1.54811 1.43455 1.194 0.968712 1.24121 0.957777 1.86454 1.01206 0.897482 0.8845 0.805984 1.02926 0.774184 0.806897 0.77344 0.751701 0.748364 1.79765 0.723027 0.722982 0.698465 0.659428 0.63622 1.16312
threshold=0.5970856547355653 0.22557927668094638 0.93750000000000011 0.84807693958282482 4.5000000000000009 0.5085725486278535 1.0000000180025095e-35 1.0000000180025095e-35 0.90521115064620983 0.6900656819343568 0.79772728681564342 2.5000000000000004 0.77500000596046459 0.88273492455482494 0.78886163234710704 5.5000000000000009 1.0000000180025095e-35 0.53528240323066723 0.86425063014030468 0.63211598992347728 0.4403389841318131 0.90125367045402538 0.94281044602394115 1.5000000000000002 0.73030304908752453 0.36760731041431433 0.56425988674163829 0.94392031431198131 6.5000000000000009 0.94360822439193737
decision_type=2 2 2 2 2 2 2 2 2 2 2 2 2 2 2 2 2 2 2 2 2 2 2 2 2 2 2 2 2 2
left_child=1 15 3 4 9 -3 26 8 14 10 -2 27 28 -14 -6 -1 17 -11 19 -18 -5 -20 23 -22 -23 -4 -7 -9 29 -13
right_child=2 5 25 20 7 6 -8 11 -10 16 -12 12 13 -15 -16 -17 18 -19 21 -21 22 24 -24 -25 -26 -27 -28 -29 -30 -31
leaf_value=0.0080491304041896729 -0.030947316126221321 -0.049588864844693464 -0.012096040645900891 -0.044517976281757396 -0.05165270026492777 0.050133272408617494 -0.032869667710411728 -0.0076533018552091868 -0.098138451375688052 0.030911313540145015 0.060304566162750699 -0.038814099604713534 -0.061796426644274309 -0.00090818806115634191 -0.0091715963060679615 -0.025311232625495422 0.057885607559348219 0.0059743939914130365 0.05696772180632409 -0.0078052009174591685 -0.060390239116569204 0.053798410630458919 0.055291515531286584 0.035238541727365062 -0.010140603795565689 0.047302657072210368 -0.038091836419566809 0.028995356232245768 0.0094771086335317771 0.026753154335673515
leaf_weight=12.844340614945393 2.2624583749711742 23.249719230090708 0.53430706250946869 0.30211421474814315 1.6003311099339068 1.0301996401030908 3.4233609328330203 1.7302440601779405 0.5057263672351836 5.181412340229147 0.44613480451516796 2.0131939717830387 1.9606933975592249 1.0468357042409477 5.5727905530657154 2.3505018391588228 0.61169863148825188 20.545939682771859 2.9959446275606751 1.9825236785836748 0.55207562819123079 0.75299507484305639 3.3321210427675396 4.4742982779862359 1.0710279163904486 12.430752667423802 0.28678742262854928 4.2235416180337779 9.6344699441906396 1.0186016752850262
leaf_count=576 1560 81801 20 13 2610 301 6689 172 4 481 28 208 63 41 1069 311 18 1122 226 101 11 66 257 193 39 906 88 103 787 44
internal_value=2.97932e-10 -0.0273437 0.0136069 0.00811861 0.00466839 -0.0437558 -0.0151469 -0.00531897 -0.0238843 0.0128328 -0.0159171 0.00127263 -0.00521234 -0.040603 -0.0186492 0.00288859 0.0151824 0.0109966 0.0297073 0.00768421 0.0340757 0.0415607 0.0369164 0.0247351 0.0162548 0.0448548 0.0309214 0.0183448 0.00319095 -0.0167853
internal_weight=129.967 43.1849 86.7822 73.8172 65.1566 27.9901 4.74035 29.3064 7.67885 35.8501 2.70859 21.6276 15.6738 3.00753 7.17312 15.1948 33.1415 25.7274 7.41419 2.59422 8.66061 4.81997 8.35849 5.02637 1.82402 12.9651 1.31699 5.95379 12.6663 3.0318
internal_count=99908 89766 10142 9216 8742 88879 7078 5101 3683 3641 1588 1418 1143 104 3679 887 2053 1603 450 119 474 331 461 204 105 926 389 275 1039 252
is_linear=0
shrinkage=0.05


Tree=66
num_leaves=31
num_cat=0
split_feature=7 7 0 10 6 7 4 6 8 13 6 6 8 7 12 0 12 7 1 13 13 0 8 8 13 1 0 13 8 8
split_gain=17.1701 8.58069 6.06211 2.78546 1.66483 1.38379 1.02843 2.11509 1.70865 1.11001 1.00474 0.962952 1.18839 1.87226 0.965592 1.07901 0.941064 0.923743 0.878554 0.853952 0.983279 0.832994 0.795541 0.777569 0.958357 0.916031 0.830549 0.758821 0.994838 0.750914
threshold=0.5970856547355653 0.22557927668094638 0.94185259938240062 1.0000000180025095e-35 0.5249113440513612 0.94360822439193737 1.0000000180025095e-35 0.76552855968475353 0.71008405089378368 41.500000000000007 0.82621711492538463 0.36760731041431433 0.098387096077203764 0.62345302104949962 1.0000000180025095e-35 0.98529094457626354 7.5000000000000009 0.99783548712730419 0.55625879764556896 5.5000000000000009 1.5000000000000002 0.60922586917877208 0.21240601688623431 0.73030304908752453 8.5000000000000018 0.54446640610694896 0.8019607961177827 2.5000000000000004 0.63961037993431102 0.8441295623779298
decision_type=2 2 2 2 2 2 2 2 2 2 2 2 2 2 2 2 2 2 2 2 2 2 2 2 2 2 2 2 2 2
left_child=1 -1 3 5 22 6 7 8 16 27 -7 -4 -13 -14 -15 -16 -2 23 -19 20 -9 -6 -3 24 25 -5 -26 -8 -29 -25
right_child=2 4 11 17 21 10 9 19 -10 -11 -12 12 13 14 15 -17 -18 18 -20 -21 -22 -23 -24 29 26 -27 -28 28 -30 -31
leaf_value=0.0038422060090020126 -0.011395647639705799 -0.049339855690766016 -0.037293079665132726 -0.051473314293030252 -0.05087044124372371 0.025445467373682064 0.01033183547726902 -0.055957113111087878 -0.098929207417117429 0.035871507635549103 -6.7987771283101308e-05 0.097094072815102905 -0.064444811243801955 0.051675047125746491 0.032053851647737851 -0.046435503337401506 -0.055324025588409056 -0.022536569675950843 0.053930580660455675 -0.027761872157278211 0.039304984883744246 0.015902009979872463 0.010193820038344362 -0.014605896703988994 -0.0075809244441121569 0.042858435684674429 0.042775724510474379 -0.013836006905827557 0.028023764067197185 0.030666055805705351
leaf_weight=14.724758191972795 3.9007365627257951 23.065813013494342 0.38474262040108342 0.27006982869352381 0.65436354097619132 7.7939943256205861 7.3085954586131328 0.30803739493421822 0.90998464822769154 2.0189834861375848 7.6427638903260231 0.94572132825851341 0.42264633346348901 9.34779009624617 4.2434987417655057 0.48824818828143168 1.7734913865642736 0.42296254541724865 3.3565194953698665 0.94772646715136932 2.2455893736041617 1.6319123841385588 0.5751400353765338 2.9081443690229198 2.9012519267853349 5.4668190049269469 1.1407941718352956 13.247860125826262 1.5897018457762886 1.3370753014460204
leaf_count=887 2651 86026 15 69 1536 369 364 113 1 169 350 1 15 704 244 14 2230 22 321 156 161 977 340 104 234 349 69 1337 41 39
internal_value=-3.30951e-10 -0.0266398 0.012997 0.00646497 -0.0439514 0.000384654 -0.00521711 -0.0186283 -0.0353257 0.000380181 0.0128137 0.0408418 0.0427878 0.0392464 0.0423591 0.0239549 -0.0251256 0.0234343 0.0453731 0.0127709 0.0278138 -0.00320918 -0.0478915 0.0175218 0.025279 0.0384177 0.00663133 -0.00285543 -0.00935114 -0.000347033
internal_weight=123.976 40.652 83.3237 67.4911 25.9272 49.6875 34.2507 10.0856 6.58421 24.1651 15.4368 15.8326 15.4479 14.5022 14.0795 4.73175 5.67423 17.8036 3.77948 3.50135 2.55363 2.28628 23.641 14.0242 9.77893 5.73689 4.04205 22.1462 14.8376 4.24522
internal_count=99908 89766 10142 9149 88879 7942 7223 5312 4882 1911 719 993 978 977 962 258 4881 1207 343 430 274 2513 86366 864 721 418 303 1742 1378 143
is_linear=0
shrinkage=0.05


Tree=67
num_leaves=31
num_cat=0
split_feature=8 1 12 10 1 13 0 8 0 4 12 0 0 7 13 8 13 7 7 7 0 13 0 1 13 0 1 8 0 13
split_gain=16.3427 8.66928 4.46746 2.20537 1.53905 1.24315 1.2007 1.02244 1.04882 1.03396 0.99412 1.05898 1.10064 0.93361 0.820219 1.11091 0.867431 1.096 0.804989 0.791349 0.785893 0.745244 0.708866 0.707075 0.692802 0.670842 0.78934 0.592238 0.869481 0.734987
threshold=0.21240601688623431 0.92031747102737438 1.0000000180025095e-35 1.0000000180025095e-35 0.95713412761688244 6.5000000000000009 0.88273492455482494 0.94281044602394115 0.98529094457626354 1.0000000180025095e-35 4.5000000000000009 0.98529094457626354 0.97726097702980053 0.65129569172859203 1.5000000000000002 0.78019323945045482 4.5000000000000009 0.92380261421203624 1.0000000180025095e-35 0.99783548712730419 0.87895438075065624 106.50000000000001 0.97332859039306652 0.55625879764556896 43.500000000000007 0.69416099786758434 0.5025252401828767 0.54006412625312816 0.97014260292053234 1.0000000180025095e-35
decision_type=2 2 2 2 2 2 2 2 2 2 2 2 2 2 2 2 2 2 2 2 2 2 2 2 2 2 2 2 2 2
left_child=1 18 4 7 -2 -3 19 8 9 14 11 12 -7 -6 -4 16 17 -16 -1 20 -5 -13 24 -21 27 -18 -27 28 -11 -29
right_child=2 5 3 6 13 10 -8 -9 -10 22 -12 21 -14 -15 15 -17 25 -19 -20 23 -22 -23 -24 -25 -26 26 -28 29 -30 -31
leaf_value=-0.019387829531491443 0.017786513458403218 -0.043707861086523962 -0.043667410292566211 0.012961981571554211 -0.0099583268359931532 0.015965218199083732 0.049727127793077391 0.053187958065299627 -0.077488813974235307 -0.0018158283702944856 -0.02082867903051808 -0.0065134894798753833 0.070247531736983032 0.0539698557710135 0.025530910760235365 0.040202451324289415 -0.040050420577371952 -0.058924638216129172 -0.048872130748150236 -0.01851970332702119 -0.059385990130497571 0.072169619329758988 0.056556877519665275 0.054138155681094327 0.044705849786879637 0.096476669595957937 -0.0126450515267866 -0.020983693313165731 -0.094590807250273384 0.014249464694087969
leaf_weight=2.606612645089629 6.1253169570918518 1.4218646218541859 1.7036691995235731 9.8308210391987814 0.61004204442724663 5.1417441036901419 3.4065570741659021 0.94800367555580933 0.42467979504726727 15.452106901066145 3.0044733499344138 6.3510721297388955 1.1410665998846523 8.9493601024732907 2.2215807826432852 1.1444748834474001 2.9396526254713535 0.46445282263448451 20.691821569955209 0.40174963278695885 0.39026356441900212 0.31590577773749817 0.67681216448545356 2.0105797667056322 1.0546939446066961 0.17797541618347201 2.4071412359189708 1.6585278878919769 0.25674082292243916 13.765360193327068
leaf_count=230 482 5611 567 627 23 2171 317 72 8 1219 3417 3221 267 765 865 42 2307 35 76434 22 10 3 42 208 28 1 378 61 3 472
internal_value=-6.35622e-11 -0.0256386 0.0135397 0.00745029 0.0373528 0.00109066 0.0233827 0.00180838 0.000710059 0.00146614 0.00508316 0.011095 0.0258238 0.0498902 -0.0117584 -0.00594748 -0.0123802 0.0109274 -0.0455734 0.016279 0.0101996 -0.0027852 0.00591624 0.0420377 0.00485141 -0.0237118 -0.00513244 0.00350124 -0.00333212 0.0104608
internal_weight=117.695 40.6746 77.0206 61.3358 15.6847 17.3761 16.04 45.2959 44.3479 43.9232 15.9543 12.9498 6.28281 9.5594 11.0589 9.35528 8.2108 2.68603 23.2984 12.6334 10.2211 6.66698 32.8642 2.41233 32.1874 5.52477 2.58512 31.1327 15.7088 15.4239
internal_count=99908 91354 8554 7284 1270 14690 1184 6100 6028 6020 9079 5662 2438 788 4195 3628 3586 900 76664 867 637 3224 1825 230 1783 2686 379 1755 1222 533
is_linear=0
shrinkage=0.05


Tree=68
num_leaves=31
num_cat=0
split_feature=7 1 2 7 12 8 2 2 0 1 4 0 4 13 12 1 10 8 13 0 13 7 0 0 6 8 13 12 0 4
split_gain=15.8805 7.24268 4.12661 2.1166 1.38075 0.978926 0.973934 0.842812 1.37011 0.772704 1.0015 0.874993 0.767435 0.743308 0.71171 0.710889 0.64039 1.1623 1.06493 0.81955 0.59771 1.73998 0.577214 0.566051 0.542343 0.765218 0.68686 0.611274 0.803311 0.794357
threshold=0.72792208194732677 0.89512962102890026 0.93750000000000011 0.99783548712730419 4.5000000000000009 0.1863425895571709 0.64583334326744091 0.080128207802772536 0.60421237349510204 0.75716626644134533 1.0000000180025095e-35 0.60120484232902538 1.0000000180025095e-35 69.500000000000014 12.500000000000002 0.71834936738014232 1.0000000180025095e-35 0.73030304908752453 8.5000000000000018 0.8078865408897401 1.0000000180025095e-35 0.90976935625076305 0.90070420503616344 0.63859337568283092 0.56727004051208507 0.45227272808551794 44.500000000000007 4.5000000000000009 0.74115687608718883 1.0000000180025095e-35
decision_type=2 2 2 2 2 2 2 2 2 2 2 2 2 2 2 2 2 2 2 2 2 2 2 2 2 2 2 2 2 2
left_child=1 5 3 7 13 6 22 8 14 10 -9 -12 -7 -3 -2 23 24 18 -18 -20 21 -4 -1 -5 25 26 -11 28 -26 -29
right_child=2 4 20 15 -6 12 -8 9 -10 16 11 -13 -14 -15 -16 -17 17 -19 19 -21 -22 -23 -24 -25 27 -27 -28 29 -30 -31
leaf_value=-0.049569629911496382 -0.046979507578001262 0.00046964582256773971 -0.063626016220027407 -0.023350832738716739 -0.02771986600749031 -0.045908451033372377 0.044949775228997346 -0.048163643145372803 0.061969619783255138 -0.013770219328325556 0.036637358576395475 -0.021704908283836068 0.0025060538182474601 0.030723725841419344 0.024615657622942697 0.039525758440887127 0.046316011667949665 -0.0051840215574558111 -0.013194408221337104 0.04179561500921896 0.051512567823931502 0.053057992703379936 0.029170849171091952 0.051300121765679586 0.032870835891324217 0.038054123543142811 0.029569390305263971 -0.036173737193444688 0.0018424954375171314 -0.0023707942291019981
leaf_weight=19.213261751909169 0.58416203242813869 13.0198816379816 0.46258206316269745 0.87337014661170342 4.0180363575927904 1.4223046957267789 0.28215833988360728 1.5295679054543132 1.6869678343937264 2.428268882722477 1.1040056353667753 1.5378644994634667 1.9281586367651471 2.4052661949317544 0.85541567704058252 7.0567932553240098 3.9651346243917924 3.7455793153494596 1.8816728915553542 1.0588255266193298 7.6887977896258235 1.0328738635871557 0.23559935362572915 0.35803728410974145 2.456564335327136 2.4858176817651838 1.4661819701723287 2.1152582506765585 13.827031618624458 9.7444348694989458
leaf_count=73266 350 10570 15 45 5992 2958 45 1779 86 157 88 109 1017 127 90 538 260 129 58 71 755 94 130 26 76 80 68 147 453 329
internal_value=4.8504e-10 -0.0240959 0.0146496 0.0099279 -0.00161321 -0.0430346 -0.0472778 0.00621904 0.0313937 0.00462399 -0.0159659 0.00267562 -0.0180464 0.00518721 -0.00443674 0.0334088 0.00652527 0.017243 0.0294073 0.0066066 0.0458872 0.0169647 -0.0486158 -0.00164573 0.00321863 0.0163805 0.00254627 0.000234753 0.00652347 -0.00839978
internal_weight=112.47 42.5247 69.9452 60.761 19.4432 23.0815 19.731 52.4728 3.12655 49.3462 4.17144 2.64187 3.35046 15.4251 1.43958 8.2882 45.1748 10.6512 6.90563 2.9405 9.18425 1.49546 19.4489 1.23141 34.5236 6.38027 3.89445 28.1433 16.2836 11.8597
internal_count=99908 94105 5803 4939 16689 77416 73441 4330 526 3804 1976 197 3975 10697 440 609 1828 518 389 129 864 109 73396 71 1310 305 225 1005 529 476
is_linear=0
shrinkage=0.05


Tree=69
num_leaves=31
num_cat=0
split_feature=8 1 2 7 13 7 0 1 6 12 13 6 6 0 0 0 13 12 10 7 0 8 1 13 7 6 6 2 1 1
split_gain=13.8627 7.50039 3.98004 2.16281 1.04265 0.946068 0.883336 1.07574 0.809971 0.771358 0.719036 0.897088 0.877822 0.804176 0.6726 0.772981 0.651556 0.738624 0.675934 0.920031 0.703918 0.690436 0.67442 0.64446 0.756389 0.601618 0.585248 0.642849 0.54543 0.478821
threshold=0.21240601688623431 0.92031747102737438 0.93750000000000011 0.99783548712730419 6.5000000000000009 0.71654227375984203 0.84877073764801036 0.85912698507308971 1.0000000180025095e-35 11.500000000000002 1.0000000180025095e-35 0.71241438388824474 0.56727004051208507 0.598850578069687 0.87895438075065624 0.86706829071044933 11.500000000000002 5.5000000000000009 1.0000000180025095e-35 0.95101958513259899 0.87298336625099193 0.78019323945045482 0.92637759447097789 2.5000000000000004 0.92380261421203624 0.76552855968475353 0.58281928300857555 0.64583334326744091 0.71834936738014232 0.91010102629661571
decision_type=2 2 2 2 2 2 2 2 2 2 2 2 2 2 2 2 2 2 2 2 2 2 2 2 2 2 2 2 2 2
left_child=1 8 3 6 -3 -4 10 -8 -1 -6 29 12 13 -12 15 28 17 18 19 20 -9 -20 -18 -19 -25 -10 -22 -28 -5 -2
right_child=2 4 5 14 9 -7 7 16 25 -11 11 -13 -14 -15 -16 -17 22 23 21 -21 26 -23 -24 24 -26 -27 27 -29 -30 -31
leaf_value=-0.01751570159279326 -0.044113572722642908 -0.042933325101004949 -0.0055758898727459845 -0.0012241859409410087 0.0069222172889255714 0.048941888394606989 0.053083824601188406 -0.037135696647204397 -0.049403244831131149 -0.045208896634619411 -0.036704296513721264 0.0083059047094225427 -0.023338338268314975 0.013610842916212921 0.055133290684038286 -0.040243658466995624 -0.015641805073056025 0.024828369866346574 0.053451327119136721 0.037172990890675085 0.038459139764202552 -0.0095525318731007058 0.041542892506111623 -0.05982091915162905 -0.0032175093095628752 0.071486503224305248 0.018638474899552886 -0.013160653233497058 0.037738293249393942 0.0014063647143672815
leaf_weight=2.3513840103405554 1.4946271080843865 1.2694591463186977 0.88050035445485164 1.16673394513782 14.033388077525156 8.2691603483399359 1.5332725334446902 1.1754721624311111 17.977217138912241 0.74737114747767996 0.96413056163874156 19.061428668865119 5.6705546476659947 4.5039186910144053 2.3633044890593737 0.44100442435592402 0.64441956393420641 0.72542608529329244 1.5801996539230452 1.9069426511414338 1.0840751391369847 0.59992829209659237 2.5792275790590793 1.0840996252372863 1.2954838231671599 0.10350828109221666 2.5582899858709425 4.1963261524215341 3.9030117063666694 0.94169933017110441
leaf_count=230 311 5611 45 69 7368 859 59 38 76427 1711 969 1466 2561 839 203 21 37 24 196 79 42 28 90 33 34 7 100 98 316 37
internal_value=4.82488e-10 -0.0250277 0.0129287 0.00834942 0.000551534 0.0436955 0.0047548 0.0127637 -0.0451211 0.00428627 -0.00038955 0.00171839 -0.00955478 0.00473924 0.0328184 0.0232486 0.00958195 0.00549835 0.0106949 0.00562064 -0.00105425 0.0361139 0.0301114 -0.0164279 -0.0290051 -0.0487112 0.00435645 -0.00111683 0.0287716 -0.026519
internal_weight=107.106 36.4823 70.6232 61.4736 16.0502 9.14966 53.5995 20.9632 20.4321 14.7808 32.6364 30.2 11.1386 5.46805 7.87405 5.51075 19.4299 16.2062 13.1012 10.9211 9.01416 2.18013 3.22365 3.10501 2.37958 18.0807 7.83869 6.75462 5.06975 2.43633
internal_count=99908 91354 8554 7650 14690 904 7041 858 76664 9079 6183 5835 4369 1808 609 406 799 672 581 357 278 224 127 91 67 76434 240 198 385 348
is_linear=0
shrinkage=0.05


Tree=70
num_leaves=31
num_cat=0
split_feature=7 1 0 8 13 8 12 10 8 6 8 13 4 6 1 1 0 12 13 6 1 13 12 1 0 0 12 12 0 12
split_gain=12.1333 7.33281 3.64987 2.02614 0.967337 0.880236 0.771325 0.714565 0.922054 0.782317 0.741466 0.676647 0.659767 0.647459 0.848711 0.636192 0.62198 0.719573 0.616771 0.541116 0.549508 0.520493 0.515733 0.481096 0.466177 0.761684 0.464931 0.457768 0.980774 0.445402
threshold=0.72792208194732677 0.89512962102890026 0.95713412761688244 0.8603896200656892 68.500000000000014 0.1863425895571709 12.500000000000002 1.0000000180025095e-35 0.73030304908752453 0.90125367045402538 0.8441295623779298 8.5000000000000018 1.0000000180025095e-35 1.0000000180025095e-35 0.87298336625099193 0.54446640610694896 0.8019607961177827 15.500000000000002 73.500000000000014 0.52839964628219616 0.93405798077583324 88.500000000000014 7.5000000000000009 0.73942822217941295 0.9529346525669099 0.98529094457626354 2.5000000000000004 1.0000000180025095e-35 0.98529094457626354 16.500000000000004
decision_type=2 2 2 2 2 2 2 2 2 2 2 2 2 2 2 2 2 2 2 2 2 2 2 2 2 2 2 2 2 2
left_child=1 5 3 7 6 13 -3 19 11 22 -11 15 -7 14 -1 -9 17 26 -6 20 -2 24 -10 -5 -20 -26 -13 -4 -29 -21
right_child=2 4 27 23 18 12 -8 8 9 10 -12 16 -14 -15 -16 -17 -18 -19 21 29 -22 -23 -24 -25 25 -27 -28 28 -30 -31
leaf_value=0.0056427159955911646 0.0018242814149412199 -0.0016248891090621437 0.051211401062562056 0.0011074577229425529 0.062584942911964703 -0.045607891149856125 -0.053810447724621846 -0.050702902384381965 0.048740179228427286 -0.031669020147124784 0.032666291481123565 0.016618525309523863 0.0014922161858225689 -0.050345767642429408 -0.076093499356319913 0.042603390807677693 0.041632355264210788 0.058958863945198642 -0.058356192048925851 0.00063418451408943843 0.033784548952723217 0.042169588300845495 -0.020661409735305253 0.042666696420470294 0.060391182325987086 -0.034732910801477508 -0.033270498993654071 0.0406181104465307 -0.043266788852825623 -0.034801653141734092
leaf_weight=1.1530875256867208 2.8844723828224224 14.540252050301206 6.0996434011030924 0.81073762651067127 0.86880944136646521 1.2751820700796079 0.74431711167562831 0.1907406282844003 0.92183985630981513 2.1870013746665795 0.56317564798519004 0.71303837501909706 1.783264723209868 15.635273623516694 0.43831833824515332 4.326349786540959 1.0452484189299864 0.37818805366987351 0.34222416095144603 31.543375002860557 2.5197778854053468 0.84778463045222441 0.37722664931789041 4.9362224629730918 0.40395813776558498 0.4392929909445229 1.3534211566438896 1.87923204083927 0.4277682511601596 0.9124113423313237
leaf_count=171 458 14089 633 44 78 2958 2343 44 64 76 26 61 1017 73238 32 332 87 17 93 2914 102 39 19 414 12 35 109 160 13 230
internal_value=9.48613e-11 -0.0221955 0.0133276 0.00868987 0.000858513 -0.0428646 -0.00416618 0.00545306 0.0160542 -0.00338995 -0.0184946 0.0258874 -0.0181456 -0.0472532 -0.0168698 0.0386634 0.00935109 -0.00445128 0.0273225 0.00207719 0.016726 0.0122549 0.0285871 0.0368038 -0.00913837 0.0108361 -0.0160561 0.0440359 0.025064 -0.000362003
internal_weight=102.542 38.4718 64.0699 55.6632 18.1866 20.2851 15.2846 49.9163 12.0562 4.04924 2.75018 8.00699 3.05845 17.2267 1.59141 4.51709 3.4899 2.44465 2.90207 37.86 5.40425 2.03326 1.29907 5.74696 1.18548 0.843251 2.06646 8.40664 2.307 32.4558
internal_count=99908 94105 5803 4997 16689 77416 16432 4539 835 185 102 650 3975 73441 203 376 274 187 257 3704 560 179 83 458 140 47 170 806 173 3144
is_linear=0
shrinkage=0.05


Tree=71
num_leaves=31
num_cat=0
split_feature=8 1 12 8 1 0 13 10 8 1 7 6 12 6 13 0 7 12 6 13 1 1 7 13 8 10 1 12 1 0
split_gain=11.6204 6.63445 3.16292 1.70916 1.27495 0.904515 0.90328 0.871894 0.807099 0.8019 0.776559 0.754313 0.723213 0.661265 0.84317 1.08208 0.719467 0.63414 0.613943 0.478557 0.458275 0.468047 0.453901 0.433096 0.851505 0.537827 0.469891 0.438302 0.432927 0.527773
threshold=0.21240601688623431 0.92031747102737438 1.0000000180025095e-35 0.8441295623779298 0.95713412761688244 0.84877073764801036 6.5000000000000009 1.0000000180025095e-35 0.76330533623695385 0.86425063014030468 0.61826965212821972 1.0000000180025095e-35 8.5000000000000018 0.7278747856616975 1.0000000180025095e-35 0.87570226192474376 0.94360822439193737 12.500000000000002 0.76552855968475353 104.50000000000001 0.87298336625099193 0.89512962102890026 0.99783548712730419 5.5000000000000009 0.94281044602394115 1.0000000180025095e-35 0.4403389841318131 4.5000000000000009 0.855400711297989 0.83910790085792553
decision_type=2 2 2 2 2 2 2 2 2 2 2 2 2 2 2 2 2 2 2 2 2 2 2 2 2 2 2 2 2 2
left_child=1 11 4 5 22 -4 -3 8 9 -7 -6 20 -9 16 -15 -16 -11 19 -13 -8 28 -22 -2 24 25 -5 -26 -27 29 -1
right_child=2 6 3 23 10 7 17 12 -10 13 -12 18 -14 14 15 -17 -18 -19 -20 -21 21 -23 -24 -25 26 27 -28 -29 -30 -31
leaf_value=-0.043408395179314496 0.010492957514278154 -0.04232818665011525 -0.0018677311108812123 -0.025875141620913714 -0.020051407937657681 0.050062834214655509 0.0044140614468391026 0.043425208480086769 0.050192919473700297 0.0048024664646217933 0.052304279032315243 -0.04928104502218833 -0.037447890423536745 -0.062823333565579884 -0.03800046123077349 0.0083299648124016395 0.050132699079824088 -0.048875474896883438 0.076168053349738821 0.061997621302013708 -0.07799833416542129 -0.013015870536432817 0.054505825496828468 0.049178134059614548 -0.036921793006771474 -0.011162909402785378 0.052568217003701803 0.061245529572139669 0.044085193243987575 0.061188484253892061
leaf_weight=0.53105387330288356 4.5980429682240338 1.145993931673728 28.715167145692249 1.0587869039736677 0.39196285651996721 0.88336590805556703 13.009224327535771 2.9534255970502268 1.0170728039229278 4.3088177655590698 6.8762258490605745 15.64506255141168 0.30498448386788357 0.66347756609320629 1.7011676849797366 4.8627123968326487 1.0984962775837628 0.54779500376025758 0.098140681417135833 0.37110058052348982 0.47303501446731366 0.6689877356402576 0.67131490923929948 2.258641991764307 0.1600715979002415 0.38945373380556714 1.754119146586163 0.4510372260119766 0.43509182892739773 0.1560359513387084
leaf_count=145 423 5611 5979 42 17 30 7566 290 49 136 771 76427 5 22 55 183 48 1505 7 8 32 27 59 159 8 28 232 18 16 10
internal_value=-9.66085e-11 -0.0241315 0.0122593 0.00687843 0.0348261 0.00362118 0.000341598 0.0124792 0.00723877 0.00400698 0.0484022 -0.0446181 0.0358556 0.00078694 -0.00910717 -0.00367754 0.0140113 0.00385243 -0.048499 0.00601113 -0.017634 -0.0399321 0.0161002 0.031827 0.0215502 -0.00216908 0.0450847 0.027694 0.00505846 -0.0196548
internal_weight=98.1999 33.0815 65.1183 52.5808 12.5375 46.5087 15.0741 17.7935 14.5351 13.518 7.26819 18.0074 3.25841 12.6347 7.22736 6.56388 5.40731 13.9281 15.7432 13.3803 2.2642 1.14202 5.26936 6.07211 3.81347 1.89928 1.91419 0.840491 1.12218 0.68709
internal_count=99908 91354 8554 7284 1270 6797 14690 818 523 474 788 76664 295 444 260 238 184 9079 76434 7574 230 59 482 487 328 88 240 46 171 155
is_linear=0
shrinkage=0.05


Tree=72
num_leaves=31
num_cat=0
split_feature=7 1 2 8 13 13 10 13 2 4 0 2 13 8 7 8 2 0 12 2 12 12 1 1 2 2 7 1 8 0
split_gain=10.1187 6.78628 3.79747 1.90638 1.28038 0.752648 0.711784 1.28295 0.686932 0.677533 0.778164 1.08575 0.775482 0.689453 0.67489 0.948272 0.893204 0.722648 0.629325 0.596921 0.697891 0.576424 0.554862 0.551945 0.52074 0.790726 0.516436 0.582545 0.513144 0.663264
threshold=0.60814762115478527 0.89512962102890026 0.93750000000000011 0.8603896200656892 106.50000000000001 5.5000000000000009 1.0000000180025095e-35 60.500000000000007 0.64583334326744091 1.0000000180025095e-35 0.73546314239501964 0.44949495792388922 8.5000000000000018 0.78019323945045482 0.80101522803306591 0.42582418024539953 0.44949495792388922 0.88989898562431347 15.500000000000002 0.44949495792388922 7.5000000000000009 4.5000000000000009 0.85912698507308971 0.94570022821426403 0.38750000298023229 0.57738095521926891 0.88478556275367748 0.93405798077583324 0.73030304908752453 0.84877073764801036
decision_type=2 2 2 2 2 2 2 2 2 2 2 2 2 2 2 2 2 2 2 2 2 2 2 2 2 2 2 2 2 2
left_child=1 8 3 6 5 -3 9 28 -1 10 19 -12 14 26 16 23 -11 24 -14 -2 -21 -7 -18 -16 -17 -26 27 -13 29 -8
right_child=2 4 -4 -5 -6 21 7 -9 -10 12 11 13 18 -15 15 17 22 -19 -20 20 -22 -23 -24 -25 25 -27 -28 -29 -30 -31
leaf_value=-0.047777738683808267 -0.033719187583872864 -0.040322923077412948 0.044680170734370556 0.035997694868601347 0.075829058978384878 0.0056958948795611348 0.01578355348461586 -0.073765531490818492 0.042142775288400713 -0.032910623253153908 0.042447201222591872 -0.050253581886971481 0.013154122754928221 0.046780192582892885 -0.06293012031509701 0.019277779992984582 0.073136518906163753 0.016912449604474071 0.065361568231568926 0.026789840260988136 -0.059201156368803014 -0.02117771628747556 0.019139704236756788 -0.012096536873364408 -0.029849374238811371 -0.00059768777828099343 -0.041637261322155374 0.028776847987669704 0.0022187774307941286 0.048103100143707021
leaf_weight=15.476773854998099 3.8760062468609231 1.2079810257891939 7.54946189635666 5.1216239867790128 0.54075129526609167 11.105687439254323 5.3063567338685935 0.39308170275762755 0.21534643042468893 0.56822035857476949 1.3275266288837881 0.33921698200356398 8.4452109960802737 0.42650446435436595 0.98398069199174942 1.6768051030812809 0.72543831518123636 4.5443788868142283 0.61957966453337654 0.96278876182623185 0.31254675817035604 2.4324464888341017 1.3823264738311991 1.1676652235910294 3.5465849543688801 6.6274780088569969 1.4354311469942329 0.74589719431241974 3.463856942311395 2.265038053621538
leaf_count=73762 4704 5256 916 439 9 6905 491 10 43 338 208 47 899 12 49 79 40 176 89 62 60 4292 89 43 124 227 49 42 186 262
internal_value=2.15355e-10 -0.0234459 0.0113822 0.00691425 0.000264181 -0.00250684 0.00400168 0.0149977 -0.0465437 0.000837381 -0.0108694 0.00490155 0.00448068 -0.0120113 -0.000748094 -0.0041349 0.0227254 -3.92093e-05 0.0167225 -0.0239561 0.00571601 0.000867414 0.037724 -0.0353435 -0.00653956 -0.0107946 -0.0219594 0.00407119 0.0181594 0.0254522
internal_weight=94.792 30.979 63.813 56.2635 15.2869 14.7461 51.1419 11.4283 15.6921 39.7136 9.42592 4.27458 30.2877 2.94705 21.2229 18.5469 2.67599 16.3952 9.06479 5.15134 1.27534 13.5381 2.10776 2.15165 11.8509 10.1741 2.52055 1.08511 11.0353 7.57139
internal_count=99908 90267 9641 8725 16462 16453 8286 949 73805 7337 5184 358 2153 150 1165 698 467 606 988 4826 122 11197 129 92 430 351 138 89 939 753
is_linear=0
shrinkage=0.05


Tree=73
num_leaves=31
num_cat=0
split_feature=8 1 2 8 6 2 4 6 1 13 2 2 0 8 6 1 6 8 0 1 0 12 8 13 10 13 0 1 12 6
split_gain=9.44389 5.80819 3.25154 1.5641 0.840604 0.809756 1.09397 0.897485 0.887277 0.7702 0.76017 0.746763 0.801403 0.727722 0.686236 0.671689 0.666526 1.11373 0.60882 0.739178 0.608637 0.63369 0.591688 0.548024 1.32881 0.884279 0.686829 0.595719 0.607891 0.661632
threshold=0.21240601688623431 0.92031747102737438 0.93750000000000011 0.8603896200656892 1.0000000180025095e-35 0.77500000596046459 1.0000000180025095e-35 0.66821706295013439 0.81892696022987377 6.5000000000000009 0.074175827205181136 0.087121214717626586 0.92907443642616283 0.2981481552124024 0.76552855968475353 0.82426470518112194 0.92012271285057079 0.63961037993431102 0.5912291705608369 0.75513628125190746 0.63859337568283092 11.500000000000002 0.44222222268581396 5.5000000000000009 1.0000000180025095e-35 2.5000000000000004 0.90070420503616344 0.95488464832305919 1.5000000000000002 0.46186167001724249
decision_type=2 2 2 2 2 2 2 2 2 2 2 2 2 2 2 2 2 2 2 2 2 2 2 2 2 2 2 2 2 2
left_child=1 4 3 5 -1 6 8 -7 10 -3 20 -8 16 -4 -6 -10 17 23 -19 -20 21 -2 -14 24 25 26 -13 28 -25 -30
right_child=2 9 13 -5 14 7 11 -9 15 -11 -12 12 22 -15 -16 -17 -18 18 19 -21 -22 -23 -24 27 -26 -27 -28 -29 29 -31
leaf_value=-0.013623706938019529 -0.049931779342760982 -0.041624606078874131 -0.0014639378162150589 0.033835371084557635 -0.049172529167326021 0.021068784001369981 0.05051386258768064 -0.029609164106565694 0.060429383113165473 0.0035426806786406427 -0.041868169660578269 0.01355068193702294 0.00356096571051699 0.049055138923545995 0.081986773236138205 -0.00013441477343623912 -0.013106329604681397 0.0657791165147706 -0.048493740969811613 0.023660278861230524 0.056960921414052061 0.016709594543344333 0.045733776314840567 0.021753130951933812 0.053224672959523968 -0.030150876805888856 -0.061531345788534898 0.026736029334002393 0.033250564568316814 -0.025985069026918189
leaf_weight=2.0122543156612673 0.67119645867569289 1.0169662499902195 0.80490954400738601 4.9772790525748851 13.692746727494519 1.195917464676312 1.1541979127214279 3.2418360045412555 0.49390164460783115 13.124768795447379 2.598645627796941 2.8075195231504142 1.2586349886842065 6.2322970735840499 0.10045930926571678 6.2643315684254048 3.688350196927785 0.80724984453990867 0.37337937275879074 7.1915057353908196 0.37602741143200535 0.76136504115129355 2.4519230468431488 1.9087738099769902 0.81111492548370723 3.9320476198772667 0.34165727533400048 3.4927736836834811 0.58643943423521738 2.4030924482576665
leaf_count=230 558 5611 58 439 76427 35 104 147 16 9079 3617 248 71 846 7 356 191 24 17 288 24 175 176 132 74 257 11 152 77 461
internal_value=8.17922e-11 -0.0229844 0.0113161 0.00713473 -0.043813 0.0044121 0.00644868 -0.0159521 -0.00709056 0.000294592 -0.0245446 0.0110009 0.00957811 0.0432768 -0.0482173 0.00429168 0.00671761 0.00968318 0.0245035 0.020099 0.000346643 -0.0145138 0.0314286 0.00206329 -0.00739479 -0.0143384 0.00540496 0.0109592 -0.000290565 -0.0143652
internal_weight=90.7736 29.9472 60.8264 53.7892 15.8055 48.8119 44.3741 4.43775 11.1655 14.1417 4.40723 33.2087 32.0545 7.03721 13.7932 6.75823 28.3439 24.6556 8.37213 7.56489 1.80859 1.43256 3.71056 16.2834 7.89234 7.08122 3.14918 8.39108 4.89831 2.98953
internal_count=99908 91354 8554 7650 76664 7211 7029 182 4746 14690 4374 2283 2179 904 76434 372 1932 1741 329 305 757 733 247 1412 590 516 259 822 670 538
is_linear=0
shrinkage=0.05


Tree=74
num_leaves=31
num_cat=0
split_feature=7 1 2 7 12 8 6 1 0 0 13 0 0 0 4 0 2 6 13 0 1 2 0 2 12 12 12 2 13 8
split_gain=9.11064 5.34854 3.30924 1.46659 0.734051 0.68817 0.595285 0.706161 0.583954 0.53409 0.487892 0.52709 0.835065 0.628193 0.483355 0.469122 0.47524 0.445474 0.74629 0.423416 0.518437 0.414398 0.921903 0.597558 0.537667 0.504041 0.749289 1.83598 0.616388 1.28385
threshold=0.71654227375984203 0.89512962102890026 0.93750000000000011 0.99783548712730419 4.5000000000000009 0.1863425895571709 1.0000000180025095e-35 0.87298336625099193 0.87895438075065624 0.86706829071044933 88.500000000000014 0.98529094457626354 0.97726097702980053 0.97014260292053234 1.0000000180025095e-35 0.70859703421592724 0.41428571939468389 0.45910002291202551 23.500000000000004 0.83910790085792553 0.86240702867507946 0.080128207802772536 0.60421237349510204 0.16025641560554507 12.500000000000002 8.5000000000000018 9.5000000000000018 0.64583334326744091 1.0000000180025095e-35 0.58957219123840343
decision_type=2 2 2 2 2 2 2 2 2 2 2 2 2 2 2 2 2 2 2 2 2 2 2 2 2 2 2 2 2 2
left_child=1 5 3 21 10 6 7 19 9 15 11 12 13 17 -7 16 -5 18 -3 20 -1 22 24 -23 -2 28 27 -27 29 -25
right_child=2 4 -4 8 -6 14 -8 -9 -10 -11 -12 -13 -14 -15 -16 -17 -18 -19 -20 -21 -22 23 -24 25 -26 26 -28 -29 -30 -31
leaf_value=-0.042199646401616442 -0.047093402805654688 -0.048464358619251025 0.047060976287227982 -0.012584959751035452 -0.023688122126562829 -0.044876193416025383 -0.050295605183738615 -0.072621162759482813 0.054641978815837579 -0.039190554072770806 0.051038358858534277 -0.0083388799405893985 0.060375229371967112 -0.07564615733106328 0.00071456468746865622 0.043935844522073941 0.034654878682988388 0.035273686897271603 0.010373292321903956 0.060747126815290813 0.050123863456146105 -0.057905080762472243 0.055644220965657902 0.026087823195093365 0.021327725265371036 0.041587910372114179 0.0030257067240573457 -0.056334145166707483 0.0089827103603346559 -0.042072562408890707
leaf_weight=0.4813493329565961 0.48222693031857422 0.643159552811991 6.0623298698919816 1.1230677395942614 2.8812794884725017 0.97480353352511984 11.873286744097639 0.38540616992395371 1.8016135531943289 0.34176614717580367 0.53390126835438501 6.018534440177973 0.79208443457173405 0.2289073642787115 1.4404490320048353 1.9058261532336471 1.0122702613589352 1.2303601425119266 3.3257328727995628 0.26871067867614329 0.22227600635960698 0.39304277439077751 1.2065856512344906 1.1403871393886214 0.70968627596448641 0.65255817789875381 5.4788891795797099 1.7964962047990409 29.425660755088757 1.7526130363403352
leaf_count=150 375 3094 869 88 5986 2771 73211 32 203 21 20 5707 430 326 985 198 99 266 842 14 7 570 88 51 95 110 742 76 2395 87
internal_value=4.14901e-10 -0.0215552 0.0122037 0.00791067 -0.000891554 -0.042229 -0.0467092 -0.0153466 0.0306781 0.0208277 0.00425093 0.00220989 0.0124166 0.00541838 -0.017686 0.0259035 0.00980938 0.00898741 0.000838643 0.00735544 -0.0130345 0.004639 0.0248346 0.00344708 -0.00635425 0.00404624 -0.00725132 -0.0302425 0.00681759 -0.0152045
internal_weight=86.5853 31.3002 55.285 49.2227 15.654 15.6463 13.231 1.35774 6.18454 4.38293 12.7727 12.2388 6.22024 5.42816 2.41525 4.04116 2.13534 5.19925 3.96889 0.972336 0.703625 43.0381 2.3985 40.6396 1.19191 40.2466 7.92794 2.44905 32.3187 2.893
internal_count=99908 93841 6067 5198 16671 77170 73414 203 609 406 10685 10665 4958 4528 3756 385 187 4202 3936 171 157 4589 558 4031 470 3461 928 186 2533 138
is_linear=0
shrinkage=0.05


Tree=75
num_leaves=31
num_cat=0
split_feature=8 1 2 13 8 7 4 7 0 2 2 6 0 10 7 13 2 1 7 6 1 0 7 7 8 0 2 6 1 1
split_gain=8.6657 3.94882 2.73141 1.66933 1.39108 1.38019 0.941218 0.580301 0.571131 1.04922 0.612454 0.578681 0.843409 0.816803 0.736294 0.597329 0.610139 0.810245 0.560982 0.534831 0.574671 0.528516 0.496453 0.48924 0.443127 0.775293 0.923985 0.582766 1.05876 0.585847
threshold=0.22902098298072818 0.89512962102890026 0.93750000000000011 5.5000000000000009 0.1863425895571709 0.99783548712730419 1.0000000180025095e-35 0.61826965212821972 0.55217784643173229 0.080128207802772536 0.44949495792388922 0.92012271285057079 0.91945946216583263 1.0000000180025095e-35 0.92380261421203624 8.5000000000000018 0.27922078967094427 0.82807883620262157 0.95101958513259899 1.0000000180025095e-35 0.87298336625099193 0.87895438075065624 0.80101522803306591 0.88478556275367748 0.61721614003181469 0.68457102775573742 0.57738095521926891 0.74646764993667614 0.94570022821426403 0.90645834803581249
decision_type=2 2 2 2 2 2 2 2 2 2 2 2 2 2 2 2 2 2 2 2 2 2 2 2 2 2 2 2 2 2
left_child=1 4 5 22 19 8 -6 -4 10 -10 23 13 14 24 -13 16 -15 -18 -17 20 -1 -7 -3 -2 25 -11 -27 28 -28 -29
right_child=2 3 7 -5 6 21 -8 -9 9 11 -12 12 -14 15 -16 18 17 -19 -20 -21 -22 -23 -24 -25 -26 26 27 29 -30 -31
leaf_value=0.0054163991673923601 -0.052585911712116851 -0.031628346001458717 -0.029110398524039745 0.0011897953327156176 -0.052921393696135577 0.021122535630276482 0.0295525942312947 0.047015157343500577 0.050574273849303547 -0.027144484280314241 0.025873014601979195 -0.073564567149272286 0.029192880647582672 0.084414867606606936 -0.011772626068725827 0.023083501003292418 -0.028995187881760771 0.041245769952726073 -0.02501846447597816 -0.050291749929158684 -0.070578283711043396 0.054479214766324835 -0.089287132234667818 -0.006164038881928173 0.01266437505168579 0.019273026561325519 -0.03414604644180403 0.034926881572360978 0.01944679602991848 -0.024635395241939698
leaf_weight=0.89613575470866524 1.1095261740047133 1.0294786459689937 0.26180863939225574 13.779648867039212 0.51060377699468573 4.0407949329237445 1.0726856757064525 5.7154223685793113 1.2973571200782306 2.4297814341844122 0.66015192784834642 0.54495248338207503 1.1295708706020375 0.58934874487749711 4.1791688883095048 1.7661665715713755 0.50308566901367191 2.2322914312244393 0.92282929318025697 11.12954072368302 0.34436160966288298 1.6817154294112695 0.58573259494733054 1.1619473717582876 9.1038561463938077 5.6635854706364617 1.2337699396302904 0.45756158628500987 3.6417862141970545 4.2238759889733046
leaf_count=171 1991 5272 12 11365 1532 406 636 871 119 1318 26 11 68 22 224 186 42 192 57 73329 32 203 6 318 345 736 97 17 129 175
internal_value=-1.11911e-10 -0.021908 0.0117865 -0.00444721 -0.0411727 0.00786175 0.0029551 0.0436808 0.00478172 0.00634603 -0.016519 0.00486034 -0.00962018 0.00744715 -0.0189007 0.0240977 0.0382694 0.0283272 0.00657552 -0.0468208 -0.0156797 0.0309253 -0.0525375 -0.0288393 0.0037045 -0.000916904 0.00327001 -0.00621356 0.00588501 -0.0188138
internal_weight=83.8985 29.3482 54.5504 15.3949 13.9533 48.5731 1.58329 5.97723 42.8506 39.919 2.93163 38.6216 5.85369 32.7679 4.72412 6.01372 3.32473 2.73538 2.689 12.37 1.2405 5.72251 1.61521 2.27147 26.7542 17.6504 15.2206 9.55699 4.87556 4.68144
internal_count=99908 92343 7565 16643 75700 6682 2168 883 6073 3738 2335 3619 303 3316 235 499 256 234 243 73532 203 609 5278 2309 2817 2472 1154 418 226 192
is_linear=0
shrinkage=0.05


Tree=76
num_leaves=31
num_cat=0
split_feature=7 1 2 8 8 6 6 7 12 6 1 6 0 8 13 2 6 8 12 6 13 13 1 12 5 1 0 13 0 12
split_gain=8.08363 4.57192 2.77809 1.27211 0.56956 0.561987 0.733734 0.903806 0.543631 0.538242 0.519224 0.441547 0.416903 0.848039 0.769763 0.760059 0.517799 0.791766 0.537318 0.765144 0.636507 0.569126 0.748868 0.520261 0.692722 0.562835 0.470465 0.470298 0.466103 0.452595
threshold=0.71654227375984203 0.89512962102890026 0.93750000000000011 0.8603896200656892 0.1863425895571709 0.48497743904590612 0.45910002291202551 0.87198767066001903 11.500000000000002 1.0000000180025095e-35 0.87298336625099193 0.28490260243415838 0.87570226192474376 0.2709790319204331 11.500000000000002 0.44949495792388922 0.71241438388824474 0.62828946113586437 2.5000000000000004 0.90125367045402538 3.5000000000000004 4.5000000000000009 0.72850123047828685 7.5000000000000009 1.0000000180025095e-35 0.99473685026168834 0.69939759373664867 6.5000000000000009 0.29459981620311743 12.500000000000002
decision_type=2 2 2 2 2 2 2 2 2 2 2 2 2 2 2 2 2 2 2 2 2 2 2 2 2 2 2 2 2 2
left_child=1 4 3 5 9 6 7 -2 -3 10 -1 -4 16 -14 15 -15 17 -7 19 -18 23 22 -22 25 28 -20 -21 -19 -25 -23
right_child=2 8 11 -5 -6 12 -8 -9 -10 -11 -12 -13 13 14 -16 -17 18 27 20 26 21 29 -24 24 -26 -27 -28 -29 -30 -31
leaf_value=0.005197559661709171 -0.025784425586000664 -6.3110010501975724e-05 -0.05999234493656639 0.033635058146845524 -0.018849852906420255 -0.022069501272744513 0.049965406333652665 0.038235835489990544 -0.045052664341509251 -0.050267458048800395 -0.069304208442470899 0.047970159106375469 -0.046007542069525544 0.055350574989334246 0.047362296996225975 0.004464987796449364 0.027830642120622237 0.040174191942425511 -0.020858553607521296 0.034666794769367203 0.022723282930700219 -0.0091945736822309984 -0.065652773186498203 0.049211098361920003 0.039646290143423739 0.025664034486328282 -0.032301321976233116 -0.012380205416122968 -0.034510736450867371 0.026468872456038975
leaf_weight=0.87226874500629381 1.1417150328015848 14.292546167205726 0.096447355928829803 4.3527903747453811 2.2051802947098631 4.9815777777912471 1.555195172120875 1.0660407076502449 0.70456183721762577 10.309663152245774 0.31953265657648444 5.2411968597152736 0.60046302760019798 0.81024998880456944 1.5677795115625475 7.7809029498312157 4.2164842688289381 0.97348160058027111 1.7964337669145598 0.35275984212057654 0.33039759030361693 6.628932199018891 0.87325122603215277 0.22458505874237777 2.3293908785562962 1.0188283011084422 1.022256299620494 0.75649828999303281 0.63995153665382531 1.0275107120869504
leaf_count=171 205 13925 3 439 3756 1819 101 61 2746 73211 32 866 27 81 120 432 350 52 198 31 54 574 45 14 106 42 56 30 196 165
internal_value=4.78192e-10 -0.0212538 0.0118724 0.00791419 -0.042127 0.00522902 0.0236592 0.00512851 -0.00217671 -0.0465899 -0.014777 0.0460194 0.00340068 0.0117309 0.0151436 0.00926412 0.000102185 -0.0119492 0.00405529 0.0172684 -0.000913426 -0.00943295 -0.0413938 0.011648 0.0254604 -0.00402228 -0.0151207 0.0171928 -0.0127619 -0.00440846
internal_weight=80.0889 28.7038 51.3851 46.0475 13.7066 41.6947 3.76295 2.20776 14.9971 11.5015 1.1918 5.33764 37.9317 10.7594 10.1589 8.59115 27.1723 6.71156 20.4608 5.5915 14.8693 8.86009 1.20365 6.00919 3.19393 2.81526 1.37502 1.72998 0.864537 7.65644
internal_count=99908 93841 6067 5198 77170 4759 367 266 16671 73414 203 869 4392 660 633 513 3732 1901 1831 437 1394 838 99 556 316 240 87 82 210 739
is_linear=0
shrinkage=0.05


Tree=77
num_leaves=31
num_cat=0
split_feature=7 1 2 10 8 12 0 7 0 2 13 6 0 8 6 13 8 13 8 2 7 2 2 13 7 6 0 8 1 0
split_gain=6.5113 4.81996 2.68069 1.52477 0.849546 0.59353 0.585764 0.696891 0.571552 1.01868 0.706123 0.619742 0.588227 0.568283 0.535523 0.532692 0.527767 0.795237 0.77802 0.790982 0.530949 0.551399 0.770373 0.540075 0.504649 0.47443 0.555266 0.458354 0.454713 0.427762
threshold=0.71654227375984203 0.89512962102890026 0.93750000000000011 1.0000000180025095e-35 0.94281044602394115 4.5000000000000009 0.43693181872367864 0.99783548712730419 0.87570226192474376 0.38750000298023229 4.5000000000000009 0.52839964628219616 0.86240702867507946 0.1863425895571709 1.0000000180025095e-35 8.5000000000000018 0.48913043737411505 1.0000000180025095e-35 0.27429467439651495 0.44949495792388922 0.89753684401512157 0.77500000596046459 0.57738095521926891 6.5000000000000009 0.90976935625076305 0.90125367045402538 0.84273937344551098 0.73030304908752453 0.87298336625099193 0.7897985875606538
decision_type=2 2 2 2 2 2 2 2 2 2 2 2 2 2 2 2 2 2 2 2 2 2 2 2 2 2 2 2 2 2
left_child=1 13 3 4 8 29 -5 15 11 -10 -11 -2 16 14 28 27 18 -18 19 -13 23 22 -22 -19 -12 26 -17 -8 -1 -3
right_child=2 5 -4 6 -6 -7 7 -9 9 10 24 12 -14 -15 -16 25 17 20 -20 -21 21 -23 -24 -25 -26 -27 -28 -29 -30 -31
leaf_value=0.0044545296519370075 0.015698411269517279 0.035522920777357699 0.045557492875470285 -0.052708928329072535 0.055716609286070355 -0.02153944213926404 0.039915258254699257 0.050478948864192991 0.069369395397050934 -0.0056253283017928162 0.0056967370055135613 -0.045128921623441426 -0.035007266499875254 -0.018227552436330351 -0.050257712473952665 -0.0017550844019752069 -0.035907967521001852 0.044051544844594913 -0.026474877744637044 0.045297862159435841 -0.011996776219033887 -0.063792660082364352 0.017825141572471587 -0.022566768368385042 0.042730599658223151 -0.027183587203868834 0.05062101587896161 0.010274202419644858 -0.067878960725721499 0.0019356882425498924
leaf_weight=0.84974548424361163 3.4474543630312864 1.0371992508062238 5.0008779061608939 0.24977770959958334 0.70995549263898183 2.5940117431437111 3.2749488078406994 2.1164843528240445 0.68607860140036692 5.2560672280378622 1.9812909727916124 0.34022620626274747 1.7439310292247672 2.1431635148073847 9.6309188670511485 1.6104126124628244 1.2818623862112861 1.4603746377688356 4.5455666498128267 0.83619348829961382 4.2774610963970154 0.31941615685354996 4.3861404252820648 0.38429123933019571 1.7171037796651942 0.94932932808296744 0.73788936022901896 2.1673741554841399 0.29190628323704004 11.018815354238539
leaf_count=171 558 919 869 61 70 5986 330 347 38 194 108 450 74 3756 73211 170 109 113 1549 54 402 17 162 59 117 37 83 96 32 9766
internal_value=3.74853e-11 -0.0194742 0.0108492 0.00694687 0.00160647 0.000156981 0.0229944 0.0247362 0.000430363 0.0106514 0.00615254 -0.00384957 -0.00729219 -0.0417415 -0.0464195 0.0185022 -0.00458164 0.00133134 -0.0170954 0.019146 0.00574001 0.000722633 0.00310123 0.0301732 0.0228909 0.00264436 0.0147027 0.0281109 -0.0140403 0.00482525
internal_weight=77.0463 27.5658 49.4805 44.4796 33.3734 14.65 11.1062 10.8564 32.6635 9.64054 8.95446 23.0229 19.5755 12.9157 10.7726 8.73995 17.8315 12.1095 5.72199 1.17642 10.8277 8.98302 8.6636 1.84467 3.69839 3.29763 2.3483 5.44232 1.14165 12.056
internal_count=99908 93841 6067 5198 4074 16671 1124 1063 4004 457 419 3547 2989 77170 73414 716 2915 862 2053 504 753 581 564 172 225 290 253 426 203 10685
is_linear=0
shrinkage=0.05


Tree=78
num_leaves=31
num_cat=0
split_feature=7 7 2 10 0 6 7 0 2 2 6 0 0 0 7 7 1 13 7 0 1 13 13 6 6 2 13 7 7 12
split_gain=5.97969 5.21198 2.43677 1.74716 0.719864 0.674949 0.65762 0.664491 0.81311 0.640906 0.673697 0.894397 0.668762 0.570623 0.649801 0.568778 0.710942 0.564028 0.475855 0.507929 0.462561 0.472343 0.692267 0.461755 0.479149 0.404185 0.399727 0.396271 0.622671 0.374174
threshold=0.5275399684906007 0.22557927668094638 0.93750000000000011 1.0000000180025095e-35 0.94185259938240062 0.35011520981788641 0.88478556275367748 0.87570226192474376 0.6904762089252473 0.41428571939468389 0.80866709351539623 0.90070420503616344 0.65733855962753307 0.43693181872367864 0.99783548712730419 0.85798320174217235 0.46709956228733068 4.5000000000000009 0.9765610694885255 0.88273492455482494 0.83047896623611461 41.500000000000007 17.500000000000004 0.71241438388824474 0.63191848993301403 0.73214286565780651 8.5000000000000018 0.80101522803306591 0.81517440080642711 1.0000000180025095e-35
decision_type=2 2 2 2 2 2 2 2 2 2 2 2 2 2 2 2 2 2 2 2 2 2 2 2 2 2 2 2 2 2
left_child=1 -1 3 4 6 -4 9 26 -9 12 20 -12 -2 -5 18 16 -14 -10 19 23 -11 22 27 24 -15 -25 -8 -22 -29 -6
right_child=2 -3 5 13 29 -7 7 8 17 10 11 -13 15 14 -16 -17 -18 -19 -20 -21 21 -23 -24 25 -26 -27 -28 28 -30 -31
leaf_value=0.0021350064835633084 -0.044047593416912188 -0.048074808617574995 -0.032840958991232759 -0.049600697125410431 0.056598049676638999 0.041575169807114482 -0.0068188093667865823 0.039700311532017668 -0.017757653065840071 0.040470332118393008 -0.0080160872268659599 -0.082175240724817078 0.085894213916319684 0.017878091918822791 0.049883042214837803 0.039379539940498351 -0.032580201994522481 0.03896839956714692 -0.0099771581479366784 0.053931193602308886 0.014858774394182237 0.030597629054672379 -0.052913446472144299 0.030261529599388815 -0.045623557905027298 -0.0061228417673580811 0.011242696180284718 -0.060841799080749263 0.00072031706100663881 0.0131849093549282
leaf_weight=10.401936589165418 2.4396697838838 10.272921869785931 0.32080746983410691 0.270183126507617 0.70618344619288054 6.069747638553963 10.783475900621854 2.455830405058804 1.5938862632028761 0.77467688487558728 1.4544106905814262 0.56433233944699157 0.14016617401648535 0.66707227396545554 1.9781138592516079 0.53014352580794355 1.3108841698413014 0.60435828764457244 1.2823440728243438 1.1269302951113784 2.3425850138846727 1.0218329349918347 0.69821312583189854 4.3770288147497922 0.53554367295873817 0.92451392207294691 4.2788679931254583 0.54861089820042286 1.6344738600309936 1.6702191756339742
leaf_count=887 7242 83906 17 106 63 1003 644 141 54 400 76 10 5 221 347 56 2368 49 60 216 497 146 290 325 75 37 480 20 80 87
internal_value=4.00072e-10 -0.0228132 0.00888164 0.00492021 -0.000497786 0.0378395 -0.00240195 0.00341441 0.0199276 -0.0109218 -0.00329166 -0.028747 -0.0265229 0.0221778 0.0239584 -0.00494278 -0.021136 -0.00216209 0.0182051 0.0229409 0.00402813 -0.00049192 -0.00657328 0.0175715 -0.0104002 0.0239166 -0.00168795 0.000576005 -0.0147503 0.0260858
internal_weight=73.78 20.6749 53.1051 46.7146 35.5528 6.39056 33.1764 19.7164 4.65407 13.46 9.03914 2.01874 4.42086 11.1617 10.8915 1.98119 1.45105 2.19824 8.91343 7.63109 7.02039 6.24572 5.22388 6.50416 1.20262 5.30154 15.0623 4.52567 2.18308 2.3764
internal_count=99908 84793 15115 14095 12708 1020 12558 1368 244 11190 1519 86 9671 1387 1281 2429 2373 103 934 874 1433 1033 887 658 296 362 1124 597 100 150
is_linear=0
shrinkage=0.05


Tree=79
num_leaves=31
num_cat=0
split_feature=7 1 2 10 8 8 6 12 12 13 5 7 6 8 6 5 1 7 13 7 0 13 12 0 7 0 0 13 2 6
split_gain=5.56098 4.11176 2.31373 1.45226 0.777619 0.604429 0.71396 0.526568 0.481869 0.456799 0.537169 0.505896 0.408149 0.864772 0.724092 1.01071 0.688892 0.589964 0.484856 0.565053 0.438334 0.431141 0.441543 0.425491 0.406422 0.401043 0.400215 0.376047 0.670225 0.375634
threshold=0.71654227375984203 0.92031747102737438 0.93750000000000011 1.0000000180025095e-35 0.94281044602394115 0.1863425895571709 1.0000000180025095e-35 16.500000000000004 12.500000000000002 4.5000000000000009 1.0000000180025095e-35 0.99783548712730419 0.78696113824844371 0.44222222268581396 0.90125367045402538 1.0000000180025095e-35 0.93643954396247875 0.77621760964393627 19.500000000000004 0.94360822439193737 0.87298336625099193 1.0000000180025095e-35 1.5000000000000002 0.91545844078063976 0.90976935625076305 0.60922586917877208 0.7897985875606538 1.5000000000000002 0.73214286565780651 0.76552855968475353
decision_type=2 2 2 2 2 2 2 2 2 2 2 2 2 2 2 2 2 2 2 2 2 2 2 2 2 2 2 2 2 2
left_child=1 5 3 4 7 6 -1 12 -3 10 -5 -11 16 14 15 20 23 -18 19 24 -14 -15 -23 29 27 -7 -17 -19 -29 -2
right_child=2 8 -4 9 -6 25 -8 -9 -10 11 -12 -13 13 21 -16 26 17 18 -20 -21 -22 22 -24 -25 -26 -27 -28 28 -30 -31
leaf_value=-0.013642205521202211 -0.010007061476789198 0.0027961098416920353 0.044604194590136086 0.0053069954900357881 0.055473626208116224 -0.045128549895727246 -0.050138982395455181 -0.039484019216871558 -0.048110923084330362 0.0084319899390268918 0.047182417819817739 0.046282017607405218 -0.011488724435035706 -0.024631525006216758 0.018358045860331833 -0.015852986977112252 0.061214911503690711 0.040693882247991947 0.047820379041593183 0.030060666395487903 0.079504538960372517 0.023114171151552294 -0.00050967168606834369 0.056168000516764696 -0.027093147935055781 0.00062084873425533157 -0.06559464611225102 0.029507480593324101 -0.032948373226260236 0.027583427590658089
leaf_weight=1.5853912215970911 6.2315909998978984 12.419468026346292 4.4493321126064975 1.0376253177964812 0.64830868621356685 0.73125609771887079 8.6572938501312802 0.81622105383576027 0.48292567473618042 5.3855921977738035 2.9236960239068139 1.0558976026950402 0.37154785164602788 1.3502690932364192 0.71951307667768549 0.53502471098909188 0.72131519194226701 0.65322423307225186 0.88670879346318532 1.8972617911058476 0.20558196865022182 2.633434166928053 7.9462352597474819 0.28655434946995217 1.2220570364734156 1.3887808689178198 1.6560881097102536 0.80434950429480501 0.9218512955121696 0.74392041480678006
leaf_count=230 2237 12642 869 174 70 2380 75053 289 2124 448 337 165 108 115 33 27 40 13 43 99 3 144 509 31 45 1412 63 45 50 110
internal_value=-1.73777e-10 -0.0188538 0.0103321 0.00667125 0.00128473 -0.0394601 -0.0444899 0.000136761 0.000890703 0.0228529 0.0362136 0.0146364 0.00122246 -0.00442782 -0.0263285 -0.0379433 0.0072852 0.0183522 0.0135103 0.00797757 0.0209244 0.0019749 0.00537065 -0.00354511 -0.0036558 -0.0151593 -0.0534488 0.00838146 -0.00384612 -0.00599813
internal_weight=71.3683 25.2651 46.1032 41.6539 31.2511 12.3627 10.2427 30.6027 12.9024 10.4028 3.96132 6.44149 29.7865 15.4177 3.48776 2.76824 14.3688 7.10677 6.38545 5.49874 0.57713 11.9299 10.5797 7.26207 3.60148 2.12004 2.19111 2.37943 1.7262 6.97551
internal_count=99908 93841 6067 5198 4074 79075 75283 4004 14766 1124 511 613 3715 1002 234 201 2713 335 295 252 111 768 653 2378 153 3792 90 108 95 2347
is_linear=0
shrinkage=0.05


Tree=80
num_leaves=31
num_cat=0
split_feature=7 1 2 10 8 8 7 12 12 7 7 1 13 0 0 7 0 4 8 7 1 0 1 0 0 0 8 8 8 13
split_gain=5.00177 3.89521 2.15078 1.25978 0.72033 0.505255 0.589688 0.496757 0.485553 0.423754 0.497852 0.555309 0.412987 0.381809 0.605679 0.373373 0.463827 0.357064 0.349634 0.351919 0.345093 0.364423 0.436345 0.326053 0.924086 0.617089 0.287732 0.272102 0.451421 0.439298
threshold=0.71654227375984203 0.89512962102890026 0.93750000000000011 1.0000000180025095e-35 0.94281044602394115 0.1863425895571709 1.0000000180025095e-35 16.500000000000004 4.5000000000000009 0.77621760964393627 0.99783548712730419 0.55625879764556896 88.500000000000014 0.94185259938240062 0.93908473849296581 0.9765610694885255 0.88273492455482494 1.0000000180025095e-35 0.26201373338699346 0.96794739365577709 0.87298336625099193 0.83910790085792553 0.86240702867507946 0.98529094457626354 0.97726097702980053 0.97014260292053234 0.84807693958282482 0.61721614003181469 0.58957219123840343 1.0000000180025095e-35
decision_type=2 2 2 2 2 2 2 2 2 2 2 2 2 2 2 2 2 2 2 2 2 2 2 2 2 2 2 2 2 2
left_child=1 5 3 4 7 6 20 13 12 -5 15 -12 23 14 27 16 -11 -7 -9 -20 21 22 -1 24 25 -3 -17 28 -2 -29
right_child=2 8 -4 9 -6 17 -8 18 -10 10 11 -13 -14 -15 -16 26 -18 -19 19 -21 -22 -23 -24 -25 -26 -27 -28 29 -30 -31
leaf_value=-0.0430527604166775 -0.0023051894023447951 0.0065981270325372113 0.044070948874097238 0.060887214564249142 0.055214703961654094 -0.04432236495716603 -0.050230715351185964 0.02752222330913541 -0.021079107348231318 0.013066075720371634 -0.025505953268938154 0.052844277316351301 0.050334521207326247 0.02239741257298682 -0.055972059040576116 -0.032611927261356463 0.053593409976681598 -2.8154548507701693e-05 -0.072307803634725346 0.020441788624720986 -0.0617399407683379 0.063440147340273007 0.049876662306716044 -0.0066868490369911314 0.063254125071014286 -0.079392806870483279 0.015579745011654021 -0.020511519811428913 -0.05861958758738868 0.01036941107563074
leaf_weight=0.40491651147021712 14.583756156182076 4.4257445790735765 4.2001785997563266 0.64571747068111918 0.60652134055271645 0.74426002075961206 7.8693686815513502 0.16224598856206185 2.3284889281494552 5.5184426404011884 0.26259102625772346 1.6295598548458654 0.46139318602217905 1.9886877195094701 0.48003020416945119 0.70913874276448019 0.80956317903473962 1.1705717827899207 0.53073321210104041 0.12668447697069496 0.24729753180872649 0.20433798199519515 0.18358994298614562 5.3701802565028629 0.72459716579578515 0.21895429773394415 0.54991725122090429 1.3074534866173042 0.36476408930320836 9.6638942451972962
leaf_count=150 2907 4202 869 74 70 2771 73211 57 5986 440 22 339 20 127 14 39 187 985 220 12 32 14 7 5707 430 326 23 104 43 520
internal_value=3.79386e-10 -0.0181903 0.0100363 0.00645712 0.0012823 -0.0405461 -0.0455541 0.000162367 -0.000304232 0.0216954 0.0190256 0.0419709 0.00401455 0.00127035 -0.000321133 0.0133033 0.0182509 -0.0172445 -0.0382122 -0.0544349 -0.0101725 0.00591202 -0.0140626 0.00202453 0.0107373 0.00254446 -0.0115633 0.00070951 -0.00367934 0.00668934
internal_weight=68.4936 24.3537 44.1399 39.9397 29.8148 10.8243 8.90951 29.2082 13.5294 10.1249 9.47921 1.89215 11.2009 28.3886 26.3999 7.58706 6.32801 1.91483 0.819664 0.657418 1.04014 0.792844 0.588506 10.7395 5.3693 4.6447 1.25906 25.9199 14.9485 10.9713
internal_count=99908 93841 6067 5198 4074 77170 73414 4004 16671 1124 1050 361 10685 3715 3588 689 627 3756 289 232 203 171 157 10665 4958 4528 62 3574 2950 624
is_linear=0
shrinkage=0.05


Tree=81
num_leaves=31
num_cat=0
split_feature=0 6 10 1 8 8 8 2 0 6 2 12 12 0 8 7 8 6 12 2 6 0 7 7 0 2 6 4 0 6
split_gain=4.52256 3.14206 2.19861 1.17075 1.25346 1.03416 1.02824 0.628426 0.6481 0.697208 0.628088 0.746614 0.712609 0.636968 0.594954 0.586803 0.98887 0.550036 0.482034 0.471725 0.458056 0.551075 0.521568 0.443984 0.434538 0.498873 0.451679 0.395584 0.641339 0.386452
threshold=0.6832355558872224 0.63191848993301403 1.0000000180025095e-35 0.92031747102737438 0.21240601688623431 0.73508772253990184 0.44222222268581396 0.087121214717626586 0.90070420503616344 0.90125367045402538 0.44949495792388922 2.5000000000000004 7.5000000000000009 0.54201978445053112 0.42582418024539953 0.99783548712730419 0.73030304908752453 1.0000000180025095e-35 8.5000000000000018 0.44949495792388922 0.78696113824844371 0.98648402094841015 0.94360822439193737 0.87198767066001903 0.84273937344551098 0.64583334326744091 0.82621711492538463 1.0000000180025095e-35 0.75147059559822094 0.74646764993667614
decision_type=2 2 2 2 2 2 2 2 2 2 2 2 2 2 2 2 2 2 2 2 2 2 2 2 2 2 2 2 2 2
left_child=1 6 3 4 17 20 14 -6 9 -9 12 -12 -3 -13 19 16 18 -2 -4 -1 22 24 -5 -20 26 -26 -22 -18 -29 -14
right_child=2 10 15 5 7 -7 -8 8 -10 -11 11 13 29 -15 -16 -17 27 -19 23 -21 21 -23 -24 -25 25 -27 -28 28 -30 -31
leaf_value=-0.047208910564203586 -0.010324645451982362 -0.034176114951133936 0.042064567518196823 0.0065296274828333225 0.05160786722128427 0.034256822125413526 0.025241453116861101 -0.0014581722216275112 0.046774173231029725 -0.043778070317623458 0.051570716019912755 0.058703372837270479 -0.034105714162809143 -0.013899384594950593 -0.091980555002665443 0.052810843032706015 -0.045407259729647445 -0.050329233912694699 0.055460656729570026 -0.010979829325614532 -0.027428455041648366 0.052050376324796171 0.042585262934072055 -0.022189594778508133 0.013972212759010822 -0.027413103560532254 0.025096728629359299 -0.052634369239333546 0.019536004375887348 0.018884610868995642
leaf_weight=6.9956256619097967 1.3907332348171615 1.7954111742456 4.232781706217791 17.244786966381081 0.54647398105589573 3.3103153989359262 0.53299459700065277 6.9828122885337471 0.59340407565469 1.1308336507354395 1.1291112130857075 0.3756963328924029 0.4288426563907709 1.5421752645343074 0.65886379559378916 2.020534507886623 0.45661836012732271 2.2482979233982405 0.26374738819140464 1.0308968132394509 0.58215451281284814 0.37796879313827947 1.0649485152243858 0.60948673472739756 0.91989450785331417 3.4939461817557458 1.378403238719329 0.37826738739386234 1.6531002169358542 1.7404650072057846
leaf_count=54019 178 1104 775 12283 54 301 111 1043 54 75 94 18 781 128 57 407 21 23863 49 3457 35 85 88 37 47 157 78 10 126 373
internal_value=2.32543e-10 -0.0229816 0.00733092 0.0023139 -0.0101798 0.00799108 -0.0421684 -0.000403037 -0.00366736 -0.00735648 0.00224343 0.0193137 -0.0108755 0.000322939 -0.0463051 0.0288637 0.0224921 -0.0350406 0.0350867 -0.0425558 0.00452178 -0.0066092 0.00862673 0.00126351 -0.0100874 -0.0187879 0.00950026 -0.0033556 0.00609693 0.00840914
internal_weight=67.1096 16.2301 50.8795 41.265 12.8926 28.3724 9.21838 9.25352 8.70705 8.11365 7.0117 3.04698 3.96472 1.91787 8.68539 9.61454 7.594 3.63903 5.10602 8.02652 25.0621 6.75237 18.3097 0.873234 6.3744 4.41384 1.96056 2.48799 2.03137 2.16931
internal_count=99908 60142 39766 38341 25267 13074 57644 1226 1172 1118 2498 240 2258 146 57533 1425 1018 24041 861 57476 12773 402 12371 86 317 204 113 157 136 1154
is_linear=0
shrinkage=0.05


Tree=82
num_leaves=31
num_cat=0
split_feature=7 1 2 8 10 8 0 13 13 0 13 2 8 7 12 12 7 1 0 7 8 0 12 4 7 7 0 7 8 7
split_gain=4.16033 3.51787 1.94454 1.04766 0.613977 0.696816 0.733906 0.557136 0.560434 0.539879 0.532472 0.496109 0.473937 0.455314 0.399427 0.39552 0.38686 0.35679 0.633633 0.347685 0.340448 0.340208 0.390835 0.323951 0.319034 0.981944 0.328931 0.318644 0.321283 0.531084
threshold=0.71654227375984203 0.92031747102737438 0.93750000000000011 0.8603896200656892 1.0000000180025095e-35 0.73030304908752453 0.9529346525669099 58.500000000000007 59.500000000000007 0.84877073764801036 9.5000000000000018 0.64583334326744091 0.1863425895571709 1.0000000180025095e-35 11.500000000000002 16.500000000000004 0.70620205998420726 0.75513628125190746 0.78830561041831981 0.95904389023780834 0.12310606241226198 0.6832355558872224 24.500000000000004 1.0000000180025095e-35 0.46882475912570959 1.0000000180025095e-35 0.80673459172248851 0.56425988674163829 0.086335405707359328 0.60814762115478527
decision_type=2 2 2 2 2 2 2 2 2 2 2 2 2 2 2 2 2 2 2 2 2 2 2 2 2 2 2 2 2 2
left_child=1 11 3 4 15 9 19 14 -9 10 17 12 13 -1 16 -2 24 -6 -19 -7 -4 22 -17 -14 25 26 -3 -26 -29 -30
right_child=2 7 20 -5 5 6 -8 8 -10 -11 -12 -13 23 -15 -16 21 -18 18 -20 -21 -22 -23 -24 -25 27 -27 -28 28 29 -31
leaf_value=-0.018100988665920702 0.00087673514859695648 0.039317528472998298 -0.052472458666274507 0.032912120193515602 -0.0059901169280171954 -0.034550475541203725 -0.074414321220041171 0.091246361138790963 0.01381303457070749 0.051248988527097798 -0.010063266400130336 0.040821873856961989 -0.044322625964499457 -0.050109253085813571 -0.053087795947440189 -0.071418427081250818 -0.055329251163074203 0.060023156121172476 -0.0040211153411627678 0.01439309681386676 0.046090408134043033 0.030581060942714983 0.032243599610727834 -0.00072396003477805419 0.040883992108610948 -0.050206317953420433 -0.0016246295262679546 0.057928767555049214 -0.046892221532766641 0.019633745434638885
leaf_weight=1.3177303491393084 25.981409372805505 0.5400865756673684 0.089757784269749563 3.3033244513062519 0.53247829008614633 0.45021955994889218 0.3336355299106798 0.2608216189164535 2.2449292263227107 1.5400340479682197 1.277932340337429 0.19310502291955423 0.67894803645140078 7.0829571431604563 0.4058296716202684 0.49736530650807154 0.33366054392536248 1.2688789419480597 0.55518389790086065 1.8699540006637105 3.664841226011049 0.15465180919272825 0.11126908814185299 1.1438924643189239 0.81114674292075539 1.0570965767292362 5.3511127247475088 0.21653023082762946 0.51453141978709005 0.71951808470475953
leaf_count=224 3637 28 3 439 100 25 13 20 403 255 173 91 2783 74973 2307 231 13 79 41 148 866 8 49 1004 774 10881 171 4 74 91
internal_value=1.27611e-10 -0.0171317 0.00941212 0.00600985 0.00343944 0.0157552 -0.00507502 0.000800982 0.021873 0.0264383 0.0159252 -0.0385741 -0.0400737 -0.0450884 -0.00450594 -0.000165457 -0.00244007 0.0300186 0.0405302 0.00489581 0.0437342 -0.0356405 -0.0524672 -0.016963 -0.000524002 -0.00583332 0.00212882 0.0157869 0.00175285 -0.00810396
internal_weight=64.5028 22.8719 41.6309 37.8763 34.573 7.82832 2.65381 12.4553 2.50575 5.17451 3.63447 10.4166 10.2235 8.40069 9.94951 26.7447 9.54368 2.35654 1.82406 2.32017 3.7546 0.763286 0.608634 1.82284 9.21002 6.9483 5.8912 2.26173 1.45058 1.23405
internal_count=99908 93841 6067 5198 4759 834 186 14766 423 648 393 79075 78984 75197 14343 3925 12036 220 120 173 869 288 280 3787 12023 11080 199 943 169 165
is_linear=0
shrinkage=0.05


Tree=83
num_leaves=31
num_cat=0
split_feature=7 1 2 7 10 8 13 6 8 2 4 1 13 12 13 8 8 13 6 12 8 7 1 12 5 2 1 13 8 8
split_gain=5.00264 2.65841 1.69976 1.18384 1.03495 0.575274 0.505072 0.707333 0.992327 0.446848 0.99276 0.748801 0.426709 0.376389 0.397857 0.370177 0.338143 0.795441 0.331706 0.456466 0.504784 0.773372 0.611991 0.554272 0.639921 0.509261 0.446063 0.407638 0.333977 0.407198
threshold=0.71654227375984203 0.89512962102890026 0.93750000000000011 0.70620205998420726 1.0000000180025095e-35 0.94281044602394115 8.5000000000000018 0.90125367045402538 0.8603896200656892 0.27922078967094427 1.0000000180025095e-35 0.8216732144355775 33.500000000000007 4.5000000000000009 88.500000000000014 0.21240601688623431 0.082207206636667265 25.500000000000004 0.49700556695461279 1.5000000000000002 0.61721614003181469 0.92380261421203624 0.87585616111755382 4.5000000000000009 1.0000000180025095e-35 0.77500000596046459 0.93405798077583324 11.500000000000002 0.69615384936332714 0.77097901701927196
decision_type=2 2 2 2 2 2 2 2 2 2 2 2 2 2 2 2 2 2 2 2 2 2 2 2 2 2 2 2 2 2
left_child=1 12 4 13 5 18 9 -8 -9 10 -6 -11 15 14 16 -1 17 -3 26 27 -21 -22 -23 -24 -25 28 -2 -20 -26 -30
right_child=2 3 -4 -5 6 -7 7 8 -10 11 -12 -13 -14 -15 -16 -17 -18 -19 19 20 21 22 23 24 25 -27 -28 -29 29 -31
leaf_value=-0.049787208293440376 -0.0017112594642850723 -0.047060863561253406 0.043536527467804953 -0.070128225098612967 -0.02772641128964078 0.054923213689360789 0.021826936255470605 -0.055008382704591741 0.046651055775875971 -0.016676334099957661 0.07830451756542979 0.03356160517474794 -0.014961810606000978 -0.020727747877277256 0.050123730219840512 -0.020703169273578525 0.018398541713282379 0.0017696439624883553 0.0049396243544346085 -0.01204558655834706 0.044504063596898374 -0.024664882585627903 0.031794478492440562 -0.043560214963958371 -0.015787143611475422 -0.040773096806382775 0.038049213874690346 0.037539872896754478 0.048177539248541172 -0.0028740956108444758
leaf_weight=6.2795223867269669 1.4541759903331757 0.94983010175291926 3.5342687533120616 0.65691372647415924 0.2793455603532472 0.51067581539973517 2.5276685187200205 0.82193516218103446 0.33907711338542867 0.93690768770466082 1.0526064681762364 3.5603985744091915 1.4313965868486773 2.0663141895265644 0.42324828269193027 1.3248864181514362 2.1055578759151103 6.8389262835553382 4.9441367596446097 9.9954206419934071 1.0623484993120635 2.0013094997048029 1.6498828322510233 0.77161249588243697 0.55211957241408605 0.44338222465012211 1.3699219042318873 1.1896219883274168 1.0439769162330774 0.62409483140800137
leaf_count=67503 337 8125 869 17 80 70 343 31 44 68 48 510 7101 5981 20 2566 1154 1374 412 2430 67 188 122 30 24 31 77 206 43 37
internal_value=7.9736e-10 -0.0191618 0.0104028 -0.00471916 0.00724893 0.00234798 0.0214672 0.00698793 -0.0253184 0.0306295 0.056067 0.0230957 -0.0400059 -0.00124948 0.00265146 -0.04472 0.000620744 -0.00418518 0.00135732 -0.000529283 -0.00451552 0.00472103 -0.00124301 0.00797504 -0.00346518 0.00814998 0.0175759 0.0112623 0.0179201 0.029077
internal_weight=62.7415 22.0766 40.6649 13.0408 37.1306 27.6127 9.51794 3.68868 1.16101 5.82926 1.33195 4.49731 9.03581 12.3839 10.3176 7.60441 9.89431 7.78876 27.102 24.2779 18.1441 8.14873 7.08638 5.08507 3.43519 2.66357 2.8241 6.13376 2.22019 1.66807
internal_count=99908 93841 6067 16671 5198 4074 1124 418 75 706 128 578 77170 16654 10673 70069 10653 9499 4004 3590 2972 542 475 287 165 135 414 618 104 80
is_linear=0
shrinkage=0.05


Tree=84
num_leaves=31
num_cat=0
split_feature=7 6 2 8 6 0 2 12 0 7 2 0 7 8 1 13 13 0 8 6 8 13 12 5 12 0 8 10 7 0
split_gain=3.93398 3.60578 1.49135 0.995849 0.748818 0.706546 0.663623 0.876118 0.733593 0.594242 0.500275 0.611556 0.544142 0.726937 0.493766 0.422744 0.422609 0.419447 0.378964 0.411858 0.713927 0.709318 0.602815 0.581289 0.459777 0.530102 0.365339 0.475558 0.379287 0.360129
threshold=0.5275399684906007 0.21089696139097217 0.93750000000000011 0.8441295623779298 0.35011520981788641 0.6832355558872224 0.44949495792388922 2.5000000000000004 0.54201978445053112 0.87198767066001903 0.36931818723678594 0.70438539981842052 0.85798320174217235 0.65833333134651195 0.81892696022987377 25.500000000000004 40.500000000000007 0.87007671594619762 0.2709790319204331 0.90125367045402538 0.63961037993431102 8.5000000000000018 4.5000000000000009 1.0000000180025095e-35 10.500000000000002 0.87570226192474376 0.45227272808551794 1.0000000180025095e-35 0.93369963765144359 0.68457102775573742
decision_type=2 2 2 2 2 2 2 2 2 2 2 2 2 2 2 2 2 2 2 2 2 2 2 2 2 2 2 2 2 2
left_child=1 15 3 5 -4 6 9 -8 -9 -2 12 -12 29 -14 -13 -1 18 -15 -16 20 24 26 -22 -24 25 -20 -21 28 -28 -7
right_child=2 -3 4 -5 -6 10 7 8 -10 -11 11 14 13 17 16 -17 -18 -19 19 21 22 -23 23 -25 -26 -27 27 -29 -30 -31
leaf_value=-0.049759726953468801 -0.04266258819220406 -0.04771835649754641 -0.03921810609674739 0.029154959938303728 0.039226582063168536 0.06878158564131541 0.043853952078980962 0.050367208864477035 -0.027632921469218915 -0.0072594872599307594 0.041765841641794865 -0.042062085018614248 0.055046553133380374 -0.019077680716875534 -0.020697740488905603 0.0018851713668822205 0.030222013993581293 0.058832160541366522 -0.015504392062905804 0.031041124376136806 0.040717590834257703 -0.059935600740765566 -0.041445356705468138 0.018271967133126461 0.042928228187108029 0.0095198930963989875 0.0060610995274079579 0.017254178480734839 -0.039352457308031795 -0.015757517273456961
leaf_weight=0.41467715929684601 2.1095049330588145 7.0884483834352059 0.32604651129804452 3.7289285242150063 4.5446799749042839 0.14335679447868033 1.0559064143235448 0.37279236260292226 1.574993518690462 2.7053472428888199 0.97640735222921904 0.63671555101609811 1.6786683694954265 0.70502174180001009 1.8554675525283588 8.9139603388539381 1.3022710170571361 0.2288261722860625 4.5443778682674747 0.67938773590139989 2.3835579186561509 0.61820779216941435 0.52265455888118606 1.8496007299108896 0.55985083969426419 3.9608371997601353 0.70187030220404301 1.0888145871285817 1.3328774565306956 1.0389407158490938
leaf_count=214 8114 83905 17 495 1003 15 101 32 258 676 177 330 148 58 700 674 176 26 300 29 175 24 19 114 50 297 28 114 88 1551
internal_value=-5.37584e-10 -0.0208368 0.00791375 0.00460417 0.0339755 0.00196027 -0.011265 0.007178 -0.0127043 -0.0227705 0.00581746 0.00304379 0.0226378 0.0353747 0.00132807 -0.000410551 0.00261907 1.30197e-05 0.000830468 0.00302018 0.00726939 -0.0102631 0.0229586 0.00511506 -0.000961677 -0.0038507 -0.00218839 -0.00941595 -0.0236874 -0.00550692
internal_weight=59.643 16.4171 43.2259 38.3552 4.87073 34.6263 7.81854 3.00369 1.94779 4.81485 26.8077 23.0129 3.79481 2.61252 22.0365 9.32864 21.3998 0.933848 20.0975 18.242 13.8209 4.42116 4.75581 2.37226 9.06507 8.50522 3.80295 3.12356 2.03475 1.1823
internal_count=99908 84793 15115 14095 1020 13600 9181 391 290 8790 4419 2621 1798 232 2444 888 2114 84 1938 1238 955 283 308 133 647 597 259 230 116 1566
is_linear=0
shrinkage=0.05


Tree=85
num_leaves=31
num_cat=0
split_feature=7 6 2 8 0 2 12 0 7 6 2 13 0 1 1 1 2 13 7 13 13 13 1 1 5 7 8 0 13 8
split_gain=3.6752 3.35047 1.54037 0.906848 0.628287 0.553562 0.704589 0.602208 0.585199 0.498773 0.464253 0.423791 0.393074 0.426824 0.515658 0.492617 0.473123 0.379256 0.611843 0.362397 0.348519 0.34406 0.327611 0.324069 0.577373 0.434641 0.318129 0.313176 0.378923 0.378244
threshold=0.5275399684906007 0.21089696139097217 0.93750000000000011 0.8441295623779298 0.6832355558872224 0.44949495792388922 2.5000000000000004 0.56440424919128429 0.87198767066001903 0.35011520981788641 0.087121214717626586 25.500000000000004 0.70438539981842052 0.76123407483100902 0.76253134012222301 0.81892696022987377 0.36931818723678594 2.5000000000000004 0.90976935625076305 24.500000000000004 22.500000000000004 40.500000000000007 0.90366768836975109 0.85145786404609691 1.0000000180025095e-35 0.9765610694885255 0.21240601688623431 0.88273492455482494 5.5000000000000009 0.97499999403953563
decision_type=2 2 2 2 2 2 2 2 2 2 2 2 2 2 2 2 2 2 2 2 2 2 2 2 2 2 2 2 2 2
left_child=1 11 3 4 5 8 -7 -8 -2 -4 -6 19 23 -14 -15 -16 -17 18 -11 20 -1 -18 -23 24 -12 -26 -3 28 29 -5
right_child=2 26 9 27 10 6 7 -9 -10 17 12 -13 13 14 15 16 21 -19 -20 -21 -22 22 -24 -25 25 -27 -28 -29 -30 -31
leaf_value=-0.059762839289296744 -0.042000350141242461 -0.049309829958588132 -0.02963971510101588 -0.011470786424725729 0.050597677069577629 0.040965401398834124 0.037243157553904588 -0.028380664850116678 -0.0061959284075378401 -0.021295469586814938 -0.062332417162934209 0.0015797144087086939 -0.042392370110777094 0.069141761255300929 -0.030399221336852855 0.036493010341128916 0.0013029311793898394 0.047687390560568199 0.051777109394783055 -0.089399245387342854 0.065981930757766455 -0.019211092339338303 0.041727188754604599 0.053405248060282386 0.053430228746576908 -0.064077106505857559 0.020104341929895478 0.054015225167446716 0.045006015062364589 0.036540841476399959
leaf_weight=0.11804019915325525 1.9964539004367896 6.4733859576745081 0.28180016612168302 1.1240946746838743 0.5587289349205119 0.9730049930421959 0.46928411060434871 1.3706884504936168 2.6640747328310681 0.58891540093463823 0.21706242918117158 8.7018081956648512 0.50832563792210095 0.29918291694048349 1.0486622421312883 1.1095257622691885 19.219827292691665 3.2550538230934762 0.55778783914865926 0.24411766428784176 0.10335225870585418 0.28383037376806786 0.98934774211738841 0.72334978506751213 0.4678988245796063 0.094604920363053679 0.16938090722032928 0.88456075487192709 0.96432444881065738 0.64595390294562083
leaf_count=171 8114 83745 17 70 85 101 51 239 676 93 427 674 790 18 575 141 1938 730 180 20 23 94 82 91 174 4 160 157 101 167
internal_value=5.94276e-10 -0.0205001 0.00784837 0.00439456 0.00178843 -0.0109617 0.00655395 -0.0116433 -0.0215336 0.0348479 0.00552224 -0.000906765 0.00451329 0.00292516 0.00392889 0.00306754 0.00469214 0.0389764 0.014249 -0.0473867 -0.00106163 0.00297039 0.0281422 0.0293021 0.00693707 0.0336672 -0.0475399 0.0281546 0.0197888 0.00605037
internal_weight=57.1064 15.8101 41.2963 36.6128 32.9939 7.47351 2.81298 1.83997 4.66053 4.68356 25.5203 9.16732 24.9616 23.4587 22.9504 22.6512 21.6025 4.40176 1.1467 0.46551 0.221392 20.493 1.27318 1.50292 0.779566 0.562504 6.64277 3.61893 2.73437 1.77005
internal_count=99908 84793 15115 14095 13600 9181 391 290 8790 1020 4419 888 4334 3638 2848 2830 2255 1003 273 214 194 2114 176 696 605 178 83905 495 338 237
is_linear=0
shrinkage=0.05


Tree=86
num_leaves=31
num_cat=0
split_feature=8 1 12 6 8 1 13 6 1 0 13 12 8 0 8 6 6 13 12 0 8 1 13 7 7 0 7 0 7 0
split_gain=3.35623 2.64211 1.6219 0.975738 0.66799 0.592146 0.561892 0.533702 0.502283 0.3652 0.376969 0.383522 0.361545 0.347103 0.317418 0.401501 0.356665 0.397666 0.344023 0.458046 0.41694 0.315703 0.315276 0.314065 0.309235 0.308212 0.299375 0.412323 0.368014 0.295866
threshold=0.2981481552124024 0.92031747102737438 1.0000000180025095e-35 0.71241438388824474 0.8441295623779298 0.95713412761688244 35.500000000000007 0.53863716125488292 0.9529346525669099 0.88273492455482494 1.5000000000000002 3.5000000000000004 0.55902779102325451 0.64174234867095958 0.48913043737411505 0.68244633078575145 0.92012271285057079 3.5000000000000004 8.5000000000000018 0.60120484232902538 0.65833333134651195 0.86425063014030468 1.0000000180025095e-35 0.93369963765144359 0.94360822439193737 0.81530213356018078 0.90976935625076305 0.75147059559822094 0.95904389023780834 0.89512962102890026
decision_type=2 2 2 2 2 2 2 2 2 2 2 2 2 2 2 2 2 2 2 2 2 2 2 2 2 2 2 2 2 2
left_child=1 3 5 6 7 8 29 13 21 14 11 -11 -12 -4 15 -9 17 26 -19 20 -20 24 -23 -18 25 -2 -16 28 -28 -1
right_child=2 -3 4 -5 -6 -7 -8 9 -10 10 12 -13 -14 -15 16 -17 23 18 19 -21 -22 22 -24 -25 -26 -27 27 -29 -30 -31
leaf_value=-0.046411372917425024 -0.042578714113246659 0.00033137191087073096 -0.028709027693649514 0.036070567393840527 0.026883171388443775 0.052376973890563706 -0.014085424356432711 -0.041578716830333991 -0.064136558987132511 -0.050360040888452688 0.0058396970446244791 0.0074312292588964062 0.035027792135845295 0.031396062683454719 0.039815176842748261 -0.0061767935047348085 -0.071056541423972192 0.0047715019490096149 -0.050373682139807779 -0.034486610400857126 0.056311357351759642 -0.010107496563257962 0.051777472633143667 -0.010920243257807346 0.029124793602409074 0.06369496133483081 -0.047969618337960485 0.024520880044015453 0.033161059443453093 0.0025008395944047367
leaf_weight=7.0459500264087165 0.41030490332377645 12.409236838830111 0.27026396082693027 0.46756208473925731 3.1765016502249628 2.6398381227772916 1.9504831398262465 1.1138858511130885 0.17065065406495694 0.44744717840512638 2.5752211584767792 0.80100784316891804 1.8042575224390018 2.159446732923243 1.1342826998770745 2.8501885987834612 0.24064072506735046 4.7160702418987057 0.13105023957541551 1.413425839411502 0.30407980064046569 0.25202148748212483 1.1223336344846755 2.2206605623287032 0.57323291184729896 0.081830687588080764 0.47516192746115837 1.2372683110879732 0.1980302736046724 0.32336072025009333
leaf_count=72252 112 14877 195 134 487 738 6940 857 14 35 177 35 226 188 130 856 28 445 79 117 14 24 119 207 40 12 66 66 19 419
internal_value=-5.1892e-10 -0.0149888 0.0102309 -0.0344129 0.00533121 0.0356792 -0.037949 0.00248966 0.0187929 -2.64379e-06 0.0109555 -0.0132812 0.0178646 0.0247104 -0.00384876 -0.0161246 0.000182675 0.00453248 -0.00239463 -0.020677 0.0241805 0.0245936 0.0404294 -0.0167998 0.00416498 -0.0249079 0.0194677 0.00738694 -0.0241037 -0.0442651
internal_weight=54.7157 22.1966 32.5191 9.78736 27.2689 5.25021 9.31979 24.0924 2.61037 21.6627 5.62793 1.24846 4.37948 2.42971 16.0347 3.96407 12.0707 9.60937 6.56463 1.84856 0.43513 2.43972 1.37436 2.4613 1.06537 0.492136 3.04474 1.91046 0.673192 7.36931
internal_count=99908 94622 5286 79745 4227 1059 79611 3740 321 3357 473 70 403 383 2884 1713 1171 936 655 210 93 307 143 235 164 124 281 151 85 72671
is_linear=0
shrinkage=0.05


Tree=87
num_leaves=31
num_cat=0
split_feature=7 1 2 7 2 0 13 7 4 6 12 0 13 6 6 10 13 13 2 6 12 13 0 13 13 13 2 0 0 6
split_gain=2.99599 2.55262 1.48098 0.60794 0.448608 0.418732 0.33294 0.328042 0.376453 0.347907 0.326795 0.362708 0.310761 0.297263 0.325378 0.281892 0.282819 0.30729 0.32974 0.28826 0.280437 0.257885 0.253711 0.247788 0.374261 0.238222 0.228935 0.22886 0.363357 0.227258
threshold=0.72792208194732677 0.92031747102737438 0.93750000000000011 0.99783548712730419 0.64583334326744091 0.87895438075065624 88.500000000000014 0.58113884925842296 1.0000000180025095e-35 1.0000000180025095e-35 12.500000000000002 0.77836257219314586 9.5000000000000018 0.5249113440513612 1.0000000180025095e-35 1.0000000180025095e-35 8.5000000000000018 1.0000000180025095e-35 0.73214286565780651 0.7278747856616975 11.500000000000002 6.5000000000000009 0.94185259938240062 80.500000000000014 68.500000000000014 79.500000000000014 0.77500000596046459 0.8078865408897401 0.73735308647155773 0.90125367045402538
decision_type=2 2 2 2 2 2 2 2 2 2 2 2 2 2 2 2 2 2 2 2 2 2 2 2 2 2 2 2 2 2
left_child=1 4 3 15 7 12 10 9 -9 -1 11 13 20 14 -3 22 17 -17 19 -19 -5 -20 -2 24 -13 -4 -24 28 -18 -29
right_child=2 6 25 5 -6 -7 -8 8 -10 -11 -12 23 -14 -15 -16 16 27 18 21 -21 -22 -23 26 -25 -26 -27 -28 29 -30 -31
leaf_value=-0.019490875866521304 -0.00084745788558877964 0.035918675629768783 0.046204478077466679 -0.0065200656817459169 0.044092469140962993 0.053781033635179512 0.039670198166333479 -0.050661740876494138 0.00011860308590440241 -0.049542885038380967 -0.052850859019515688 -0.0056326152292018481 0.041818825304592779 0.065075159348436759 -0.032386851920629817 -0.020866024236042259 0.0068344123128591151 -0.035289859694416739 0.024464017591800117 0.038414680495130145 0.0433835621515248 -0.033221189079399326 0.030243227306443472 -0.053205014737433123 0.030348578022432321 -0.050614512016020935 -0.020166119455863815 0.035282345472831392 -0.043875490568695601 -0.023361713713027692
leaf_weight=1.1834522368008036 20.115958955206235 0.43991924478904987 2.7039268684529811 1.4167012785474069 0.16630088858437364 0.95071645440475538 0.50263979907504186 0.57530901824702574 0.99826444674090453 5.1715546139243997 0.3065911304684058 7.9075927812264091 0.7492890144640113 0.34699696343705 0.28880664216194418 0.38961645597009864 0.91689483460504584 0.14013748131401449 0.41328189286286932 2.4858211172831943 0.35133811834384676 0.3647389292018488 1.1888243480352674 0.24624631626284177 0.79540330931740744 0.065062048146501072 0.27787829865701485 0.62579977032146406 0.57465252815745771 0.22445211277226917
leaf_count=224 3468 37 861 173 91 203 35 3672 1425 73909 2121 10267 129 38 2158 37 148 22 51 332 104 15 94 30 98 3 16 93 40 14
internal_value=-8.58051e-10 -0.0159391 0.00888565 0.00577413 -0.037181 0.0255101 -6.80927e-05 -0.0388857 -0.018447 -0.0439465 -0.0020014 -0.00044628 0.0148331 0.0269853 0.00884802 0.00330479 0.012762 0.0211963 0.0260108 0.0344813 0.00339659 -0.00257901 0.000616362 -0.00374362 -0.00234414 0.0439296 0.0206928 -0.000901284 -0.0127027 0.0198013
internal_weight=52.8842 18.9291 33.9551 31.1861 8.09488 3.46804 10.8342 7.92858 1.57357 6.35501 10.3316 10.025 2.51733 1.07572 0.728726 27.7181 6.1354 3.7936 3.40398 2.62596 1.76804 0.778021 21.5827 8.94924 8.703 2.76899 1.4667 2.3418 1.49155 0.850252
internal_count=99908 94105 5803 4939 79321 609 14784 79230 5097 74133 14749 12628 406 2233 2195 4330 752 457 420 354 277 66 3578 10395 10365 864 110 295 188 107
is_linear=0
shrinkage=0.05


Tree=88
num_leaves=31
num_cat=0
split_feature=7 6 2 8 12 1 7 8 13 13 0 10 6 8 0 2 2 6 2 8 2 8 12 4 2 10 12 6 13 0
split_gain=2.88431 2.88699 1.48825 0.737017 0.563112 0.59664 0.461586 0.658878 0.44619 0.444586 0.408409 0.376036 0.640314 0.451502 0.374803 0.796715 0.481661 0.364826 0.361427 0.359854 0.413682 0.46797 0.38016 0.355008 0.332579 0.328252 0.379297 0.419835 0.489913 0.320548
threshold=0.5275399684906007 0.21089696139097217 0.93750000000000011 0.8441295623779298 8.5000000000000018 0.95713412761688244 0.53021174669265758 0.2981481552124024 3.5000000000000004 11.500000000000002 0.6776927411556245 1.0000000180025095e-35 0.92012271285057079 0.61721614003181469 0.54923510551452648 0.44949495792388922 0.080128207802772536 0.86501669883728038 0.73214286565780651 0.41421568393707281 0.36931818723678594 0.64852941036224376 1.5000000000000002 1.0000000180025095e-35 0.31666667759418493 1.0000000180025095e-35 4.5000000000000009 0.78696113824844371 3.5000000000000004 0.90070420503616344
decision_type=2 2 2 2 2 2 2 2 2 2 2 2 2 2 2 2 2 2 2 2 2 2 2 2 2 2 2 2 2 2
left_child=1 -1 3 4 5 14 -4 -8 10 11 17 12 13 -7 15 -2 -16 -6 23 24 21 -21 -23 -10 -18 26 27 28 -26 -22
right_child=2 -3 6 -5 8 9 7 -9 18 -11 -12 -13 -14 -15 16 -17 19 -19 -20 20 29 22 -24 -25 25 -27 -28 -29 -30 -31
leaf_value=-0.0010724324623646558 -0.05508123912255454 -0.047273757814014994 0.095334083528077887 0.026531568658150151 -0.042421858761597056 -0.0015584168050652141 0.00059571718398744361 0.045673904289520985 -0.030840320351400653 0.037550321757927718 0.025165396821225806 0.037693914457972988 -0.044133741559704488 0.029108049387607596 0.046265689489136369 0.044004310964471473 -0.05058801316281622 0.022000992743933526 -0.04360496905920766 0.040396922352534143 -0.0066534863922692719 0.039687199227017869 -0.034528128097224768 0.0031668717853913925 0.044959572471662344 0.032138570217778897 -0.053357027535849581 -0.052662519728912671 -0.0093156466735263375 0.019952276031762375
leaf_weight=8.6161459156137408 0.78877519872731372 5.5652132112923018 0.30326212395448138 3.22642584460118 0.58693387102175565 3.0721726542833476 1.194751102528244 2.5211545338534052 1.3659468937894417 1.815498467403813 1.274599808744824 1.0125432765635194 0.6020486585330217 1.9698390509001908 0.56915488234426348 0.27311787434700818 0.50201393248107606 0.35128710989374667 1.244759002671344 1.4581788796695021 5.3577519996615592 0.26775189611362282 0.48530420806491747 1.7514208588745532 0.51753910839761497 0.46377288050189225 0.49151256943423494 0.41661858692532394 2.1144376142083274 1.4353871336934387
leaf_count=888 1921 83905 7 495 1207 200 167 846 2510 147 144 186 35 107 169 29 1877 55 82 259 362 29 46 1195 279 130 893 28 1566 144
internal_value=-4.6356e-10 -0.0192033 0.00727491 0.00381732 0.0013897 0.00499311 0.0360209 0.0311802 -0.0115517 0.0156182 0.00673604 0.00963652 0.00460303 0.0104225 -0.000952006 -0.0295965 0.00120841 -0.0183008 -0.0208287 -0.000689743 0.00508277 0.023867 -0.00814059 -0.0117342 -0.0122253 -0.00741527 -0.012597 -0.00602546 0.00135677 -0.0010317
internal_weight=51.6153 14.1814 37.434 33.4148 30.1884 23.6134 4.01917 3.71591 6.57495 8.4721 2.21282 6.6566 5.64406 5.04201 15.1413 1.06189 14.0794 0.938221 4.36213 13.5103 9.00437 2.21123 0.753056 3.11737 4.50589 4.00388 3.54011 3.0486 2.63198 6.79314
internal_count=99908 84793 15115 14095 13600 8407 1020 1013 5193 675 1406 528 342 307 7732 1950 5782 1262 3787 5613 840 334 75 3705 4773 2896 2766 1873 1845 506
is_linear=0
shrinkage=0.05


Tree=89
num_leaves=31
num_cat=0
split_feature=7 7 12 10 7 8 4 12 1 13 0 1 8 1 6 7 0 0 1 0 8 7 8 0 12 8 12 8 12 6
split_gain=2.70023 2.67655 1.63682 0.824722 0.567249 0.842355 0.529478 0.480769 0.539703 0.433586 0.423115 0.401142 0.356273 0.412108 0.348522 0.333253 0.330095 0.345379 0.377342 0.327312 0.307943 0.30733 0.262148 0.274398 0.323594 0.391286 0.299824 0.567805 0.392596 0.360319
threshold=0.5275399684906007 0.22557927668094638 1.0000000180025095e-35 1.0000000180025095e-35 0.53021174669265758 0.29289215803146368 1.0000000180025095e-35 7.5000000000000009 0.81892696022987377 41.500000000000007 0.88273492455482494 0.96490147709846508 0.77097901701927196 0.82426470518112194 0.38967698812484747 0.56425988674163829 0.7577352523803712 0.83047896623611461 0.95488464832305919 0.43693181872367864 0.21240601688623431 0.99783548712730419 0.93095237016677868 0.88633695244789135 5.5000000000000009 0.62828946113586437 7.5000000000000009 0.48913043737411505 4.5000000000000009 0.92012271285057079
decision_type=2 2 2 2 2 2 2 2 2 2 2 2 2 2 2 2 2 2 2 2 2 2 2 2 2 2 2 2 2 2
left_child=1 -1 4 6 -2 15 7 8 -4 14 19 16 13 -10 -8 -6 -7 -18 -19 -5 -3 -21 23 26 25 -25 28 -28 -16 -30
right_child=2 20 3 10 5 11 9 -9 12 -11 -12 -13 -14 -15 22 -17 17 18 -20 21 -22 -23 -24 24 -26 -27 27 -29 29 -31
leaf_value=-0.001541320449379679 0.088723387767684764 -0.049145383470456688 -0.03324265011806217 -0.053106883411106358 0.044463989111298563 0.047249489316529295 -0.068266590705984481 -0.035467065401794513 0.058333195711996133 0.036948382823556822 0.045845025970229103 0.0528609312686689 0.046463142840193455 -0.0096125081975318889 -0.0019571835008009545 -0.016660661724449227 -0.026056426032481508 0.03703182734888371 -0.036796120628971613 0.0095331304325017852 0.022464269164212639 0.044608050772907568 0.055932048759566456 0.0058278276050532131 -0.035540595913841178 0.041063581472793716 -0.018211292323021603 0.018746512961916425 -0.019111306284837093 -0.074414140916291435
leaf_weight=8.4631078526408583 0.38189228214105142 5.079233468874917 1.1573322575804987 0.1866128922038105 0.27001776919678366 0.93875238072359968 0.18388556373338971 1.9843902693405651 0.25486509727488815 0.84283482726368575 1.1069399318803332 2.0833875256357715 0.48579870630055655 1.7942459185296682 4.4259023708878029 1.2802620893608034 0.47166028565698059 1.0073508734712957 0.20897990553930856 4.6397334309949656 0.15470263776569471 0.72166638643102476 0.21399182477034528 3.460193862556479 0.35812010211520817 1.0201940362312596 1.5957594745341337 2.9801280164974742 1.9931394493532937 0.34560287394560862
leaf_count=887 15 83746 3591 103 146 148 233 3758 12 269 324 717 42 241 1241 410 23 148 26 662 160 217 47 216 28 120 1462 208 690 18
internal_value=-5.09746e-10 -0.0189231 0.00712185 0.00211154 0.0295634 0.0259545 -0.00235706 -0.0156187 -0.00495124 0.00196456 0.01762 0.0364767 0.00796542 -0.00116153 0.00018585 -0.00601436 0.0234816 0.0102635 0.0243473 0.0119886 -0.0470288 0.0142544 0.000953701 0.000226531 0.0101954 0.0138511 -0.00402674 0.00585813 -0.0107133 -0.0272836
internal_weight=50.0907 13.697 36.3936 29.7513 6.6423 6.26041 23.0964 5.67663 3.69224 17.4198 6.65495 4.71013 2.53491 2.04911 16.5769 1.55028 2.62674 1.68799 1.21633 5.54801 5.23394 5.3614 16.393 16.179 4.83851 4.48039 11.3405 4.57589 6.76464 2.33874
internal_count=99908 84793 15115 13482 1633 1618 12176 7644 3886 4532 1306 1062 295 253 4263 556 345 197 174 982 83906 879 4030 3983 364 336 3619 1670 1949 708
is_linear=0
shrinkage=0.05


Tree=90
num_leaves=31
num_cat=0
split_feature=7 6 2 8 4 1 12 2 1 6 6 2 5 0 0 0 8 2 6 8 7 6 12 12 7 6 8 12 6 7
split_gain=2.31965 2.66447 1.18172 0.65567 0.455152 0.637764 0.493152 0.405459 0.541618 0.555948 0.456862 0.418291 0.52442 0.583453 0.575373 0.508263 0.400529 0.398437 0.367776 0.366573 0.365943 0.375154 0.334527 0.33124 0.30753 0.35859 0.297164 0.296041 0.374624 0.325971
threshold=0.5275399684906007 0.21089696139097217 0.93750000000000011 0.8441295623779298 1.0000000180025095e-35 0.81892696022987377 4.5000000000000009 0.77500000596046459 0.95713412761688244 0.6157280206680299 0.66821706295013439 0.38750000298023229 1.0000000180025095e-35 0.91945946216583263 0.6291005313396455 0.55036231875419628 0.39565217494964605 1.0000000180025095e-35 0.90125367045402538 0.69615384936332714 0.90976935625076305 0.90125367045402538 2.5000000000000004 5.5000000000000009 0.53021174669265758 0.62303319573402416 0.68990385532379161 2.5000000000000004 0.68244633078575145 0.80101522803306591
decision_type=2 2 2 2 2 2 2 2 2 2 2 2 2 2 2 2 2 2 2 2 2 2 2 2 2 2 2 2 2 2
left_child=1 -1 3 4 5 17 -7 8 11 -10 -9 15 -13 14 23 -6 -17 -2 -16 27 21 24 -15 -14 -4 -26 -20 -11 -29 -30
right_child=2 -3 20 -5 7 6 -8 10 9 19 -12 12 13 22 18 16 -18 -19 26 -21 -22 -23 -24 -25 25 -27 -28 28 29 -31
leaf_value=-0.00051175923923817851 -0.0041606009815889225 -0.047021588692939986 0.078838593524403588 0.025825476330938974 -0.047881902852584091 0.015638537121680864 -0.019675402624004055 0.01604231341639344 0.042953487809017123 0.040452132860881715 -0.02974102648589784 0.038035794522174031 0.06276757904790585 0.0058967120176315994 -0.013951700335002582 -0.0036199373572135931 0.035389654538616672 -0.044156463707908648 -0.014154442287407688 0.029314803613793877 0.051792491057435268 -0.063136707803872677 0.061389375926158875 -0.043000478033027055 0.0019637567722872078 0.05351489278094046 -0.067841766177930668 -0.054172723955953475 0.039297148355002108 -0.0045945482295571619
leaf_weight=8.2425316877015558 0.99784462254684259 4.9159216647835811 0.23440006798773483 3.0113678341876939 0.28472481098334101 2.5979703699476886 1.5959189811928807 0.82159414023044464 1.7019058364385262 0.44357467643567394 1.6179102890600914 0.64338252553716113 0.33918661009920459 1.1923045229195848 4.6594528625382736 0.99824510573489567 1.9305748879560267 1.656215312365475 0.42911347831250146 1.7721645301207898 1.5991591251877251 0.12814716759021383 0.35168821163824748 0.094689307521548471 1.1179888157785169 0.48310389972903056 0.64541194727644324 0.3234273963607851 0.50179507389839306 2.6943844236520818
leaf_count=888 972 83905 7 495 800 250 478 40 187 57 133 101 59 118 1328 1540 194 6699 47 165 579 11 40 74 197 226 39 21 31 227
internal_value=-2.36002e-10 -0.0178876 0.00675046 0.00364514 0.00128441 -0.00993818 0.00220037 0.00486799 0.00733108 0.0178582 -0.0143218 0.000563499 -0.00533278 -0.00895093 -0.0158319 0.0158939 0.0220938 -0.0291193 -0.0200327 0.0104114 0.0340356 0.0195747 0.0185367 0.0396847 0.0253493 0.0175185 -0.0464016 0.00195859 -0.00289274 0.00229638
internal_weight=48.0261 13.1585 34.8676 31.3048 28.2935 6.84795 4.19389 21.4455 19.006 7.43725 2.4395 11.5688 8.35523 7.71185 6.16785 3.21354 2.92882 2.65406 5.73398 5.73535 3.5628 1.96364 1.54399 0.433876 1.83549 1.60109 1.07453 3.96318 3.51961 3.19618
internal_count=99908 84793 15115 14095 13600 8399 728 5201 5028 688 173 4340 1806 1705 1547 2534 1734 7671 1414 501 1020 441 158 133 430 423 86 336 279 258
is_linear=0
shrinkage=0.05


Tree=91
num_leaves=31
num_cat=0
split_feature=7 7 2 8 0 0 13 10 2 7 13 8 0 8 8 1 13 13 8 2 8 13 1 8 7 6 13 12 12 0
split_gain=2.19307 2.4622 1.05129 0.601798 0.512784 0.465416 0.407061 0.424026 0.406154 0.366254 0.343752 0.439391 0.427969 0.352861 0.512495 0.341202 0.302533 0.474999 0.301068 0.333305 0.591388 0.291494 0.295462 0.28435 0.268758 0.261072 0.253438 0.24922 0.312606 0.387747
threshold=0.5275399684906007 0.22557927668094638 0.93750000000000011 0.61721614003181469 0.91945946216583263 0.64549729228019725 41.500000000000007 1.0000000180025095e-35 0.77500000596046459 0.90976935625076305 1.5000000000000002 0.97499999403953563 0.88273492455482494 0.71008405089378368 0.68585526943206798 0.41223156452178961 15.500000000000002 2.5000000000000004 0.24568965286016467 0.36931818723678594 0.39565217494964605 6.5000000000000009 0.86817279458045971 0.21240601688623431 0.92380261421203624 0.88322511315345775 106.50000000000001 12.500000000000002 1.5000000000000002 0.77232852578163158
decision_type=2 2 2 2 2 2 2 2 2 2 2 2 2 2 2 2 2 2 2 2 2 2 2 2 2 2 2 2 2 2
left_child=1 26 3 5 8 25 7 18 10 16 11 13 24 14 -5 -13 17 -4 -7 20 -20 -9 -23 -3 -12 -2 -1 28 29 -26
right_child=2 23 9 4 -6 6 -8 21 -10 -11 12 15 -14 -15 -16 -17 -18 -19 19 -21 -22 22 -24 -25 27 -27 -28 -29 -30 -31
leaf_value=-0.002499740758163848 -0.025130312973291422 -0.04905268776153731 -0.015564327416344066 -0.020339195279139258 0.038392671210788598 -0.030388914801775871 0.028268505808853202 0.047757879415369547 -0.02378871500894135 0.051736337799385038 0.039907498982809653 -0.063066477026434017 0.054270168150306747 -0.035326323843454258 0.062850436893361464 0.049260723974076819 -0.020060479503194846 0.047544408438334428 -0.025546037283289271 -0.0056831492015719269 0.043497931113994866 -0.030458309929366236 0.030070603856168235 0.021600484603161833 0.041607511046178443 0.01946378611102785 0.05250233546477806 0.038787912470353111 -0.0007890634507254678 -0.0084094251634089425
leaf_weight=7.8408791681604253 2.7725832561614037 4.4768203836756575 0.42142069350666078 0.54539851508161286 1.5857187007277378 1.0313207451131319 1.2841724239524399 0.68330451534257075 0.92025473972898986 1.492338568830746 0.79348335918620971 0.078648140653967746 0.66159081314981438 1.1025814533350056 0.28027605102397501 0.48149855092924554 0.40007340858574014 1.0194292791420592 0.4638839230965448 8.6548217829513288 0.93579028590647795 0.3590890473451509 0.45972862291091587 0.14708546476686013 1.1198763683787545 0.3722737605930887 0.21518516656942654 0.64385334358667012 4.5139197839307599 0.592488866415806
leaf_count=877 7585 83746 93 88 264 2758 463 156 66 579 63 6 105 94 7 178 64 284 539 696 171 106 98 160 80 42 10 69 420 41
internal_value=4.05977e-10 -0.0177229 0.00667439 0.00374577 0.0117057 -0.00248464 0.00145249 -0.00128318 0.00809919 0.0333282 0.0108129 -0.00549298 0.0156867 -0.0168171 0.00789961 0.0334893 0.0184056 0.0290863 -0.00466116 -0.00202219 0.0206152 0.0236467 0.0035259 -0.0468052 0.0123559 -0.0198515 -0.00103058 0.00917372 0.00611135 0.0243013
internal_weight=46.3498 12.68 33.6698 30.3366 13.3196 17.017 13.8721 12.5879 11.7339 3.33326 10.8136 2.4884 8.32521 1.92826 0.825675 0.560147 1.84092 1.44085 11.0858 10.0545 1.39967 1.50212 0.818818 4.62391 7.66362 3.14486 8.05606 6.87014 6.22629 1.71237
internal_count=99908 84793 15115 14095 1481 12614 4987 4524 1217 1020 1151 373 778 189 95 184 441 377 4164 1406 710 360 204 83906 673 7627 887 610 541 121
is_linear=0
shrinkage=0.05


Tree=92
num_leaves=31
num_cat=0
split_feature=8 1 2 6 13 8 0 0 8 6 13 1 12 6 6 0 2 0 2 8 0 6 13 2 1 12 1 12 8 2
split_gain=2.37057 1.72396 1.10344 0.649443 0.489896 0.486659 0.389867 0.498499 0.342586 0.331952 0.323638 0.312142 0.30125 0.48799 0.28321 0.308125 0.385088 0.333955 0.432596 0.331288 0.364587 0.297555 0.285907 0.285712 0.550735 0.432551 0.356824 0.278429 0.350012 0.302085
threshold=0.2981481552124024 0.92031747102737438 0.86607143282890331 0.71241438388824474 33.500000000000007 0.94281044602394115 0.91945946216583263 0.91024166345596325 0.44222222268581396 0.49068179726600653 68.500000000000014 0.41223156452178961 8.5000000000000018 0.93728145956993114 0.92012271285057079 0.55351883172988903 0.44949495792388922 0.70438539981842052 0.27922078967094427 0.63961037993431102 0.90521115064620983 0.88322511315345775 1.5000000000000002 0.31666667759418493 0.76728257536888134 2.5000000000000004 0.86616915464401256 11.500000000000002 0.76696833968162548 0.64583334326744091
decision_type=2 2 2 2 2 2 2 2 2 2 2 2 2 2 2 2 2 2 2 2 2 2 2 2 2 2 2 2 2 2
left_child=1 3 5 4 -1 6 7 9 -8 -2 -3 -7 14 27 15 16 -11 18 -17 20 -19 -21 -16 24 -20 -25 -27 28 29 -14
right_child=2 10 -4 -5 -6 11 8 -9 -10 12 -12 -13 13 -15 22 17 -18 19 23 21 -22 -23 -24 25 -26 26 -28 -29 -30 -31
leaf_value=-0.043908642138300383 0.030314835511684918 -0.0047608830568863321 0.045716808727371099 0.032461532213941782 -0.01357527643322317 -0.059714266353139693 -0.010347119022826217 -0.040934645055560021 0.030067707275999219 -0.051734507964897584 0.020269206561717035 0.051362379083439415 0.009964517107139562 0.032429657143603213 -0.036600885172187639 -0.029410593371655608 0.037704812299857338 -0.0058859919968031419 -0.041710793619928216 0.0080542598043672042 0.050281960895906377 0.037232188875235446 0.0019685223326036693 0.046111223914085592 0.098411109996918669 -0.023783738998082917 0.053385579593988923 -0.0017304949310633579 -0.072433582400689103 -0.034383729448139853
leaf_weight=5.1660000268284429 1.1436327991068704 9.4126858023710138 1.9431860026161292 0.3635152821543669 1.7930844509273809 0.068501620087771609 0.66321153083117623 0.63231289057875883 2.5045367351631285 0.42078024302464001 1.4968088894229374 0.82468544643052155 0.60419276907850816 0.63167476015223645 0.70483149796200395 0.3021896174850548 0.1685594012378715 4.6205875503928819 0.087583360438657443 2.9237389503905433 0.30818015860859294 1.2462078697426475 1.5095346699526997 1.0700149930544283 0.351787963823881 0.5598656269157799 0.2045181646826677 2.027363856294869 0.3628974231542087 1.0535660884343085
leaf_count=71732 185 14632 847 134 7879 6 73 46 315 562 245 259 333 63 87 197 18 505 116 219 25 79 179 148 4 167 24 721 24 84
internal_value=7.08577e-10 -0.0139231 0.00942333 -0.0326897 -0.0360929 0.00660176 0.00525868 0.00278495 0.0216063 0.00414663 -0.00132669 0.0428435 0.00258453 -0.00844379 0.00614909 0.00912057 -0.0261536 0.0109012 0.0267944 0.00640165 -0.00237399 0.0167742 -0.0103081 0.0342642 0.0704795 0.02559 -0.00313635 -0.0148219 -0.0279568 -0.0182204
internal_weight=45.1702 18.2321 26.9381 7.3226 6.95908 24.995 24.1018 20.934 3.16775 20.3017 10.9095 0.893187 19.1581 4.67969 14.4784 12.264 0.58934 11.6747 2.57596 9.09871 4.92877 4.16995 2.21437 2.27377 0.439371 1.8344 0.764384 4.04802 2.02066 1.65776
internal_count=99908 94622 5286 79745 79611 4439 4174 3786 388 3740 14877 265 3555 1225 2330 2064 580 1484 656 828 530 298 266 459 120 339 191 1162 441 417
is_linear=0
shrinkage=0.05


Tree=93
num_leaves=31
num_cat=0
split_feature=7 6 0 8 10 13 13 1 8 1 12 6 6 7 0 7 8 7 13 6 1 8 7 12 12 1 0 12 1 5
split_gain=1.76583 2.33276 0.787205 0.550691 0.461118 0.397658 0.357894 0.330648 0.317827 0.609459 0.795401 0.51068 0.398194 0.279785 0.262865 0.297173 0.262617 0.243826 0.242022 0.226149 0.231445 0.570644 0.297976 0.260961 0.270689 0.233286 0.292073 0.233215 0.294403 0.262342
threshold=0.5275399684906007 0.21089696139097217 0.91945946216583263 0.5313725769519807 1.0000000180025095e-35 43.500000000000007 2.5000000000000004 0.99473685026168834 0.48913043737411505 0.94570022821426403 6.5000000000000009 0.90125367045402538 0.90125367045402538 0.90976935625076305 0.43693181872367864 0.99783548712730419 0.21240601688623431 0.80101522803306591 88.500000000000014 0.5427464246749879 0.84475743770599376 0.63961037993431102 0.87198767066001903 3.5000000000000004 4.5000000000000009 0.80810147523880016 0.65733855962753307 4.5000000000000009 0.90366768836975109 1.0000000180025095e-35
decision_type=2 2 2 2 2 2 2 2 2 2 2 2 2 2 2 2 2 2 2 2 2 2 2 2 2 2 2 2 2 2
left_child=1 18 4 6 5 8 13 -7 9 -2 -11 19 17 -4 -6 -16 -3 -12 -1 -10 23 22 -22 -21 -25 26 -26 28 -23 -29
right_child=2 16 3 -5 14 7 -8 -9 11 10 12 -13 -14 -15 15 -17 -18 -19 -20 20 21 27 -24 24 25 -27 -28 29 -30 -31
leaf_value=-0.0024015030029544502 -0.022053212490306097 -0.048965171085741076 -0.03035729316893436 0.038800963028287262 -0.050345055891539404 -0.0013944978582271176 0.020557687887243197 0.053486244292541299 0.032894910895997914 0.036528426652157463 0.0044027509313207831 -0.0189760432623651 0.049528234175620391 0.02102539581924379 0.011838627656924092 0.04530057463698467 0.021156963661308058 -0.042893568611793921 0.035263939617779599 0.0338662608698043 0.022723076219548544 0.0036994385147410104 -0.028783119105686362 -0.042955567241936228 0.00034052117477190343 -0.03401764972877052 0.064607430109293762 -0.027720257801459772 0.050310452358151049 0.012944883988647141
leaf_weight=7.298629820003951 4.6986905166077255 4.0164745162128384 0.79780968194245294 2.759682950527349 0.151609990720316 0.5165857866263639 2.254305300913984 0.58553451742773177 0.81090422133274653 1.2723581454192756 0.39927272853310547 2.2496270873489257 0.19144486146979023 0.39664351641840767 4.9033135218551251 0.76734544831560914 0.13811358185830602 0.85823420985252596 0.45295750090190257 1.2535410692908047 0.33271575308754142 0.64135514301597163 1.7997197300283003 0.26887556860310702 0.42381086877139751 0.19842190411873162 0.30331482360634254 0.55537847816594843 0.71805017795122694 1.3873596360208467
leaf_count=840 10328 83745 97 738 106 589 445 44 84 128 165 273 10 33 848 293 160 60 48 165 30 48 123 27 204 12 31 40 85 109
internal_value=-5.03886e-11 -0.0164032 0.0062008 0.022154 0.00228406 -0.00140861 0.00883319 0.0277625 -0.00315941 -0.0111478 0.00768172 0.00225717 -0.0176492 -0.0132946 0.0146295 0.0163667 -0.0466341 -0.0278765 -0.000200554 0.00775174 0.00516518 -0.000584988 -0.0207468 0.0179308 0.00120657 0.0140359 0.027149 0.012435 0.0283198 0.00131977
internal_weight=43.4021 11.9062 31.4959 6.20844 25.2875 19.4652 3.44876 1.10212 18.3631 7.42 2.72131 10.9431 1.44895 1.19445 5.82227 5.67066 4.15459 1.25751 7.75159 8.69345 7.88254 5.43458 2.13244 2.44796 1.19442 0.925548 0.727126 3.30214 1.35941 1.94274
internal_count=99908 84793 15115 1313 13802 12555 575 633 11922 10691 363 1231 235 130 1247 1141 83905 225 888 958 874 435 153 439 274 247 235 282 133 149
is_linear=0
shrinkage=0.05


Tree=94
num_leaves=31
num_cat=0
split_feature=8 2 2 0 8 13 8 2 8 6 6 0 6 8 6 13 13 1 0 0 2 0 13 13 13 13 0 13 0 1
split_gain=1.58092 1.78674 1.0689 0.591208 0.484634 0.346389 0.460723 0.442735 0.466925 0.411566 0.354152 0.337169 0.332556 0.532722 0.329986 0.259885 0.256638 0.251136 0.313195 0.352874 0.779204 0.577523 0.49755 0.35412 0.298423 0.290043 0.267974 0.253357 0.392129 0.365072
threshold=0.2981481552124024 0.44949495792388922 0.86607143282890331 0.83910790085792553 0.94281044602394115 1.0000000180025095e-35 0.58957219123840343 0.73214286565780651 0.81534090638160717 0.78696113824844371 0.5249113440513612 0.69183287024497997 0.68244633078575145 0.62828946113586437 0.76552855968475353 6.5000000000000009 67.500000000000014 0.94570022821426403 0.87570226192474376 0.97726097702980053 0.84523808956146251 0.98529094457626354 31.500000000000004 62.500000000000007 88.500000000000014 31.500000000000004 0.87298336625099193 31.500000000000004 0.92390406131744396 0.87007671594619762
decision_type=2 2 2 2 2 2 2 2 2 2 2 2 2 2 2 2 2 2 2 2 2 2 2 2 2 2 2 2 2 2
left_child=1 3 4 14 5 6 9 8 10 -2 11 -7 13 -12 16 -15 -1 27 26 20 22 -21 -20 -22 25 -23 -19 -3 29 -29
right_child=2 17 -4 -5 -6 7 -8 -9 -10 -11 12 -13 -14 15 -16 -17 -18 18 19 21 23 24 -24 -25 -26 -27 -28 28 -30 -31
leaf_value=-0.046362992013426474 0.052065063692061569 -0.027291960749696038 0.045590901666673914 0.012931967271037291 0.043416634757285043 -0.01671707510465192 -0.033733508308384792 -0.0078015421071941362 0.034307387074508908 -0.031295300107814006 -0.029920341717971019 0.044250198822911167 0.0077307171344103871 0.060803021861741136 0.051106087425433058 -0.004236492107499398 0.020534832803852671 0.01554727155341591 0.042385061558288466 0.057023027303891798 -0.078363585696858237 0.003327325636043071 -0.026684066936372736 0.072109651776130393 0.04718988685314069 -0.026591716273475161 0.092502924185807259 0.018693924110480282 0.047459746048871342 -0.038865706588814379
leaf_weight=4.3523135254338312 0.37144489122057223 1.5859399318205736 1.7580182383535419 0.54306034828596228 0.79909996258356741 0.28901960420535289 1.2816372412162307 4.6955221129755946 1.7161622506755509 0.24621618513810972 1.5113338644832759 1.0529737741780989 10.635884944315874 0.27987294981721778 0.092773865635535802 0.34039751454838552 0.14824584631287496 2.0157454548343599 0.46466435708680343 0.47360639278758743 0.55572212612560168 3.1176223651864348 0.59412862733097427 0.042058776241901796 0.29971985891461361 1.0943929828990802 0.11984902127642261 0.50001373848590425 0.35300335779811565 0.61344231216617118
leaf_count=67982 79 10380 847 1093 265 190 147 391 255 49 1015 91 1905 26 24 26 388 3643 737 433 1039 5273 143 7 11 445 33 1645 40 1306
internal_value=3.8625e-10 -0.011778 0.00800035 -0.0364026 0.00515427 0.00379054 -0.0166378 0.00568125 0.00968164 0.0188354 0.00668637 0.0311199 0.00411815 -0.0139072 -0.0422353 0.0251101 -0.0441594 -0.00108636 0.00320968 -0.00214587 -0.0221388 0.00449754 0.00362777 -0.0677766 -0.00101617 -0.00444643 0.019866 -0.0134401 0.00154031 -0.0130177
internal_weight=41.9439 16.9663 24.9776 5.13639 23.2196 22.4205 1.8993 20.5212 15.8256 0.617661 14.1095 1.34199 12.7675 2.1316 4.59333 0.62027 4.50056 11.8299 8.77751 6.64192 1.65657 4.98534 1.05879 0.597781 4.51174 4.21202 2.13559 3.0524 1.46646 1.11346
internal_count=99908 94622 5286 69487 4439 4174 275 3899 3508 128 3253 281 2972 1067 68394 52 68370 25135 11764 8088 1926 6162 880 1046 5729 5718 3676 13371 2991 2951
is_linear=0
shrinkage=0.05


Tree=95
num_leaves=31
num_cat=0
split_feature=1 8 8 4 0 10 8 8 2 0 2 8 1 2 0 13 7 6 2 13 13 8 6 2 6 0 8 1 13 2
split_gain=1.4633 1.49797 0.860965 0.72424 0.471474 0.413502 0.41666 0.637591 0.39981 0.272857 0.413437 0.260893 0.352382 0.250949 0.275269 0.241514 0.280248 0.840112 0.36743 0.258225 0.254928 0.217177 0.213473 0.206737 0.442893 0.257719 0.244861 0.426998 0.288769 0.282338
threshold=0.81530213356018078 0.1863425895571709 0.8603896200656892 1.0000000180025095e-35 0.83910790085792553 1.0000000180025095e-35 0.73030304908752453 0.74342104792594921 0.087121214717626586 0.61620295047760021 0.31666667759418493 0.65833333134651195 0.81120249629020702 0.074175827205181136 0.54923510551452648 68.500000000000014 0.46882475912570959 1.0000000180025095e-35 0.93750000000000011 1.0000000180025095e-35 69.500000000000014 0.61721614003181469 0.35011520981788641 0.77500000596046459 0.66821706295013439 0.91945946216583263 0.64495798945426952 0.83047896623611461 44.500000000000007 0.57738095521926891
decision_type=2 2 2 2 2 2 2 2 2 2 2 2 2 2 2 2 2 2 2 2 2 2 2 2 2 2 2 2 2 2
left_child=1 4 5 13 -1 15 -7 -8 -5 10 -10 12 21 14 -3 16 17 -2 23 -20 -17 -11 -21 25 -25 26 27 -18 -29 -28
right_child=2 3 -4 8 -6 6 7 -9 9 11 -12 -13 -14 -15 -16 20 18 -19 19 22 -22 -23 -24 24 -26 -27 29 28 -30 -31
leaf_value=-0.050281032184791755 -0.001770316754622341 -0.024183256806144107 0.037108355878684503 0.049032954138364622 0.096922737750532978 0.028756718216806837 -0.08607726155729839 0.0090007560733981473 -0.026588531297210449 0.0065099316428069778 0.04746811836138784 -0.028420201936481527 -0.060778845486548341 -0.041031666053773327 0.035944917532258557 0.097311051761347495 0.040707482942794554 -0.050157216385851272 -0.047622981761865683 -0.063465946369797605 0.014339872291694573 0.062083523292686009 0.033896896416244215 0.016546163854229388 -0.033684712397325629 0.01803239464440658 -0.0094293306033686863 -0.011940525160940095 0.026132178849039029 0.019225965477785319
leaf_weight=2.8437022517819046 5.7187862765567976 0.65384399810136562 1.9604912328359194 0.55352648912048641 0.055455861874634027 2.7750678396582762 0.20421836152672757 1.291124534422124 0.26541569552773614 1.0301889484658207 0.64999598220401822 0.84111855251103396 0.1699119314434937 1.2549280110970356 0.26851401185285795 0.098937371059036106 0.46039287659254835 1.0639541509031003 0.11429593949287742 0.058495397568549268 1.4400684534157333 0.21197127131745208 1.4989743201845156 0.69313175605930233 1.1960974718385839 2.206769976330178 1.2951041112683017 6.4571711031931045 0.5396618060340187 2.556336013803957
leaf_count=61578 339 758 544 121 155 825 3 190 459 490 124 73 14 4381 79 27 414 24435 34 33 415 8 812 50 105 257 111 2706 201 167
internal_value=1.72434e-09 -0.0180357 0.00501718 -0.00357315 -0.0474653 0.00289661 0.0172921 -0.00398401 0.00982574 0.00297659 0.025996 -0.00637559 0.00675556 -0.0264789 -0.00667893 0.000476172 -0.000762147 -0.00936038 0.00265306 0.0249168 0.0196738 0.0159934 0.0302401 0.000236931 -0.0152557 0.00240254 -0.000647466 -0.00593492 -0.009004 0.0095902
internal_weight=40.4277 8.79857 31.6291 5.89941 2.89916 29.6686 4.27041 1.49534 3.72213 3.1686 0.915412 2.25319 1.41207 2.17729 0.922358 25.3982 23.8592 6.78274 17.0764 1.67177 1.53901 1.24216 1.55747 15.4047 1.88923 13.5154 11.3087 7.45723 6.99683 3.85144
internal_count=99908 68240 31668 6507 61733 31124 1018 193 1289 1168 583 585 512 5218 837 30106 29664 24774 4890 879 442 498 845 4011 155 3856 3599 3321 2907 278
is_linear=0
shrinkage=0.05


Tree=96
num_leaves=31
num_cat=0
split_feature=8 6 2 13 10 0 0 2 2 12 5 0 13 13 0 0 1 8 0 8 0 0 4 0 6 8 8 1 5 13
split_gain=1.26684 1.89441 0.790031 0.650611 0.505945 0.462748 0.636483 0.382917 0.313913 0.298784 0.389757 0.382415 0.462427 0.389076 0.354069 0.332269 0.287241 0.285808 0.282262 0.327667 0.261569 0.26363 0.241489 0.237965 0.25164 0.278016 0.235188 0.230378 0.221923 0.215788
threshold=0.11651583760976793 0.2274575084447861 0.93750000000000011 67.500000000000014 1.0000000180025095e-35 0.64549729228019725 0.64480286836624157 0.43650794029235845 0.087121214717626586 1.5000000000000002 1.0000000180025095e-35 0.8019607961177827 10.500000000000002 11.500000000000002 0.76253134012222301 0.55351883172988903 0.77712419629096996 0.2981481552124024 0.93405798077583324 0.082207206636667265 0.70299971103668224 0.74527630209922802 1.0000000180025095e-35 0.51649147272109996 0.86501669883728038 0.56385868787765514 0.94281044602394115 0.91616466641426098 1.0000000180025095e-35 88.500000000000014
decision_type=2 2 2 2 2 2 2 2 2 2 2 2 2 2 2 2 2 2 2 2 2 2 2 2 2 2 2 2 2 2
left_child=1 29 3 4 5 6 7 27 -7 10 -6 12 14 -14 15 28 -9 22 -3 -20 -12 -22 -4 -18 25 -25 -10 -2 -11 -1
right_child=2 18 17 -5 9 8 -8 16 26 11 20 -13 13 -15 -16 -17 23 -19 19 -21 21 -23 -24 24 -26 -27 -28 -29 -30 -31
leaf_value=-0.0017318856822269792 -0.029375455548655217 -0.048610938646090972 0.064308525717610684 0.075261280027914643 -0.0040672041392539309 0.046205793827465327 -0.095003225956236045 0.059961924078167854 0.00012503444295407898 -0.048381437915092376 0.085236131227893641 0.026847807456622359 -0.084838010142185671 -0.011113427905573087 -0.027390808722077123 0.033747482822177495 0.058800310936354273 0.045468566391277124 -0.050300154829108816 0.020905690906880065 -0.052704870051225296 0.043610421499842164 -0.0070225219819827741 -0.038530192366132129 -0.069460642185090571 0.032965314779739914 0.054350047360029269 0.029869208875596204 0.051786211206559657 0.030351924710206063
leaf_weight=6.640626943186815 1.9737570560780713 3.2241762092539834 0.14929598554681378 0.30865406589327804 0.47451839547738806 0.39014774552151976 0.25013130249590165 0.24206979022756037 15.783436871296768 0.2331478819569387 0.3581119684836267 1.7311399900509057 0.26164899813011278 0.566249750874249 0.47923043514310837 1.2047891234487904 0.13603065098141087 1.5865617988129086 0.3040652289605531 0.3447348067643361 0.079832217423245311 0.64559435439696244 0.57809643612290529 0.23759017190150189 0.15612114639952779 0.31791637709829956 0.20253164532914603 0.17896919385657373 0.072486728704916459 0.56898081845520199
leaf_count=1170 6582 76648 16 112 120 75 55 42 4966 166 27 370 27 250 62 219 15 846 6757 659 9 202 142 123 8 28 50 86 14 62
internal_value=1.39445e-09 -0.0143513 0.00556153 0.00309575 0.00223824 -0.00163042 -0.0181534 -0.0122251 0.0018935 0.0148252 0.0337223 0.00835238 -0.00301144 -0.0344133 0.010055 0.0219358 0.0119251 0.0335702 -0.0425559 -0.0124655 0.0502716 0.0330111 0.00761805 -0.00179295 -0.0133756 0.00238668 0.000812029 -0.0244501 -0.0246249 0.000800162
internal_weight=39.6806 11.0826 28.5981 26.2841 25.9755 19.8687 3.49259 3.24245 16.3761 6.10675 1.55806 4.54869 2.81755 0.827899 1.98965 1.51042 1.08973 2.31395 3.87298 0.6488 1.08354 0.725427 0.727392 0.847658 0.711628 0.555507 15.986 2.15273 0.305635 7.20961
internal_count=99908 85296 14612 13608 13496 12030 6939 6884 5091 1466 358 1108 738 277 461 399 216 1004 84064 7416 238 211 158 174 159 151 5016 6668 180 1232
is_linear=0
shrinkage=0.05


Tree=97
num_leaves=31
num_cat=0
split_feature=1 8 6 7 13 13 1 0 1 0 2 6 6 2 2 6 1 1 4 1 0 7 13 13 6 6 8 0 0 2
split_gain=1.58086 1.3303 0.639134 0.63743 0.529935 0.64325 0.473901 0.703009 0.465567 0.419429 0.482294 0.403994 0.534463 0.33809 0.352862 0.409286 0.30487 0.279425 0.275342 0.270665 0.279806 0.257631 0.303615 0.272697 0.25429 0.249126 0.221524 0.207445 0.273403 0.200462
threshold=0.90645834803581249 0.1863425895571709 1.0000000180025095e-35 0.99783548712730419 68.500000000000014 69.500000000000014 0.87298336625099193 0.87298336625099193 0.87585616111755382 0.53001201152801525 0.080128207802772536 0.38814750313758856 1.0000000180025095e-35 0.93750000000000011 0.6904762089252473 0.68244633078575145 0.75716626644134533 0.89039039611816417 1.0000000180025095e-35 0.71209660172462474 0.5912291705608369 0.66833335161209118 6.5000000000000009 1.0000000180025095e-35 0.38901458680629736 0.68244633078575145 0.81101191043853771 0.87895438075065624 0.87007671594619762 0.93750000000000011
decision_type=2 2 2 2 2 2 2 2 2 2 2 2 2 2 2 2 2 2 2 2 2 2 2 2 2 2 2 2 2 2
left_child=1 2 -1 4 11 -6 9 8 -8 -3 -11 12 -2 14 24 -16 18 -10 -12 -20 -21 22 -15 -23 -13 -18 -26 28 -5 -7
right_child=3 6 -4 27 5 29 7 -9 17 10 16 13 -14 21 15 -17 25 -19 19 20 -22 23 -24 -25 26 -27 -28 -29 -30 -31
leaf_value=-0.0010353002293654 -0.0018698946346364723 -0.025650275618990411 -0.050153830069605158 0.029071707534106286 0.09575386549640752 -0.0064679937574395399 -0.086442888188180841 0.014708496501941544 -0.0041929150672913992 0.042566816298627047 -0.046559178055060914 0.11045293086295392 -0.046985878971119881 -0.038242344365018804 0.015644938461893885 -0.014583927009588174 -0.0098630457500316834 -0.051690406944463974 0.012884848048533971 0.062068219807600147 -0.05400682908033741 -0.030686997694171981 0.026386082385161588 0.051764647322436325 0.0092886043559462176 0.014349860387070007 0.052230584183641383 0.052558588598981805 -0.053613281370438137 0.032747224234482279
leaf_weight=0.86461379842512487 4.9494521978777 1.2553556349985209 2.8300490910944518 0.89832187398860586 0.32483799018882464 0.53311483272227611 0.43541369764352511 0.81250749519858789 0.66317443496654938 0.7884497393301898 0.53536188297903176 0.065223121849154242 0.75681960250403779 0.26108324760844048 1.6353450338524451 3.5516327654040651 1.4888774916657892 0.58085241037588276 0.82483830046794537 0.060962767541241192 0.34993664092053223 0.11169839045396635 0.59786754745846338 0.98112271747231716 6.5475305124505212 3.7082761950441636 0.31476685591042031 0.9335879294303594 0.11249406301067211 0.83836107222214196
leaf_count=216 258 2923 74311 270 13 161 20 125 85 205 2198 31 10824 1121 287 322 727 97 398 32 177 28 1059 610 2553 359 42 356 16 84
internal_value=-1.67826e-10 -0.012557 -0.0386593 0.00815132 0.00566851 0.0324883 -0.00417385 -0.0234727 -0.0419447 0.00116253 0.00550195 0.0033676 -0.0078536 0.00791971 0.0048083 -0.0050534 0.0013081 -0.0263701 -0.0166073 -0.00363119 -0.0367854 0.027232 0.00674188 0.0433372 0.0121922 0.00741336 0.0112583 0.035565 0.0198697 0.0175036
internal_weight=38.6119 15.1987 3.69466 23.4133 21.4689 1.69631 11.504 2.49195 1.67944 9.01206 7.7567 19.7725 5.70627 14.0663 12.1145 5.18698 6.96825 1.24403 1.7711 1.23574 0.410899 1.95177 0.858951 1.09282 6.92752 5.19715 6.8623 1.9444 1.01082 1.37148
internal_count=99908 81873 74527 18035 17393 258 7346 327 202 7019 4096 17135 11082 6053 3235 609 3891 182 2805 607 209 2818 2180 638 2626 1086 2595 642 286 245
is_linear=0
shrinkage=0.05


Tree=98
num_leaves=31
num_cat=0
split_feature=1 7 7 13 13 2 8 8 6 2 7 8 8 8 8 10 13 0 2 7 6 8 0 0 7 13 5 13 0 0
split_gain=1.19534 1.18145 0.793232 0.565662 0.414695 0.332862 0.282656 0.281053 0.720372 0.456476 0.365386 0.568858 0.420138 0.32445 0.535981 0.394249 0.357142 0.277315 0.366825 0.269561 0.24947 0.24532 0.233183 0.357458 0.215905 0.242115 0.237334 0.213926 0.200405 0.28946
threshold=0.81530213356018078 0.87198767066001903 0.99783548712730419 88.500000000000014 93.500000000000014 0.44949495792388922 0.1863425895571709 0.082207206636667265 0.21089696139097217 0.93750000000000011 0.9765610694885255 0.81534090638160717 0.7947368621826173 0.73508772253990184 0.73030304908752453 1.0000000180025095e-35 41.500000000000007 0.83910790085792553 0.27922078967094427 0.62977543473243724 0.95912683010101329 0.21240601688623431 0.87298336625099193 0.87007671594619762 0.71654227375984203 1.0000000180025095e-35 1.0000000180025095e-35 6.5000000000000009 0.8078865408897401 0.78611555695533764
decision_type=2 2 2 2 2 2 2 2 2 2 2 2 2 2 2 2 2 2 2 2 2 2 2 2 2 2 2 2 2 2
left_child=1 5 3 7 -5 17 -7 8 -2 10 13 12 -12 14 15 16 20 -1 -19 -18 21 -9 23 -4 26 -26 -11 -17 29 -29
right_child=2 -3 22 4 -6 6 -8 9 -10 24 11 -13 -14 -15 -16 27 19 18 -20 -21 -22 -23 -24 -25 25 -27 -28 28 -30 -31
leaf_value=-0.042447562123793942 -0.001510562755929431 0.0041413698299524017 0.026271941515321279 0.092953291711742284 0.015249108756668414 -0.05073350374956756 0.040672635765801712 -0.037926869727110818 -0.05017988762965761 0.065342823818269002 -0.0064738691878681144 0.0084379515808441878 -0.085057131161228178 0.023681266970296953 -0.061363247786864195 0.042418269179819321 0.0799433374079873 0.097012357133671442 -0.06238128623959345 0.014611002573817845 -0.06054671833545755 -0.0003716475587654468 0.051922041335442627 -0.083851612298139117 -0.029015672976550017 0.051535244588898049 -0.0021861711760106273 0.011194563566124379 0.033595936681573228 -0.065774220343026296
leaf_weight=3.6919962471906724 6.2726301778657314 3.4333327677722991 1.0720818337358644 0.28466661653874226 0.43269434318563071 0.12833658641170576 0.24803668572440074 0.45295641715483981 0.86516894932833555 0.1576341382742602 0.28000734746456035 0.73656905372627079 0.43327684560790658 1.8247065948089574 0.33324230124708343 0.85586718751028534 0.21023385110174864 0.082909957341598672 0.063927428091574257 0.63406455973199627 0.18411059031495902 10.874359167924011 0.97624564315628948 0.07912823645165179 0.10398598914616719 0.90668392078077886 0.74523686604243267 0.44899831931274981 0.46991970329781907 0.16780279664681075
leaf_count=63123 540 943 333 24 53 3919 93 2492 24229 41 42 59 10 162 13 251 234 73 89 107 18 1030 397 5 28 605 775 85 115 20
internal_value=2.33898e-10 -0.0176327 0.00452532 0.00226363 0.0460841 -0.035368 0.00950477 0.00109753 -0.00740975 0.00416132 0.00168076 -0.0223822 -0.0542084 0.00380079 0.00132149 0.00278244 -0.000509628 -0.0397675 0.0276184 0.030879 -0.00281181 -0.0018734 0.0339463 0.0187026 0.0273733 0.0432475 0.00960386 0.0237215 0.00899645 -0.00974505
internal_weight=37.4508 7.64854 29.8023 27.6748 0.717361 4.21521 0.376373 26.9575 7.1378 19.8197 17.9061 1.44985 0.713284 16.4563 14.6316 14.2983 12.3557 3.83883 0.146837 0.844298 11.5114 11.3273 2.12746 1.15121 1.91354 1.01067 0.902871 1.94259 1.08672 0.616801
internal_count=99908 68240 31668 30933 77 67297 4012 30856 24769 6087 4638 111 52 4527 4365 4352 3881 63285 162 341 3540 3522 735 338 1449 633 816 471 220 105
is_linear=0
shrinkage=0.05


Tree=99
num_leaves=31
num_cat=0
split_feature=0 7 7 12 13 6 8 7 0 1 10 13 0 0 2 8 7 13 13 1 13 8 6 1 6 12 8 7 8 6
split_gain=1.07849 0.854717 0.69911 0.371193 0.370681 0.656322 0.636912 0.511867 0.448348 0.385673 0.363354 0.272222 0.259516 0.251014 0.250055 0.24252 0.403725 0.28272 0.254661 0.359709 0.240827 0.223768 0.311153 0.559784 0.205061 0.246106 0.237282 0.21144 0.201099 0.420713
threshold=0.64174234867095958 0.75079616904258739 0.99783548712730419 7.5000000000000009 1.0000000180025095e-35 0.90125367045402538 0.44222222268581396 0.80101522803306591 0.91945946216583263 0.92031747102737438 1.0000000180025095e-35 4.5000000000000009 0.83910790085792553 0.70438539981842052 0.64583334326744091 0.054804805666208274 0.22557927668094638 88.500000000000014 40.500000000000007 0.93405798077583324 7.5000000000000009 0.1863425895571709 1.0000000180025095e-35 0.75134408473968517 0.90125367045402538 4.5000000000000009 0.2709790319204331 0.89753684401512157 0.15707236528396609 0.33018615841865545
decision_type=2 2 2 2 2 2 2 2 2 2 2 2 2 2 2 2 2 2 2 2 2 2 2 2 2 2 2 2 2 2
left_child=1 -1 4 -4 5 -2 9 -8 13 14 12 24 -5 20 21 16 17 -13 19 -17 -9 22 23 -6 25 26 -11 -28 29 -20
right_child=2 -3 3 10 6 -7 7 8 -10 11 -12 15 -14 -15 -16 18 -18 -19 28 -21 -22 -23 -24 -25 -26 -27 27 -29 -30 -31
leaf_value=-0.04329729606827578 0.0053310161671319333 -0.0035482545358345922 0.045361599940565177 0.0066611467383179386 0.079118562877650803 -0.055082246788813509 0.081573566299668318 0.043540127505076298 0.031348535906609958 -0.030367085632107313 0.052608866649848263 -0.00018332953912220248 -0.076068066093576511 0.0024242481550420681 0.039191934723802925 -0.049504699577340307 -0.053760702555347241 0.044965359659123703 0.058031449027759613 0.015306783812286361 -0.0053255075711933072 -0.0079814766108425757 -0.049918668654385906 -0.026072948400139469 0.028264240227350818 -0.044293116600899435 0.044436687477905461 -0.029647837970167092 0.05980765206090935 -0.065142127801767438
leaf_weight=2.337049315714693 1.070890465505278 3.2099718637318801 1.4616073857359873 0.21198764494329214 0.1486425905168296 0.77485181478186849 0.25988027817584125 0.76896665170352008 2.1004557185624426 0.44958622037347662 0.20139490006113192 5.2644099672743305 0.17147389691672288 7.730293587253982 0.20344151380231768 0.24017556822718744 0.33432741241358588 0.37119030927715346 0.16923040714482329 1.9708090225567503 0.37514568954247807 2.6714374111784309 0.99414637703125663 0.84799347880471032 0.23154365652590048 0.70029861301532037 0.30570884409826249 0.14060714853985701 0.51584526871010894 0.11743043095111716
leaf_count=47452 1461 1835 582 41 31 81 35 94 550 2528 87 370 13 755 95 140 7179 22 57 1335 82 1899 32134 156 33 616 91 15 51 88
internal_value=7.53245e-10 -0.0202952 0.00365467 0.0318913 0.00164526 -0.0200308 0.00313192 0.0122182 0.0105759 -0.00337975 -0.00177214 0.00188145 -0.0303332 0.00565933 -0.0150698 0.00546021 -0.000376569 0.0027904 0.0170233 0.00826642 0.0275175 -0.0174376 -0.0301267 -0.0103842 -0.0157082 -0.0220868 -0.0047289 0.0210971 0.0411492 0.00757347
internal_weight=36.3508 5.54702 30.8038 2.04646 28.7573 1.84574 26.9116 11.2347 10.9749 15.6768 0.584856 10.8112 0.383462 8.87441 4.86566 8.98342 5.96993 5.6356 3.01349 2.21098 1.14411 4.66222 1.99078 0.996636 1.82774 1.5962 0.895902 0.446316 0.802506 0.286661
internal_count=99908 49287 50621 723 49898 1542 48356 1516 1481 46840 141 12525 54 931 34315 9242 7571 392 1671 1475 176 34220 32321 187 3283 3250 2634 106 196 145
is_linear=0
shrinkage=0.05


Tree=100
num_leaves=31
num_cat=0
split_feature=0 7 7 12 13 8 2 1 13 8 8 0 6 13 1 0 0 12 1 8 6 6 12 0 1 8 13 13 8 5
split_gain=0.999906 0.840904 0.678178 0.287182 0.288779 0.383939 0.282863 0.377188 0.218416 0.43373 0.421125 0.39261 0.386862 0.295996 0.432254 0.339892 0.322569 0.282398 0.276203 0.314167 0.288198 0.265121 0.306468 0.430332 0.262871 0.252266 0.256145 0.247742 0.243092 0.242732
threshold=0.64549729228019725 0.75079616904258739 0.99783548712730419 6.5000000000000009 4.5000000000000009 0.97499999403953563 0.087121214717626586 0.74862638115882885 1.0000000180025095e-35 0.58957219123840343 0.44222222268581396 0.9634092152118684 0.82621711492538463 33.500000000000007 0.94570022821426403 0.8263767957687379 0.86706829071044933 13.500000000000002 0.75134408473968517 0.15707236528396609 0.32735316455364233 0.55453866720199596 8.5000000000000018 0.67669683694839489 0.90645834803581249 0.41042780876159674 30.500000000000004 5.5000000000000009 0.15894736349582675 1.0000000180025095e-35
decision_type=2 2 2 2 2 2 2 2 2 2 2 2 2 2 2 2 2 2 2 2 2 2 2 2 2 2 2 2 2 2
left_child=1 -1 6 -4 5 -5 -2 -8 9 12 13 21 -9 14 16 17 -10 -16 -15 20 29 -12 23 -23 -11 26 -18 -24 -21 -20
right_child=2 -3 3 4 -6 -7 7 8 10 24 11 -13 -14 18 15 -17 25 -19 19 28 -22 22 27 -25 -26 -27 -28 -29 -30 -31
leaf_value=-0.043095583175929292 0.04265368357255743 -0.0033985394701881548 0.045606723050358428 -0.056287341178219111 0.049837653711703324 0.051319702819396629 -0.028423868689806255 0.044945973298407813 -0.0340652928554631 -0.063834367240883094 0.038657828594939908 0.048194888154970611 -0.041527822391241816 0.094004723818023758 0.031009753353738484 -0.0053843739411260543 -0.021406208286627662 -0.040084556734662935 -0.039088987741152673 0.10508116787049349 -0.057107718334485497 0.066887069303250266 0.012535991449575247 0.0079132942537863508 -0.011645546419462713 0.043746543560017073 0.074894859813520162 -0.028539903397749061 0.022834630088323073 0.0079647784251162101
leaf_weight=2.2453918885984185 0.41450156871633836 3.2868389701552587 1.3086983448556555 0.26214432530105103 0.21778191733028507 0.12122733224532567 1.0448276676370394 0.40861762168833837 2.0392307838021702 0.46239150615292601 0.67704110196791312 0.66485377101707932 0.18923676959821023 0.092963957660684993 1.1895022505764243 5.4437568240834935 0.81630770953302068 0.15826345240611761 0.30582823860663744 0.09929071792612354 0.21328947729284653 0.32337350651505214 0.57467413775157172 7.1241488327541447 0.50458343083664658 0.24804481216415297 0.075430509905118015 1.0162025723548138 0.94401887096228165 2.6402069697139723
leaf_count=48447 478 1876 563 17 70 68 12998 931 16386 39 67 379 30 86 1770 8124 1290 285 539 14 2786 26 61 739 64 24 58 91 228 1374
internal_value=7.26613e-10 -0.0195106 0.00364893 0.0324659 0.00385872 -0.0222605 0.00165995 0.00103653 0.00221088 -0.015903 0.00336095 0.011023 0.0175747 -0.00221412 -0.00694141 0.00018126 -0.022158 0.0226614 0.00875841 0.00687273 -0.000983225 0.00847926 0.00621867 0.010474 -0.0366014 -0.000854191 -0.0132603 -0.013702 0.0306619 0.00308012
internal_weight=35.1127 5.53223 29.5804 1.90985 0.601154 0.383372 27.6706 27.2561 26.2113 1.56483 24.6464 10.3803 0.597854 14.2661 9.97054 6.79152 3.17901 1.34777 4.2956 4.20263 3.15932 9.71544 9.0384 7.44752 0.966975 1.13978 0.891738 1.59088 1.04331 2.94604
internal_count=99908 50323 49585 718 155 85 48867 48389 35391 1064 34327 1363 961 32964 27937 10179 17758 2055 5027 4941 4699 984 917 765 103 1372 1348 152 242 1913
is_linear=0
shrinkage=0.05


Tree=101
num_leaves=31
num_cat=0
split_feature=1 8 10 7 1 0 12 0 2 4 12 2 8 8 8 13 13 13 8 0 0 7 7 0 8 12 12 13 13 13
split_gain=1.0278 1.06097 0.677931 0.613941 0.40535 0.573426 0.368484 0.318285 0.444208 0.27139 0.526522 0.464984 0.334318 0.346073 0.321169 0.350902 0.287364 0.267059 0.249751 0.233906 0.445067 0.457532 0.26714 0.260305 0.233494 0.228145 0.253096 0.312839 0.234917 0.266119
threshold=0.90645834803581249 0.1863425895571709 1.0000000180025095e-35 1.0000000180025095e-35 0.89039039611816417 0.87298336625099193 5.5000000000000009 0.53001201152801525 0.080128207802772536 1.0000000180025095e-35 1.0000000180025095e-35 0.6904762089252473 0.2828571498394013 0.23669467866420749 0.69615384936332714 6.5000000000000009 8.5000000000000018 88.500000000000014 0.8441295623779298 0.65733855962753307 0.67669683694839489 0.60814762115478527 0.62977543473243724 0.91024166345596325 0.46862745285034185 8.5000000000000018 9.5000000000000018 6.5000000000000009 80.500000000000014 68.500000000000014
decision_type=2 2 2 2 2 2 2 2 2 2 2 2 2 2 2 2 2 2 2 2 2 2 2 2 2 2 2 2 2 2
left_child=1 3 9 -1 7 -6 -4 -3 -9 10 -2 14 13 -12 15 -11 -14 25 24 -17 -21 23 -23 -22 -8 28 -27 -28 29 -13
right_child=2 4 6 -5 5 -7 18 8 -10 11 12 17 16 -15 -16 19 -18 -19 -20 20 21 22 -24 -25 -26 26 27 -29 -30 -31
leaf_value=0.0011290408128953988 0.049577936607662562 -0.025034884000491621 0.043481351807236029 -0.050137364197162707 -0.060213864259870298 0.026784189850393294 0.039858990005216026 0.040899223147436298 -0.00029839732706654306 -0.0038445610457710118 -0.017201956613893912 -0.0011988620866015154 -0.020143269351631823 -0.084406051279060243 0.040379729951384953 -0.040149987183570456 0.031558153007503476 0.045118790427246494 0.053628388844413746 0.081346731876891495 -0.025296715697496131 0.092701006641769793 0.030082632968030456 0.019922763134757403 -0.013646542041598819 -0.051834462607084665 0.04394089773594604 -0.055884186448517406 -0.059737203065443958 0.043328887940540954
leaf_weight=0.78856170973449424 0.30044752122740215 1.1287956631062996 1.7547990179468791 2.251016492466988 0.65164989820186825 0.26701988240529317 0.26661986518729441 0.71633573037069975 7.5562681572232577 2.2588327413889155 0.42702896104356147 7.9312991706819886 0.9986486124616929 0.34741612223660923 1.122966355687822 0.14091508323258528 0.36772692425438436 0.29877210152335543 0.25590112193094672 0.31915766963879866 0.61320519640025872 0.2124369775119701 0.85919205540267285 0.66164594497990947 0.86677736551791895 0.47286966328692948 0.20222030206150521 0.12826541304184502 0.16405188891440126 0.3503711236789967
leaf_count=216 337 2926 867 74311 97 61 53 208 4054 1907 2262 8502 101 25 149 933 56 15 109 81 1394 17 117 628 90 129 66 118 18 61
internal_value=1.57193e-09 -0.010874 0.00681341 -0.0368373 -0.003227 -0.0349271 0.0282508 -0.000129392 0.00326896 0.00310546 -0.0124056 0.0055118 -0.0211045 -0.0473497 0.0161877 0.0108245 -0.00622908 -0.00140768 0.00901336 0.0226307 0.0259495 0.0184147 0.0424959 -0.00182787 -0.00105992 -0.00291062 -0.0283725 0.0051976 -0.00048869 0.000684965
internal_weight=34.6812 13.3596 21.3216 3.03958 10.3201 0.91867 3.1441 9.4014 8.2726 18.1775 2.44127 15.7362 2.14082 0.774445 6.18835 5.06539 1.36638 9.54785 1.3893 2.80655 2.66564 2.34648 1.07163 1.27485 1.1334 9.24908 0.803355 0.330486 8.44572 8.28167
internal_count=99908 81873 18035 74527 7346 158 1119 7188 4262 16916 2781 14135 2444 2287 5226 5077 157 8909 252 3170 2237 2156 134 2022 143 8894 313 184 8581 8563
is_linear=0
shrinkage=0.05


Tree=102
num_leaves=31
num_cat=0
split_feature=0 7 6 2 12 7 2 4 13 6 8 2 8 13 0 12 2 10 12 13 13 0 0 6 13 8 10 7 13 10
split_gain=1.02588 0.92308 0.748503 0.639233 0.890562 0.719576 0.401922 0.33104 0.595955 0.477267 0.47003 0.333467 0.286731 0.282496 0.277307 0.283419 0.249151 0.252959 0.369019 0.300213 0.289358 0.237709 0.263151 0.230057 0.304937 0.394607 0.297599 0.380973 0.229983 0.227483
threshold=0.88273492455482494 0.51103001832962047 1.0000000180025095e-35 0.61250001192092907 3.5000000000000004 0.88478556275367748 0.93750000000000011 1.0000000180025095e-35 1.0000000180025095e-35 0.86501669883728038 0.2828571498394013 0.087121214717626586 0.97499999403953563 5.5000000000000009 0.77836257219314586 1.0000000180025095e-35 0.31666667759418493 1.0000000180025095e-35 7.5000000000000009 7.5000000000000009 8.5000000000000018 0.75147059559822094 0.74646764993667614 0.46885776519775396 3.5000000000000004 0.8603896200656892 1.0000000180025095e-35 0.80101522803306591 106.50000000000001 1.0000000180025095e-35
decision_type=2 2 2 2 2 2 2 2 2 2 2 2 2 2 2 2 2 2 2 2 2 2 2 2 2 2 2 2 2 2
left_child=1 2 -1 4 -2 28 7 8 9 -3 -10 -9 -11 29 15 -13 -12 18 19 -18 -21 22 -17 -16 26 -26 27 -25 -5 -7
right_child=3 6 -4 5 -6 13 -8 11 10 12 16 14 -14 -15 23 21 17 -19 -20 20 -22 -23 -24 24 25 -27 -28 -29 -30 -31
leaf_value=-0.002584117749821326 0.013668611270132284 0.024073456054248904 -0.049022335600146912 -0.0056822183038241292 0.071161746963107619 0.0038200730779866516 0.047304527386709795 0.044594220378965724 -0.043494186086530072 -0.087552126327100896 -0.020149100300925534 0.046302050524757887 0.00085911311840098509 0.044906253839759325 0.020565840039305529 0.002895934702553375 0.029736326357086854 0.035867884643274395 -0.043233235234093864 -0.07879732779974126 0.0019497676009334439 0.028434370697488245 -0.048374427323692737 0.058020022449860244 -0.025072688536335763 0.056357944025154851 0.04808134739546998 -0.012357486071132181 0.065845335018784118 0.05163071227055354
leaf_weight=1.4765264764791965 2.3352832954265064 0.15998782694942271 2.1045005943567503 6.4564643538847104 0.94656629202381726 1.351874009917083 0.40348950008046713 0.43085885842401772 0.71766341142824774 0.53490208804578288 1.030446909912371 0.44181186670925665 0.11068216803323594 1.146129562777787 0.64537739696197594 3.9345515843579051 0.90467057870091661 0.65206147581920948 0.39585554966106418 0.13761413301563152 0.57258174219532521 0.86378275212427968 0.26727286959498986 0.21716646156255626 2.9932289446551299 0.15655615679133905 0.31644346635221143 1.6789684274262979 0.11437078565359104 0.30490755414575677
leaf_count=300 1802 377 73660 7931 243 210 210 234 6254 51 1879 141 64 345 307 3679 153 107 115 20 282 331 80 68 588 26 80 144 3 224
internal_value=1.46832e-09 -0.00673846 -0.029875 0.0112597 0.030251 0.00461064 -0.00202182 -0.00318148 -0.0136901 -0.0532358 -0.00646773 0.0014073 -0.0723945 0.0258215 -0.000208615 0.00789534 0.000727203 0.00880594 2.99588e-05 0.0106352 -0.0136965 0.00454559 -0.00036531 -0.00763768 -0.0110321 -0.0210253 0.0031941 -0.00429707 -0.00443722 0.012619
internal_weight=33.8026 21.147 3.58103 12.6556 3.28185 9.37375 17.566 17.1625 5.21647 0.805572 4.41089 11.946 0.645584 2.80291 11.5152 5.50742 3.69323 2.66278 2.01072 1.61487 0.710196 5.06561 4.20182 6.00774 5.36236 3.14979 2.21258 1.89613 6.57084 1.65678
internal_count=99908 89150 73960 10758 2045 8713 15190 14980 9302 492 8810 5678 115 779 5444 4231 2556 677 570 455 302 4090 3759 1213 906 614 292 212 7934 434
is_linear=0
shrinkage=0.05


Tree=103
num_leaves=31
num_cat=0
split_feature=1 8 6 10 12 8 1 0 0 12 13 0 2 5 13 13 7 12 13 6 8 8 7 6 13 7 7 1 1 4
split_gain=0.962017 0.910204 0.558919 0.512575 0.371416 0.465606 0.366399 0.451622 0.361308 0.384184 0.648558 0.312487 0.37158 0.284211 0.314594 0.458518 0.36301 0.259871 0.224348 0.214282 0.224804 0.212269 0.195066 0.189819 0.186689 0.179794 0.168687 0.1662 0.218574 0.255422
threshold=0.90645834803581249 0.1863425895571709 1.0000000180025095e-35 1.0000000180025095e-35 4.5000000000000009 0.57738095521926891 0.89039039611816417 0.87298336625099193 0.78830561041831981 3.5000000000000004 13.500000000000002 0.53001201152801525 0.080128207802772536 1.0000000180025095e-35 2.5000000000000004 4.5000000000000009 0.93369963765144359 5.5000000000000009 106.50000000000001 0.90125367045402538 0.73030304908752453 0.8441295623779298 0.85798320174217235 0.93728145956993114 6.5000000000000009 0.95101958513259899 0.5970856547355653 0.95713412761688244 0.93908473849296581 1.0000000180025095e-35
decision_type=2 2 2 2 2 2 2 2 2 2 2 2 2 2 2 2 2 2 2 2 2 2 2 2 2 2 2 2 2 2
left_child=1 2 -1 4 5 8 11 -8 -2 18 22 -3 -13 -6 -15 23 -17 26 -10 -7 -21 24 -11 -16 -19 -26 -5 28 -28 -30
right_child=3 6 -4 17 13 19 7 -9 9 10 -12 12 -14 14 15 16 -18 21 -20 20 -22 -23 -24 -25 25 -27 27 -29 29 -31
leaf_value=0.00024164605792043357 0.043956060269177838 -0.025486139577231781 -0.050125144846377589 -0.056322211348698796 -0.031999509180043538 0.04323620049235305 -0.056184499023438729 0.023540010105188788 -0.0040940999472989454 0.024002595656711728 0.051082605427818409 0.03894370068803088 -0.00041331130015243755 0.017866275046704901 -0.046826507727301299 -0.01044692765916342 0.031411628705520604 0.0328658739354852 0.066349302134701527 -0.032114700867148911 0.036227820037168186 0.053374772013696947 -0.033158903295604336 0.063926748413681525 0.0086677488139293886 -0.040667947813926374 0.054180443009206686 0.053518325228854718 -0.057038156098118603 0.052062145203678439
leaf_weight=0.76106039225123767 0.54623820590450733 1.1086051059548898 1.9937923500343684 0.043996864612381059 0.92329366036938054 1.2817831537031441 0.64606815886236368 0.24499806082167197 6.9791714099258098 0.22687398183052188 0.93246928461871903 0.65444120152460517 7.1723722487113264 1.445629939033324 0.8191709373727466 2.0164035044078905 0.69698674856044807 0.31314799422534612 0.11488730134442438 0.22668136535503425 0.25646109197259648 0.2305530222802189 0.43621931946836412 0.040604905690997839 0.41839383691649346 0.33057689222914632 0.20764521591991059 1.0805275233651626 0.14468819426110713 0.085259132203646004
leaf_count=216 829 2926 74311 18 2006 306 97 61 9062 401 247 208 4054 601 439 2773 92 59 4 43 78 109 31 4 52 32 100 680 15 54
internal_value=1.27254e-09 -0.0108112 -0.0362107 0.00687046 0.00356802 0.00900885 -0.00369042 -0.0342643 0.00451216 0.00203268 0.0242008 -0.000641506 0.00287754 -0.00650475 -0.00181456 -0.00977702 0.000305252 0.0264701 -0.00295328 0.03254 0.00416279 0.00988669 -0.0136014 -0.0415959 0.000446778 -0.0131078 0.0401931 0.0429902 0.0169937 -0.0165863
internal_weight=32.379 12.5813 2.75485 19.7977 16.9429 11.0008 9.82648 0.891066 9.23586 8.68962 1.59556 8.93542 7.82681 5.94209 5.0188 3.57317 2.71339 2.85479 7.09406 1.76493 0.483142 1.29267 0.663093 0.859776 1.06212 0.748971 1.56212 1.51812 0.437593 0.229947
internal_count=99908 81873 74527 18035 16916 11001 7346 158 10574 9745 679 7188 4262 5915 3909 3308 2865 1119 9066 427 121 252 432 443 143 84 867 849 169 69
is_linear=0
shrinkage=0.05


Tree=104
num_leaves=31
num_cat=0
split_feature=1 8 4 10 0 8 12 1 6 12 5 8 1 2 2 1 0 2 6 0 2 0 0 1 13 1 12 0 0 0
split_gain=0.820504 0.845184 0.568704 0.54298 0.462512 0.231909 0.260314 0.26621 0.254949 0.27448 0.252533 0.25223 0.238873 0.2194 0.216439 0.213418 0.211734 0.205111 0.185434 0.183259 0.197863 0.182152 0.307465 0.337351 0.2194 0.19268 0.180817 0.172592 0.169054 0.166939
threshold=0.81892696022987377 0.1863425895571709 1.0000000180025095e-35 1.0000000180025095e-35 0.83910790085792553 0.63961037993431102 13.500000000000002 0.82426470518112194 0.90125367045402538 4.5000000000000009 1.0000000180025095e-35 0.89736840128898632 0.90366768836975109 0.087121214717626586 0.074175827205181136 0.84680575132370006 0.88273492455482494 0.77500000596046459 0.63191848993301403 0.73735308647155773 0.44949495792388922 0.77836257219314586 0.84877073764801036 0.85912698507308971 106.50000000000001 0.85912698507308971 11.500000000000002 0.63859337568283092 0.76689496636390697 0.90521115064620983
decision_type=2 2 2 2 2 2 2 2 2 2 2 2 2 2 2 2 2 2 2 2 2 2 2 2 2 2 2 2 2 2
left_child=1 4 14 5 -1 6 7 -2 9 -7 -11 12 -10 -4 26 -9 19 -14 -12 -5 -21 25 -23 -24 29 -17 27 -3 -16 -25
right_child=3 2 13 16 -6 8 -8 15 11 10 18 -13 17 -15 28 21 -18 -19 -20 20 -22 22 23 24 -26 -27 -28 -29 -30 -31
leaf_value=-0.050265452523294112 0.047858998479229559 -0.049888685250695723 0.043971025454184499 0.034651658257395516 0.089341419877456293 0.032139433460680066 -0.035844067024980684 -0.029004329831854764 -0.057061255762357134 -0.028548364125437455 0.058643335062713908 0.054467089924911442 0.0097636131069151252 0.0030676065509108552 -0.048593675017712973 -0.040635890947753432 0.03932072759488691 -0.049914769785680636 0.0063092074551890547 0.049361739261577262 -0.00088365087236987559 -0.02119074747832498 0.061708412947013458 -0.01218034807851489 0.06649765600566615 0.017305192596598542 0.02154027013019549 0.021178601166394653 0.034814916095926171 0.0023513366438173899
leaf_weight=1.6972621794525391 0.27862986778837395 0.28968501205099506 0.37328439444263528 0.74229989869286317 0.061475488733890304 1.7185882625817606 0.54127651504495666 0.67234468409560477 0.26991277968045302 0.44703354098601233 0.2066729175276123 0.14287376300489985 0.66866768370164209 2.6926837869143583 0.92469509753777857 0.15447764248813323 1.1710938018595696 0.18348563311883481 0.93505757546517998 0.22299993075557711 1.6143995921536314 1.8740492604756571 0.22225491407993914 2.640645005662801 0.12068632757291275 2.0161142115052826 0.3124031632560218 0.12116505745052564 0.065021340860312193 7.8564444958681179
leaf_count=62108 1013 617 122 230 185 335 3770 3046 34 44 24 40 79 1182 4321 1020 727 52 102 43 362 3925 211 2240 5 4950 191 29 66 8835
internal_value=1.30661e-09 -0.015751 -0.0048449 0.00416902 -0.0453856 0.00103219 -0.00174749 -0.000582043 0.0109884 0.0182901 0.0033091 -0.00810289 -0.01607 0.00804763 -0.0279207 -0.00144963 0.0216891 -0.00308633 0.0157826 0.0136849 0.00521449 -0.000204981 -0.00249039 0.000742574 -0.000533584 0.0131816 -0.0071298 -0.02893 -0.043114 -0.00130425
internal_weight=31.2377 6.53768 4.77894 24.7 1.75874 20.9492 16.3769 15.8356 4.57229 3.30735 1.58876 1.26494 1.12207 3.06597 1.71297 15.557 3.75079 0.852153 1.14173 2.5797 1.8374 14.8847 12.7141 10.84 10.6178 2.17059 0.723253 0.41085 0.989716 10.4971
internal_count=99908 68821 6528 31087 62293 29725 29015 25245 710 505 170 205 165 1304 5224 24232 1362 131 126 635 405 21186 15216 11291 11080 5970 837 646 4387 11075
is_linear=0
shrinkage=0.05


Tree=105
num_leaves=31
num_cat=0
split_feature=1 7 1 7 0 2 2 1 10 7 5 13 12 12 7 12 5 0 1 1 0 0 7 6 13 12 0 0 2 5
split_gain=0.85086 0.723106 0.553664 0.525403 0.265167 0.294265 0.267525 0.213834 0.2088 0.214258 0.254781 0.237378 0.293596 0.297647 0.204668 0.185908 0.291851 0.261529 0.31545 0.386607 0.371151 0.352261 0.205343 0.355757 0.212807 0.215496 0.209134 0.53583 0.246813 0.2022
threshold=0.81892696022987377 0.87198767066001903 0.81754159927368175 0.99783548712730419 0.83910790085792553 0.44949495792388922 0.27922078967094427 0.82097071409225475 1.0000000180025095e-35 0.9765610694885255 1.0000000180025095e-35 6.5000000000000009 8.5000000000000018 10.500000000000002 0.63658976554870617 4.5000000000000009 1.0000000180025095e-35 0.73735308647155773 0.92031747102737438 0.92637759447097789 0.91945946216583263 0.83438816666603099 0.94360822439193737 0.90125367045402538 106.50000000000001 3.5000000000000004 0.97467949986457836 0.98529094457626354 0.77500000596046459 1.0000000180025095e-35
decision_type=2 2 2 2 2 2 2 2 2 2 2 2 2 2 2 2 2 2 2 2 2 2 2 2 2 2 2 2 2 2
left_child=1 4 -3 7 5 -1 -6 -2 15 11 -11 -10 -13 -14 -7 17 -17 -9 -19 20 -20 -21 24 -24 25 26 28 -28 -23 -27
right_child=3 2 -4 -5 6 14 -8 8 9 10 -12 12 13 -15 -16 16 -18 18 19 21 -22 22 23 -25 -26 29 27 -29 -30 -31
leaf_value=-0.041686285945376121 0.068235227171387691 0.0060263529889472665 -0.074524639523163766 0.032166398806517227 0.088830712927043698 -0.050473984658896964 -0.051456276887244023 0.029297387283711531 0.037858782468346799 -0.065966717675684378 0.0099979419059082232 0.021725632124445417 -0.072244368849738352 0.010879780366620252 0.039612855418821022 -0.031078073631142213 -0.0021667805310573575 -0.012952109461329187 -0.01854672327900931 0.050114650514466265 0.083584266748839189 -0.0085203266312113123 0.050670646862700723 -0.020797914506963208 0.069168323334466819 -0.021126201458738194 0.054405912062133882 -0.0049160622509230416 -0.048016307796980885 0.027094254251848044
leaf_weight=2.7018532466562455 0.12242728259912539 3.0097283255645384 0.22960024693747971 1.5789402670034167 0.08594127879428004 0.092144042546692506 0.056211010630931924 0.91015211601678103 1.0796248304725393 0.16770308246486809 0.32291111473023193 0.99797631016122046 0.20036909446571372 0.23283589206630495 0.1996613255387274 1.0499101190184763 5.1775717549672891 2.8844716887417681 0.12748003346723535 0.39197801486557082 0.29436563522267534 1.590844601721072 0.50926058301411092 0.26459703160799108 0.1073320424184202 0.27598161404421229 0.42131504255371499 3.9447212969228076 0.5264466381195233 1.0241783210035464
leaf_count=63468 189 947 9 735 94 4132 105 1491 468 9 50 327 15 48 66 5037 7789 5128 83 522 74 1054 118 51 4 83 541 5859 1012 400
internal_value=1.40218e-09 -0.0162511 0.000316982 0.00428053 -0.0333662 -0.0365345 0.0333573 0.0023344 0.00197585 0.0142527 -0.0159685 0.0201579 0.0068051 -0.0275674 0.0111659 8.6277e-05 -0.00704102 0.00343026 0.00152595 0.00593187 0.0527207 0.00375251 0.00165515 0.0262341 -0.000755324 -0.00171955 -0.0054452 0.000808407 -0.0183407 0.0168586
internal_weight=30.5785 6.37514 3.23933 24.2034 3.13581 2.99366 0.142152 22.6245 22.502 3.00142 0.490614 2.51081 1.43118 0.433205 0.291805 19.5006 6.22748 13.2731 12.363 9.4785 0.421846 9.05666 8.66468 0.773858 7.89082 7.78349 6.48333 4.36604 2.11729 1.30016
internal_count=99908 68821 956 31087 67865 67666 199 30352 30163 917 59 858 390 63 4198 29246 12826 16420 14929 9801 157 9644 9122 169 8953 8949 8466 6400 2066 483
is_linear=0
shrinkage=0.05


Tree=106
num_leaves=31
num_cat=0
split_feature=7 0 0 2 8 13 13 13 4 12 8 8 13 12 12 13 8 7 8 13 8 1 8 13 1 13 12 8 7 0
split_gain=0.748324 0.762393 0.519377 0.317118 0.202257 0.195914 0.196338 0.19557 0.221883 0.182041 0.175803 0.221634 0.175475 0.165828 0.203491 0.282163 0.19086 0.156966 0.15321 0.173784 0.213865 0.271461 0.391956 0.35513 0.15265 0.222468 0.205808 0.344183 0.341308 0.306457
threshold=0.89753684401512157 0.60814526677131664 0.88273492455482494 0.44949495792388922 0.55902779102325451 103.50000000000001 101.50000000000001 12.500000000000002 1.0000000180025095e-35 7.5000000000000009 0.31009615957736975 0.61721614003181469 88.500000000000014 12.500000000000002 8.5000000000000018 1.0000000180025095e-35 0.88562092185020458 0.88478556275367748 0.76330533623695385 5.5000000000000009 0.48913043737411505 0.93643954396247875 0.63961037993431102 1.0000000180025095e-35 0.96824595332145702 15.500000000000002 1.5000000000000002 0.8441295623779298 0.92380261421203624 0.77232852578163158
decision_type=2 2 2 2 2 2 2 2 2 2 2 2 2 2 2 2 2 2 2 2 2 2 2 2 2 2 2 2 2 2
left_child=1 3 10 17 5 6 12 8 -4 -5 -2 -12 -3 14 15 16 -13 -1 19 20 -10 -22 -23 -24 25 26 29 28 -28 -17
right_child=2 4 7 9 -6 -7 -8 -9 18 -11 11 13 -14 -15 -16 24 -18 -19 -20 -21 21 22 23 -25 -26 -27 27 -29 -30 -31
leaf_value=-0.04967561575222916 0.042217315361993024 -0.0049818039890574687 -0.023327239702822238 0.036947645050380007 0.03101056965449038 0.048201058436258548 -0.083787730325625878 0.053290401325940796 0.03750240823976058 -0.045718883054256081 -0.012463218330286028 -0.043049549834518204 0.043288329057234599 0.028448812456475597 -0.017149373365127531 0.038772878696771457 0.024591294141644397 0.018613529556368011 0.043864606037745738 0.04623323810430801 0.043217001445494257 -0.051865169636459832 -0.065521608345144144 0.039145276178774994 0.024880478140047249 0.044216749419214413 0.044947573324455321 0.041229167943219666 -0.030539344973956929 -0.01657290673000469
leaf_weight=1.4945622104177179 0.27494846878289436 14.103666087670254 0.26463424604662567 0.20425472037913994 0.42142363188395471 0.17670163502634828 0.078184752050220463 0.53156394790130423 0.49117488615593252 0.098813753099989299 2.1252537958207522 0.41728113580211346 0.1908246797211185 0.73616093119017012 1.0114049710573452 0.6531144922264509 0.13903780154578271 0.089167990554415044 0.75181134710146569 0.41634636845992634 0.25542024829701382 0.39840880608244333 0.10445986124432238 0.36149947051308118 1.460050242138095 0.32532042576349329 0.1714451856969389 0.26597890147240821 1.1828749827072895 0.40534575047786348
leaf_count=38220 54 57319 52 764 93 37 10 151 46 581 551 65 74 182 170 77 79 52 359 161 44 58 17 150 235 44 18 54 151 40
internal_value=5.3675e-10 -0.00691207 0.00914353 -0.0368638 -0.0031372 -0.00412629 -0.00476962 0.0253076 0.0204207 0.00999469 0.00284003 0.00162262 -0.00433742 0.00604578 0.00331159 0.0074336 -0.0261444 -0.0458308 0.0245865 0.0174373 0.00999515 -0.00207041 -0.0154528 0.0156808 0.0116181 0.00517226 0.000430527 -0.0107709 -0.0209834 0.0175778
internal_weight=29.6011 16.8576 12.7435 1.8868 14.9708 14.5494 14.3727 3.57532 3.04376 0.303068 9.16822 8.89327 14.2945 6.76801 6.03185 5.02045 0.556319 1.58373 2.77912 2.02731 1.61096 1.11979 0.864368 0.465959 4.46413 3.00408 2.67876 1.6203 1.35432 1.05846
internal_count=99908 97150 2758 39617 57533 57440 57403 1038 887 1345 1720 1666 57393 1115 933 763 144 38272 835 476 315 269 225 167 619 384 340 223 169 117
is_linear=0
shrinkage=0.05


Tree=107
num_leaves=31
num_cat=0
split_feature=7 0 13 0 2 6 10 7 13 4 6 12 13 1 0 12 1 7 0 2 13 2 10 2 4 1 12 13 12 1
split_gain=0.703483 0.740292 0.548344 0.484579 0.288806 0.218136 0.208828 0.182345 0.186999 0.226243 0.177598 0.156515 0.136542 0.144033 0.212829 0.215035 0.197001 0.220355 0.209891 0.251973 0.193689 0.233561 0.184604 0.213117 0.164824 0.156368 0.145531 0.166683 0.174497 0.131045
threshold=0.89753684401512157 0.60814526677131664 110.50000000000001 0.88273492455482494 0.44949495792388922 0.49068179726600653 1.0000000180025095e-35 0.99783548712730419 12.500000000000002 1.0000000180025095e-35 0.88322511315345775 7.5000000000000009 101.50000000000001 0.81530213356018078 0.7897985875606538 4.5000000000000009 0.44590643048286444 0.87198767066001903 0.83910790085792553 0.27922078967094427 44.500000000000007 0.77500000596046459 1.0000000180025095e-35 0.57738095521926891 1.0000000180025095e-35 0.85912698507308971 6.5000000000000009 3.5000000000000004 9.5000000000000018 0.97849214076995861
decision_type=2 2 2 2 2 2 2 2 2 2 2 2 2 2 2 2 2 2 2 2 2 2 2 2 2 2 2 2 2 2
left_child=1 4 12 5 10 -2 -7 8 9 -5 -1 -6 13 16 25 -16 -3 18 22 -20 -17 -22 23 -18 -24 -15 -27 -28 -29 -30
right_child=3 2 -4 7 11 6 -8 -9 -10 -11 -12 -13 -14 14 15 20 17 -19 19 -21 21 -23 24 -25 -26 26 27 28 29 -31
leaf_value=-0.049604110502227482 0.040033928761637277 0.063927472302734517 0.095095199250372242 -0.033255908827905051 0.034352784478468866 -0.0039417503116541096 0.012975578713118408 0.051638843810983874 0.053167806599649231 0.01992461281118417 0.033383376747011646 -0.044548159087460543 -0.038132599694558345 -0.016929401116069987 -0.001124843182241422 -0.028574770931095408 -0.045582983067268622 0.019672955771088088 0.085427316244043872 -0.059790258513376549 0.033657162221203935 -0.053335610164056128 -0.055098227063020026 0.046016602677193423 0.056258911603498843 0.031413895865677763 0.038942615607652498 -0.046910032324697398 -0.053053187909688486 0.018223446918742916
leaf_weight=1.4328897389041291 0.38073254294249537 0.073211801238920127 0.14104116062935723 0.22002916417841367 0.19444617628732874 5.833801236359248 2.654073564479404 0.55103580854665768 0.37189356281305652 2.196013568835042 0.067506630311981897 0.092875744285606743 0.28668053029287044 0.38478100392228598 8.4721019959723645 1.434962934148756 1.109427357192885 0.29423791769295338 0.082726547999072753 0.046753494867289191 0.29396885733501665 0.10461468974199306 0.050095046396222531 0.067354833618651244 0.098700768403659822 0.99013120538813837 0.25395062700420112 0.20697531623886789 0.075820735017259722 0.4313556985437117
leaf_count=38261 62 45 18 35 764 1052 606 372 84 547 11 581 29 4173 13480 2301 30269 80 73 94 251 29 151 608 109 2053 612 982 1413 763
internal_value=5.80877e-10 -0.00667302 -0.00302497 0.00912139 -0.0370759 0.00300892 0.00134813 0.0253566 0.0201619 0.0150815 -0.0458703 0.00884835 -0.00396271 -0.00328579 -0.0013923 -0.00448483 -0.0164271 -0.0197901 -0.0277702 0.0329912 -0.02001 0.0108245 -0.0337052 -0.0403401 0.0187683 0.01221 0.0179358 0.00415094 -0.00822089 0.00756789
internal_weight=28.8942 16.6866 14.8989 12.2076 1.78772 8.86861 8.48787 3.33897 2.78794 2.41604 1.5004 0.287322 14.7579 14.4712 12.6487 10.3056 1.82251 1.7493 1.45506 0.12948 1.83355 0.398584 1.32558 1.17678 0.148796 2.34301 1.95823 0.968102 0.714152 0.507176
internal_count=99908 97150 57533 2758 39617 1720 1658 1038 666 582 38272 1345 57515 57486 26057 16061 31429 31384 31304 167 2581 280 31137 30877 260 9996 5823 3770 3158 2176
is_linear=0
shrinkage=0.05


Tree=108
num_leaves=31
num_cat=0
split_feature=8 0 2 0 12 7 13 7 6 13 8 12 4 12 7 13 6 0 13 0 6 12 6 0 10 6 13 4 0 13
split_gain=0.637859 0.7126 0.355408 0.3311 0.274398 0.270224 0.263066 0.244125 0.244039 0.189366 0.406354 0.153202 0.149032 0.145389 0.205657 0.175007 0.163603 0.145844 0.179033 0.142757 0.136595 0.136264 0.134475 0.129451 0.123552 0.199458 0.48872 0.320964 0.271722 0.1947
threshold=0.61721614003181469 0.6832355558872224 0.44949495792388922 0.92907443642616283 13.500000000000002 0.87198767066001903 106.50000000000001 0.89753684401512157 0.53863716125488292 1.0000000180025095e-35 0.97499999403953563 1.0000000180025095e-35 1.0000000180025095e-35 1.5000000000000002 0.90976935625076305 5.5000000000000009 0.88322511315345775 0.79772728681564342 1.5000000000000002 0.88273492455482494 0.90125367045402538 7.5000000000000009 0.52839964628219616 0.48313754796981817 1.0000000180025095e-35 0.80866709351539623 6.5000000000000009 1.0000000180025095e-35 0.77629500627517711 6.5000000000000009
decision_type=2 2 2 2 2 2 2 2 2 2 2 2 2 2 2 2 2 2 2 2 2 2 2 2 2 2 2 2 2 2
left_child=1 2 5 9 -4 -1 7 24 -9 10 -2 -11 -5 17 -15 16 -16 -10 -19 -17 -6 -7 -13 -12 25 -3 27 -27 -29 -26
right_child=3 6 4 12 20 21 -8 8 13 11 23 22 -14 14 15 19 -18 18 -20 -21 -22 -23 -24 -25 29 26 -28 28 -30 -31
leaf_value=-0.045016041530479639 -0.032137369480971949 -0.0028143324681427348 0.011124530062424145 -0.01841039510164667 -0.064204944671210268 -0.029264736893187739 0.067971771819846302 0.046010871449529735 -0.03211791946302741 0.035789249905483232 -0.028147675727957046 0.055189172494585173 0.045293617397834302 0.031122352667355996 -0.053205232368194744 -0.0067595149109116268 -0.0045404866505251683 -0.030623584762052278 0.041792237282817446 0.05517640218151551 0.058847113847263315 0.012545133950368412 0.0074442551337929319 0.051961795833656912 0.047373806136156486 0.055466156338541878 -0.07530162978412859 0.038663060941614619 -0.03440095829833479 -0.0042337023462604073
leaf_weight=1.8483752180701527 0.73594910497012989 10.9402005131435 0.9102379054825176 0.10244698668975605 0.20093381489709827 0.4227099245536009 0.13981249423432096 0.4564602814098192 0.10377699473247082 0.57137398563827435 0.063142462782707298 0.15136857691686589 0.88417710677094874 0.33676578291124304 0.35048057334643068 0.3336873916850891 0.34048154210904613 0.099613874888746068 0.59608422282326501 0.12900437224016059 0.025403883308172226 0.36157179864676436 5.7370349088305375 0.25045573778152175 0.29701979032199766 0.17706553501193478 0.33751878816656244 0.16073961648362456 0.61075435513703269 0.47508424126976934
leaf_count=55679 130 37075 2963 25 593 272 20 86 28 128 18 21 558 43 25 69 44 29 135 22 1 222 887 192 199 15 31 16 92 290
internal_value=-7.10835e-10 -0.00494855 -0.0244933 0.0114475 -0.00112622 -0.0345814 -0.000310784 -0.00091713 0.0126277 0.00786972 -0.0118286 0.0110702 0.0386789 0.00597324 -0.0032541 -0.013289 -0.029225 0.0231753 0.0314233 0.010509 -0.0503937 -0.00998943 0.0086716 0.0358319 -0.00377895 -0.00500396 -0.0236303 -0.00524448 -0.0191782 0.0156191
internal_weight=28.1497 19.6538 3.76923 8.49595 1.13658 2.63266 15.8846 15.7447 2.74636 7.50932 1.04955 6.45978 0.986624 2.28989 1.49042 1.15365 0.690962 0.799475 0.695698 0.462692 0.226338 0.784282 5.8884 0.313598 12.9984 12.2263 1.28608 0.94856 0.771494 0.772104
internal_count=99908 97949 59730 1959 3557 56173 38219 38199 481 1376 340 1036 583 395 203 160 69 192 164 91 594 494 908 210 37718 37229 154 123 108 489
is_linear=0
shrinkage=0.05


Tree=109
num_leaves=31
num_cat=0
split_feature=7 0 6 0 2 8 1 0 0 8 0 7 6 12 2 1 7 8 1 10 2 6 7 1 4 8 12 1 4 6
split_gain=0.629623 0.65578 0.551904 0.411066 0.252598 0.227432 0.225575 0.451975 0.46439 0.243001 0.324971 0.242858 0.222179 0.21234 0.392281 0.187876 0.171982 0.162782 0.153609 0.148045 0.154201 0.146707 0.144528 0.135727 0.15519 0.141989 0.128583 0.127322 0.126723 0.146196
threshold=0.89753684401512157 0.60814526677131664 0.88322511315345775 0.88273492455482494 0.44949495792388922 0.54006412625312816 0.84889996051788341 0.76986128091812145 0.76689496636390697 0.1863425895571709 0.83910790085792553 0.87198767066001903 0.49068179726600653 4.5000000000000009 0.64583334326744091 0.86706829071044933 0.99783548712730419 0.94281044602394115 0.41223156452178961 1.0000000180025095e-35 0.38750000298023229 0.88322511315345775 0.99783548712730419 0.44590643048286444 1.0000000180025095e-35 0.26006440818309789 3.5000000000000004 0.91616466641426098 1.0000000180025095e-35 0.86501669883728038
decision_type=2 2 2 2 2 2 2 2 2 2 2 2 2 2 2 2 2 2 2 2 2 2 2 2 2 2 2 2 2 2
left_child=1 4 5 12 21 6 9 8 26 10 -3 -9 -2 14 -4 -10 28 19 -19 -14 -21 -1 -22 -11 -25 -26 27 -8 -5 -30
right_child=3 2 13 16 -6 -7 7 11 15 23 -12 -13 17 -15 -16 -17 -18 18 -20 20 22 -23 -24 24 25 -27 -28 -29 29 -31
leaf_value=-0.049364536318213595 0.041237390027745048 -0.048244829292111713 0.046813047337966318 -0.014101732407463392 0.0075305470163354862 0.03315848885511917 -0.0024025481011832033 -0.0017658276657031378 0.09863987229306706 0.067114889783552942 0.059007697459162747 -0.035255590441187562 -0.0043375150267570091 -0.074065292689994996 -0.075047996314877907 -0.00075436235678125543 0.051493517240597954 -0.055691398729219944 0.049479093019474729 0.033571848835966693 -0.00064550138564739915 0.030066530650517655 0.051942060773933513 -0.036588466399982936 0.033614466170429201 -0.010347408820761657 0.0014665501210550369 0.050176033083074313 0.035878158741463648 0.010957415035250512
leaf_weight=1.2693527295973073 0.36753461358421091 0.75704872406629009 0.13012061780318696 0.25616709891619382 0.2673967923821009 0.47066438634647134 0.17434868909390278 9.0259269920273901 0.2477109967310297 0.064964523350681591 0.077893587576568279 0.5758759331602058 5.5859827376407321 0.35978808371874038 0.13409972533554537 0.058835521569221783 0.49302105189235579 0.039622864860575535 0.28053268563417078 0.55776253454314462 1.6615159300035882 0.060921317861357127 0.141806254563562 0.32249610326016387 0.27551385185006438 0.55099294128376641 0.98665219783640623 0.33904203918291387 1.1323753906726781 1.2253213530457285
leaf_count=38261 62 33463 18 41 1345 111 528 15405 28 9 450 87 1000 15 22 124 372 6 198 140 231 11 83 1576 413 184 4596 504 274 351
internal_value=-4.37831e-10 -0.00640559 -0.00306709 0.00881035 -0.0368134 -0.00100603 -0.00220092 0.00054246 0.0234861 -0.0174761 -0.038239 -0.0037744 0.00319859 -0.0490705 -0.0150351 0.0795631 0.0244067 0.00150751 0.0364631 9.92861e-05 0.0105961 -0.0457269 0.00348978 -0.00319584 -0.00717121 0.00430717 0.0120262 0.0323202 0.0192977 0.0229266
internal_weight=27.8913 16.1496 14.552 11.7416 1.59767 13.928 13.4573 11.4084 1.80659 2.04891 0.834942 9.6018 8.63476 0.624008 0.26422 0.306547 3.10688 8.26722 0.320156 7.94707 2.36108 1.33027 1.80332 1.21397 1.149 0.826507 1.50004 0.513391 2.61386 2.3577
internal_count=99908 97150 57533 2758 39617 57478 57367 21272 5780 36095 33913 15492 1720 55 40 152 1038 1658 204 1454 454 38272 314 2182 2173 597 5628 1032 666 625
is_linear=0
shrinkage=0.05


Tree=110
num_leaves=31
num_cat=0
split_feature=7 0 0 6 0 6 6 7 13 1 0 8 13 8 8 1 0 6 8 8 10 13 13 7 6 0 13 0 7 8
split_gain=0.537683 0.628801 0.388159 0.280511 0.232327 0.2063 0.200002 0.171534 0.166545 0.176621 0.169241 0.165785 0.2216 0.252151 0.182992 0.225752 0.318067 0.185978 0.192579 0.167706 0.230727 0.161908 0.139892 0.138076 0.648938 0.208638 0.257303 0.308647 0.222596 0.242233
threshold=0.89753684401512157 0.60814526677131664 0.88273492455482494 0.49068179726600653 0.61620295047760021 1.0000000180025095e-35 0.63191848993301403 0.99783548712730419 12.500000000000002 0.93643954396247875 0.98648402094841015 0.94281044602394115 1.0000000180025095e-35 0.8441295623779298 0.63961037993431102 0.83438816666603099 0.81302964687347423 0.93728145956993114 0.61721614003181469 0.42582418024539953 1.0000000180025095e-35 103.50000000000001 101.50000000000001 0.5085725486278535 0.21089696139097217 0.94185259938240062 41.500000000000007 0.77629500627517711 0.62345302104949962 0.10172414034605028
decision_type=2 2 2 2 2 2 2 2 2 2 2 2 2 2 2 2 2 2 2 2 2 2 2 2 2 2 2 2 2 2
left_child=1 6 3 -2 5 -3 -1 8 9 -4 -11 12 13 -5 15 16 17 18 -14 -17 -21 22 23 24 -6 26 27 -25 29 -27
right_child=2 4 7 11 21 -7 -8 -9 -10 10 -12 -13 14 -15 -16 19 -18 -19 -20 20 -22 -23 -24 25 -26 28 -28 -29 -30 -31
leaf_value=-0.048169226756396483 0.044396313800151327 0.088890119449666516 0.03933662218448708 -0.0098440752035362476 -0.0023733510543926624 -0.0018749666152265672 -0.0081015332111189827 0.051422626062278043 0.052237897287699855 0.00047317304306115725 0.050839334625321669 0.037078622223962576 -0.018232236043082314 -0.078345166347271053 0.0074028020645663314 0.028938605348842707 0.087240548642014248 0.083058788458347799 0.061222571815158881 -0.038650595194719584 0.020297168787297176 0.045062079031026513 -0.075588574857226809 0.010029668977497182 -0.046110370579167705 0.042070321682740469 0.027198824815657364 -0.015012002968763954 0.040459987555089415 -0.03996001312641817
leaf_weight=1.0817029145454764 0.38537418984378646 0.12928761747025319 0.514843922434011 0.52373505565082989 5.4843550427092342 0.12137787394379984 0.43737995667504481 0.46725032797439769 0.31952166622068023 1.5326688282584653 0.18715622076888405 0.30222516893081763 0.641754062386099 0.18068703124299645 4.8925452909570595 0.13999318915375614 0.11480693900375627 0.059624653280479833 0.086546766775427386 1.0023183479133875 0.19894710055814346 0.16860638558091601 0.068350846418071209 1.9071742316933749 1.0032354156738845 0.14707111900997893 0.64914492188245265 3.4679627802436244 0.62373315920922323 0.23190415166391176
leaf_count=38147 62 6 99 119 709 2455 1470 372 84 270 213 204 341 9 732 22 17 4 23 128 59 36 10 4723 47344 79 528 1241 311 91
internal_value=-5.82706e-10 -0.00607863 0.00816867 0.00271294 -0.00276385 0.0449396 -0.0366328 0.0235685 0.018473 0.0136451 0.00595416 0.000740281 -0.00066036 -0.0274149 0.00198048 -0.00984173 0.00948916 -0.00183982 -0.00879032 -0.0228524 -0.028888 -0.00363339 -0.00423785 -0.00387699 -0.00913681 0.000979069 -0.00253586 -0.00612687 0.0220968 -0.00812603
internal_weight=27.0713 15.5213 11.55 8.52856 14.0022 0.250665 1.51908 3.02144 2.55419 2.23467 1.71983 8.14318 7.84096 0.704422 7.13654 2.24399 0.902732 0.787925 0.728301 1.34126 1.20127 13.7515 13.5829 13.5146 6.48759 7.02699 6.02428 5.37514 1.00271 0.378975
internal_count=99908 97150 2758 1720 57533 2461 39617 1038 666 582 483 1658 1454 128 1326 594 385 368 364 209 187 55072 55036 55026 48053 6973 6492 5964 481 170
is_linear=0
shrinkage=0.05


Tree=111
num_leaves=31
num_cat=0
split_feature=7 1 2 8 12 4 2 4 6 12 6 8 6 1 2 13 8 12 1 7 13 8 12 6 1 2 7 13 1 13
split_gain=0.583568 0.551665 0.363461 0.335354 0.238073 0.225165 0.192012 0.20312 0.186422 0.202726 0.277681 0.277477 0.273037 0.252945 0.342482 0.199049 0.192804 0.181086 0.172108 0.169184 0.414438 0.156073 0.174544 0.204907 0.170756 0.235887 0.215273 0.290199 0.155243 0.221588
threshold=0.89753684401512157 0.81530213356018078 0.84523808956146251 0.1863425895571709 4.5000000000000009 1.0000000180025095e-35 0.77500000596046459 1.0000000180025095e-35 0.53863716125488292 1.5000000000000002 0.846389800310135 0.80476191639900219 0.80866709351539623 0.90366768836975109 0.38750000298023229 5.5000000000000009 0.64495798945426952 5.5000000000000009 0.81120249629020702 0.87198767066001903 6.5000000000000009 0.32200460135936743 1.0000000180025095e-35 0.52839964628219616 0.92031747102737438 0.61250001192092907 0.78886163234710704 88.500000000000014 0.855400711297989 12.500000000000002
decision_type=2 2 2 2 2 2 2 2 2 2 2 2 2 2 2 2 2 2 2 2 2 2 2 2 2 2 2 2 2 2
left_child=1 3 6 -1 21 -5 7 28 -9 10 12 13 -10 14 -11 -12 -15 -8 -7 -6 -21 24 -23 -24 -3 -26 27 -27 -2 -30
right_child=2 4 -4 5 19 18 17 8 9 11 15 -13 -14 16 -16 -17 -18 -19 -20 20 -22 22 23 -25 25 26 -28 -29 29 -31
leaf_value=-0.046510039560889081 -0.02151802737400688 -0.01933958350294291 0.045811240687413921 -0.032841068297434474 -0.0073322146407713146 0.013473511095981867 0.0097849152618145994 0.045472043228150981 0.019241640139600155 0.013932266670377233 -0.003556300937979354 0.029108048012178624 0.076314515626343088 -0.0080291071595112364 -0.032822568538103322 0.04424101392409463 0.021771555612711234 -0.031699823006748458 -0.064355118266000294 0.0041261002593738312 -0.070111908188317515 0.04128807653451036 0.053142964536033434 -0.0006795988228264771 0.026456166389126193 -0.002289925977849337 -0.054550599878148254 0.063652498127507229 -0.0032979238870225105 0.049643087057555116
leaf_weight=1.2058947402522346 0.83847096081989958 1.1104755598998943 0.62023663787113115 0.66336378347989444 2.4830944895780944 0.75732635514782487 0.46568246794049695 0.40962957174633619 0.446032772339095 0.62537842448364278 0.87412609163948196 0.98239044864567393 0.39526046640094137 0.88583012542949324 1.0480967974872326 0.29010773470872664 1.4014068307697014 0.60456488565978361 0.07838554447516799 0.36237393657211203 0.39067114288991434 0.46529098651990386 0.20351234756526526 1.3490334371235801 0.84730166613439895 4.8569773508191929 0.18777752422647598 0.17277766519691784 1.1669755749426256 0.23795566643821064
leaf_count=61729 534 6243 616 4715 13026 1052 62 78 75 85 167 273 31 114 116 75 211 74 11 38 32 260 28 223 1341 8414 26 12 203 44
internal_value=-3.84633e-10 -0.00641807 0.00860179 -0.0268811 -0.00196473 -0.011091 0.00643923 0.00867837 0.0126939 0.0107616 0.0241695 0.00532167 0.0460559 -0.000578156 -0.0153503 0.008354 0.01023 -0.0136491 0.00617358 -0.013628 -0.0343877 0.00214093 0.0144261 0.00637562 -0.00131389 0.00198663 -0.0019871 -2.47305e-05 -0.00449228 0.00566879
internal_weight=26.4264 15.1343 11.2921 2.70497 12.4293 1.49908 10.6719 9.60166 7.35826 6.94863 2.00553 4.9431 0.841293 3.96071 1.67348 1.16423 2.28724 1.07025 0.835712 3.23614 0.753045 9.19315 2.01784 1.55255 7.17531 6.06483 5.21753 5.02976 2.2434 1.40493
internal_count=99908 97150 2758 67507 29643 5778 2142 2006 1225 1147 348 799 106 526 201 242 325 136 1063 13096 70 16547 511 251 16036 9793 8452 8426 781 247
is_linear=0
shrinkage=0.05


Tree=112
num_leaves=31
num_cat=0
split_feature=1 8 4 1 8 0 12 6 7 13 2 12 2 4 0 13 0 6 6 2 0 8 0 2 6 0 1 1 0 0
split_gain=0.486351 0.615555 0.382027 0.352379 0.342767 0.226526 0.206001 0.331257 0.256122 0.31369 0.241884 0.285035 0.186729 0.185702 0.196767 0.25431 0.161253 0.161053 0.17616 0.146835 0.14213 0.133932 0.131544 0.209338 0.144471 0.130757 0.163421 0.157306 0.169529 0.164911
threshold=0.81892696022987377 0.1863425895571709 1.0000000180025095e-35 0.82097071409225475 0.94281044602394115 0.83910790085792553 8.5000000000000018 0.93728145956993114 0.94360822439193737 1.0000000180025095e-35 0.6904762089252473 11.500000000000002 0.087121214717626586 1.0000000180025095e-35 0.68801230192184459 26.500000000000004 0.91945946216583263 0.93728145956993114 0.95912683010101329 0.074175827205181136 0.44562648236751562 0.89736840128898632 0.61620295047760021 0.31666667759418493 0.49700556695461279 0.7243877947330476 0.85912698507308971 0.92031747102737438 0.73546314239501964 0.85857143998146068
decision_type=2 2 2 2 2 2 2 2 2 2 2 2 2 2 2 2 2 2 2 2 2 2 2 2 2 2 2 2 2 2
left_child=1 5 19 -2 6 -1 8 10 25 -10 13 -12 -4 -8 -15 -16 17 21 -19 20 -3 -11 23 -14 -24 26 -5 -27 -29 -30
right_child=3 2 12 4 -6 -7 7 -9 9 16 11 -13 22 14 15 -17 -18 18 -20 -21 -22 -23 24 -25 -26 27 -28 28 29 -31
leaf_value=-0.05022718772634388 0.074537880865710102 -0.031470505685260101 0.044344280540095544 -0.017379064578437763 0.051350794125232718 0.067823049828597784 -0.031718102204644841 0.044232197153988677 -0.035478742131200863 0.023935494324629603 -0.050924443038754923 0.014780477487858363 -0.023981593132009503 -0.018487442545169978 0.033720125338019581 -0.036990842356254258 0.040233070940029397 -0.031553564958675673 0.026277704055690722 -0.041370736174379634 0.018515621321021161 -0.03374752019529792 0.037063470299222238 0.042689060567382087 -0.010342486660032905 -0.010945125746175883 0.032502107441693497 -0.056232681596628233 0.018111231530945734 0.00043056621225887493
leaf_weight=1.1182660775223805 0.17253640256592717 0.2954739778125488 0.29672509361262234 0.22070817359179784 0.35690262635853187 0.042169732313595776 0.47021821485617432 0.25682948011672113 0.27383809675848114 1.8667340606170917 0.71949921928103311 0.21420013087799816 0.16742407659967318 0.54863445218035167 0.66421356766380768 0.15725887340829559 0.77085281808831485 0.34653990759034048 0.21238282906415407 0.72159606323350545 0.27415811569846937 0.10636423086725688 0.18069795240944575 0.39673906177085883 1.4532248317750598 2.7599500050803263 0.64134225497502939 0.1210845760281235 1.5741073430832546 8.1325737291224396
leaf_count=62108 190 538 122 1129 329 185 3236 39 46 352 276 96 459 2571 1346 532 470 51 54 4387 299 29 143 124 456 7490 1423 122 1652 9654
internal_value=1.71349e-09 -0.0140779 -0.00431288 0.00338256 0.00278118 -0.0459373 0.00191692 -0.0100932 0.00405482 0.0159466 -0.0151229 -0.0358511 0.00711345 -0.00460628 0.00469845 0.0201835 0.0202102 0.0141144 -0.00957849 -0.02639 -0.00741269 0.020826 0.00208757 0.0229035 -0.00509979 0.000892432 0.0197312 -0.000397711 0.00256434 0.00329779
internal_weight=25.5332 4.94647 3.78604 20.5868 20.4142 1.16044 20.0573 3.03085 17.0265 3.57671 2.77402 0.933699 2.49481 1.84033 1.37011 0.821472 3.30287 2.53202 0.558923 1.29123 0.569632 1.9731 2.19809 0.564163 1.63392 13.4498 0.86205 12.5877 9.82777 9.70668
internal_count=99908 68821 6528 31087 30897 62293 30568 8096 22472 1002 8057 372 1304 7685 4449 1878 956 486 105 5224 837 381 1182 583 599 21470 2552 18918 11428 11306
is_linear=0
shrinkage=0.05


Tree=113
num_leaves=31
num_cat=0
split_feature=10 1 7 1 0 0 8 12 5 0 1 8 0 0 1 0 7 8 1 0 2 7 8 8 2 0 12 8 13 13
split_gain=0.554445 0.463051 0.451491 0.216734 0.204871 0.158159 0.147674 0.139693 0.245782 0.219226 0.189924 0.178189 0.17019 0.155993 0.194852 0.18652 0.171579 0.26146 0.144347 0.189977 0.132642 0.141186 0.128454 0.127738 0.222122 0.16439 0.184547 0.160234 0.150191 0.174057
threshold=1.0000000180025095e-35 0.81892696022987377 0.85798320174217235 0.82097071409225475 0.88273492455482494 0.83910790085792553 0.94281044602394115 4.5000000000000009 1.0000000180025095e-35 0.73942822217941295 0.90259328484535228 0.57738095521926891 0.7897985875606538 0.88989898562431347 0.88273492455482494 0.7897985875606538 0.61826965212821972 0.58957219123840343 0.96824595332145702 0.88273492455482494 0.44949495792388922 0.68824186921119701 0.90692642331123363 0.61721614003181469 0.77500000596046459 0.73735308647155773 7.5000000000000009 0.57738095521926891 1.0000000180025095e-35 14.500000000000002
decision_type=2 2 2 2 2 2 2 2 2 2 2 2 2 2 2 2 2 2 2 2 2 2 2 2 2 2 2 2 2 2
left_child=1 2 5 -3 -2 20 7 9 -9 -5 13 12 -12 14 15 -11 -17 -18 19 -13 -1 -22 23 27 25 -25 -27 28 -10 -30
right_child=4 3 -4 6 -6 -7 -8 8 22 10 11 18 -14 -15 -16 16 17 -19 -20 -21 21 -23 -24 24 -26 26 -28 -29 29 -31
leaf_value=-0.043181000430284971 0.011274709701913816 0.065994553660163657 -0.0018208801038921574 0.026561752272453328 0.039055484704050382 0.063135439736062435 0.051732361305911259 -0.030907852065790411 0.04185985587034332 -0.045344500349304435 0.043719781889329089 -0.042985964267088277 -0.00042656105061711222 0.024551378580724797 -0.042983587770442533 -0.047297542595090981 0.036507491804590973 -0.02138467926993284 0.037236452179098094 0.023656682565759448 -0.050499948341264513 0.040680370200433025 -0.067489294346652587 -0.0081780616801554757 -0.029330855488851372 0.0074710887901473736 0.056291346553905011 -0.064622152202797295 -0.017312177686448032 0.0085184124472201406
leaf_weight=1.6448167580952664 3.0334294005945703 0.12441088775335885 1.8636013778314007 0.87215247703046017 0.84948689501970864 0.038879363062505834 0.13559633644945179 0.91429500647581008 0.1627821274449851 0.25277299593392288 0.22505839439145159 0.16133129395893753 7.2873329672444243 0.23799628869949163 0.55804921912175576 0.14361537259480883 0.46184384004118328 0.3375945552252233 0.66174101174692623 0.3171902865433367 0.07283132854223584 0.10179189597147342 0.074727472776430548 0.33528645883779951 0.27167166026993061 0.36033436463912949 0.41827471631404478 0.11644258501473803 1.7267319010875897 1.0479861242424133
leaf_count=62670 1562 189 871 1544 736 189 89 5046 194 887 317 15 9849 217 911 2359 94 40 259 71 4122 33 8 46 42 30 52 17 4184 3265
internal_value=4.11616e-11 -0.00321965 -0.0192107 0.000239605 0.0173525 -0.0366499 -0.000239332 -0.000655212 -0.00726757 0.00246161 0.000486979 0.00369142 0.000895988 -0.0134331 -0.0185874 -0.00720264 0.00302078 0.0120602 0.0221086 0.00118843 -0.0387822 0.00265116 -0.00247957 -0.0013853 0.0112062 0.021093 0.0336977 -0.00709805 -0.0048178 -0.0075562
internal_weight=24.8101 20.9271 3.72192 17.2052 3.88292 1.85832 17.0808 16.9452 5.42853 11.5167 10.6445 8.65265 7.51239 1.99187 1.75388 1.19583 0.943054 0.799438 1.14026 0.478522 1.81944 0.174623 4.51424 4.43951 1.38557 1.1139 0.778609 3.05394 2.9375 2.77472
internal_count=99908 97610 67885 29725 2298 67014 29536 29447 12884 16563 15019 10511 10166 4508 4291 3380 2493 134 345 86 66825 4155 7838 7830 170 128 82 7660 7643 7449
is_linear=0
shrinkage=0.05


Tree=114
num_leaves=31
num_cat=0
split_feature=10 0 2 12 0 6 0 13 8 1 0 12 13 8 6 6 1 1 2 4 12 13 13 6 0 7 6 0 8 2
split_gain=0.509888 0.436898 0.282794 0.2424 0.248901 0.188666 0.185152 0.164128 0.173214 0.206036 0.203242 0.20049 0.166574 0.165022 0.172829 0.163865 0.179214 0.22315 0.218614 0.230585 0.15598 0.154314 0.149548 0.143368 0.129997 0.144248 0.127817 0.126483 0.146357 0.120675
threshold=1.0000000180025095e-35 0.64174234867095958 0.43650794029235845 3.5000000000000004 0.53001201152801525 0.56263527274131786 0.88273492455482494 103.50000000000001 0.44222222268581396 0.93405798077583324 0.89512962102890026 1.0000000180025095e-35 38.500000000000007 0.3717105239629746 0.86501669883728038 0.5427464246749879 0.83047896623611461 0.90366768836975109 0.6904762089252473 1.0000000180025095e-35 12.500000000000002 6.5000000000000009 1.0000000180025095e-35 0.846389800310135 0.836786448955536 0.92380261421203624 0.90125367045402538 0.43693181872367864 0.89181286096572887 0.77500000596046459
decision_type=2 2 2 2 2 2 2 2 2 2 2 2 2 2 2 2 2 2 2 2 2 2 2 2 2 2 2 2 2 2
left_child=1 2 5 -4 -5 -1 27 8 9 10 12 22 13 -3 -15 -13 21 24 19 23 -7 -17 -10 -19 25 -18 -20 -2 -29 -28
right_child=6 7 3 4 -6 20 -8 -9 11 -11 -12 15 -14 14 -16 16 17 18 26 -21 -22 -23 -24 -25 -26 -27 29 28 -30 -31
leaf_value=-0.049134057598181576 -0.051130293531993942 -0.036213671041775579 0.030019743782268182 0.047629918177750884 -0.041822770284123706 -0.03225047184158953 0.037908584180815913 0.053516528418941639 -0.024752225392247574 -0.0001503348706704255 0.012266908581342939 0.029890214628436086 0.0022067631839161033 0.013841451756597617 -0.053341411753550838 0.035708932407964258 0.00016533922652957236 0.0045890676935340397 -0.0043749353982968321 0.023427440733434942 0.0090347072299348692 -0.011512387171176511 0.037258325734259953 -0.052611689642370119 -0.00012454034756314376 -0.051228659767686646 0.0019962906346350129 0.0094562486600701951 0.050976208366623893 -0.061842797928384409
leaf_weight=0.89524244198398795 0.079634355609527918 1.5190632176061236 0.4085466784627555 0.098784397461031404 0.36545197874966107 0.64072465874585305 0.81582297831550921 0.14086135818251833 0.11272649745478602 7.5346386591513124 0.5502407919465212 0.49682355424010882 0.59020616301268081 0.37683997377007461 0.12832668525516056 0.57372470627342398 0.18855514534516238 0.2906133572687396 1.4251394626662657 1.4548713421299908 0.35583927135763815 0.2477064979948409 0.707158867425278 0.17581655259709805 0.36607633293169783 0.49481533042853698 0.11473063996527333 2.6851520341829773 0.23046258062367986 0.20865142866205133
leaf_count=42910 194 31014 697 305 1111 2462 736 34 44 12081 721 81 3719 157 15 90 26 37 215 205 1086 93 314 17 53 59 24 1187 181 40
internal_value=-1.42761e-10 -0.00312746 -0.0216127 0.001931 -0.0227882 -0.0324746 0.0167917 -0.000239819 -0.000671118 -0.00464707 -0.0153532 0.00553239 -0.0211661 -0.027981 -0.0032249 0.00238186 -8.47606e-05 -0.00383641 0.00197778 0.0136197 -0.0175089 0.0214691 0.0287325 -0.0169722 -0.0241681 -0.0370481 -0.0108145 0.0110401 0.0127382 -0.0391937
internal_weight=24.2732 20.4622 2.76459 0.872783 0.464236 1.89181 3.81107 17.6976 17.5567 10.6993 3.16468 6.85741 2.61444 2.02423 0.505167 6.03752 5.5407 4.71927 3.66982 1.9213 0.996564 0.821431 0.819885 0.46643 1.04945 0.68337 1.74852 2.99525 2.91561 0.323382
internal_count=99908 97610 48571 2113 1416 46458 2298 49039 49005 47707 35626 1298 34905 31186 172 940 859 676 538 259 3548 183 358 54 138 85 279 1562 1368 64
is_linear=0
shrinkage=0.05


Tree=115
num_leaves=31
num_cat=0
split_feature=10 13 0 2 12 6 0 2 1 12 0 7 6 8 0 8 8 2 8 0 8 0 7 6 13 13 2 6 8 7
split_gain=0.470551 0.505478 0.369188 0.20149 0.229378 0.187909 0.168475 0.155762 0.216144 0.140348 0.13619 0.136101 0.156678 0.140668 0.134359 0.128895 0.226338 0.120336 0.147028 0.113163 0.137587 0.107822 0.103156 0.0997974 0.103947 0.169714 0.113129 0.100541 0.0997093 0.0992857
threshold=1.0000000180025095e-35 103.50000000000001 0.63453349471092235 0.43650794029235845 10.500000000000002 0.56263527274131786 0.88273492455482494 0.087121214717626586 0.81530213356018078 12.500000000000002 0.83910790085792553 0.64418154954910289 0.49358868598937994 0.48913043737411505 0.70438539981842052 0.91287881135940563 0.90692642331123363 0.31666667759418493 0.76696833968162548 0.43693181872367864 0.89181286096572887 0.53001201152801525 0.61826965212821972 0.71241438388824474 1.0000000180025095e-35 4.5000000000000009 0.73214286565780651 0.63191848993301403 0.26491229236125952 0.5970856547355653
decision_type=2 2 2 2 2 2 2 2 2 2 2 2 2 2 2 2 2 2 2 2 2 2 2 2 2 2 2 2 2 2
left_child=1 2 3 5 -5 -1 19 -4 10 17 11 -9 -13 -14 -15 16 -10 -7 -19 -2 22 -6 -21 27 -25 -26 -27 28 -24 -8
right_child=6 -3 7 4 21 9 29 8 15 -11 -12 12 13 14 -16 -17 -18 18 -20 20 -22 -23 23 24 25 26 -28 -29 -30 -31
leaf_value=-0.048825335276685519 -0.049834403052418465 0.06479356839785759 0.038867413025093944 0.018253317732684043 0.037608703732649858 -0.050325310301909933 -0.038760095585606835 -0.050323815739637678 -0.00043759361384088997 0.0090590648848657227 0.0541411168193262 0.031035814104622018 -0.052573975046313649 0.016007859400226015 -0.038428663364431279 0.037248752276520997 -0.088474988278743991 0.023380092198722696 -0.053428079055771252 0.071645266719464917 0.050679384162897502 -0.060539753466910956 -0.052132373702786707 -0.025610663941517765 0.037067725611970623 0.014516206836114688 -0.016334352334912872 -0.042029318775719963 0.032246553983954394 0.041082095081027871
leaf_weight=0.80711554647144657 0.074905123541327501 0.27122181881168117 0.23729279358718969 0.51212664968835486 0.033473456804813395 0.34059615791250053 0.041087115778736805 0.36931353868089967 15.634426465537612 0.3515343099369943 0.057110247583636808 0.15742777140883391 0.27065942851527325 0.26579562685219571 0.19763444699492538 0.22519955700408978 0.073349232712644929 0.16607831606449963 0.099713907402474433 0.064694892352805122 0.21717944231659192 0.1705649652707848 0.047403663495970583 0.17191360593278693 0.60591625806773697 1.0192449778260195 0.41944746194531024 0.18751084595714929 0.13392543647569255 0.74404189121014497
leaf_count=41273 194 40 525 1404 134 2068 13 23002 25727 1073 150 216 1073 69 38 112 6 294 8 502 181 398 52 21 178 241 64 79 50 723
internal_value=8.28722e-10 -0.00300636 -0.00392721 -0.0219762 0.000392288 -0.0310522 0.0163258 -0.00136645 -0.00191988 -0.0160771 -0.0213796 -0.0248003 -0.0142272 -0.0239339 -0.00720715 -0.000310218 -0.000848694 -0.030649 -0.00543506 0.0108344 0.0124194 -0.044438 0.00928387 0.00772337 0.0117307 0.0148704 0.0055218 -0.0163583 0.0101879 0.0369038
internal_weight=23.9679 20.2406 19.9694 2.4812 0.716165 1.76504 3.72727 17.4882 17.2509 0.957923 1.31794 1.26083 0.891517 0.73409 0.46343 15.933 15.7078 0.606388 0.265792 2.94214 2.86724 0.204038 2.65006 2.58536 2.21652 2.04461 1.43869 0.36884 0.181329 0.785129
internal_count=99908 97610 97570 46652 1936 44716 2298 50918 50393 3443 24548 24398 1396 1180 107 25845 25733 2370 302 1562 1368 532 1187 685 504 483 305 181 102 736
is_linear=0
shrinkage=0.05


Tree=116
num_leaves=31
num_cat=0
split_feature=10 0 7 0 12 13 7 6 2 13 2 1 4 7 0 2 6 2 7 6 13 5 6 0 1 12 6 0 7 13
split_gain=0.536264 0.40605 0.180542 0.159249 0.202288 0.156049 0.138389 0.502073 0.248229 0.262463 0.205858 0.320931 0.306983 0.256511 0.20599 0.27027 0.18072 0.169147 0.137358 0.136601 0.301722 0.201956 0.182017 0.170094 0.231128 0.164173 0.156218 0.14401 0.136767 0.133264
threshold=1.0000000180025095e-35 0.63453349471092235 0.93369963765144359 0.84877073764801036 8.5000000000000018 103.50000000000001 0.5085725486278535 0.21089696139097217 0.93750000000000011 41.500000000000007 0.6904762089252473 0.97182539105415355 1.0000000180025095e-35 0.99783548712730419 0.92907443642616283 0.61250001192092907 0.80866709351539623 0.087121214717626586 0.61826965212821972 0.76552855968475353 3.5000000000000004 1.0000000180025095e-35 0.50641131401062023 0.84273937344551098 0.88067796826362621 4.5000000000000009 0.846389800310135 0.71010184288024913 0.95101958513259899 10.500000000000002
decision_type=2 2 2 2 2 2 2 2 2 2 2 2 2 2 2 2 2 2 2 2 2 2 2 2 2 2 2 2 2 2
left_child=1 2 -1 18 -5 6 7 -3 9 10 11 14 16 -12 15 17 -13 -8 -2 20 -19 25 -22 24 26 -21 -23 -28 -25 -20
right_child=3 5 -4 4 -6 -7 8 -9 -10 -11 13 12 -14 -15 -16 -17 -18 19 29 21 22 23 -24 28 -26 -27 27 -29 -30 -31
leaf_value=-0.030547707267314619 0.069579929360768566 -0.001656437325381812 0.00060798191898544791 0.037157365278814178 -0.043821320182243384 0.047018772532850001 0.039076575086890525 -0.045371734208016622 0.026201413644596362 0.032693243253681094 -0.0086037375393077566 0.0041543595384008593 0.029710010980448478 -0.05953794004963129 0.02101590127247803 -0.046871304974586823 -0.068717744065844091 0.021840801936502289 0.014546624581235049 0.038246140590872557 0.00040148939529434944 0.020507464274783532 -0.040870275754581048 -0.0015058693006323911 -0.064163635320319365 -0.021868722666685492 0.0010510369844191475 -0.047382982107982433 0.05719902391841869 -0.013074975954100447
leaf_weight=1.7895943921072963 0.092994322062679546 5.0363728140305346 0.62821892294050474 1.184334526046541 0.08249176715617057 0.17045525042885756 0.21508650433008281 0.75531396867339129 0.97909591501911641 0.57584262884904625 2.4371159624315628 0.25261129735008547 1.5503300197078715 0.27508921236585582 0.71190116247726098 0.40539928939119807 0.12828548206016421 0.38046050789688513 1.738193584743158 0.51132683880632623 0.37732837674434427 0.32940767283434957 0.91484483841225028 0.29312581629346834 0.22019887913484126 0.14600296637490828 0.32022059135488234 0.2947282035893295 0.14997542595665436 0.58318007120283244
leaf_count=46440 615 698 216 851 9 36 91 43175 634 508 309 84 239 45 139 69 9 778 556 69 1769 43 2018 50 23 52 32 47 37 267
internal_value=-9.41654e-10 -0.00325076 -0.0224525 0.0175275 0.0318843 -0.000587254 -0.0010574 -0.0073575 0.00212424 -0.000123182 -0.00202939 0.00239241 0.019829 -0.0137698 -0.00399733 -0.00790399 -0.0203889 -0.00409989 0.00999447 -0.00645833 -0.0172954 0.00154457 -0.0288185 -0.0080023 -0.0180343 0.0248937 -0.00727821 -0.0221621 0.0183638 0.00760747
internal_weight=23.5295 19.8483 2.41781 3.68119 1.26683 17.4305 17.2601 5.79169 11.4684 10.4893 9.91344 7.20123 1.93123 2.71221 5.27001 4.55811 0.380897 4.15271 2.41437 3.93762 1.67263 2.26499 1.29217 1.60766 1.16456 0.65733 0.944356 0.614949 0.443101 2.32137
internal_count=99908 97610 46656 2298 860 50954 50918 43873 7045 6411 5903 5549 332 354 5217 5078 93 5009 1438 4918 4565 353 3787 232 145 121 122 79 87 823
is_linear=0
shrinkage=0.05


Tree=117
num_leaves=31
num_cat=0
split_feature=8 8 0 10 2 2 1 6 8 6 8 0 8 0 0 7 13 8 6 0 0 13 13 13 2 13 13 2 0 8
split_gain=0.538766 0.489658 0.441747 0.205318 0.195812 0.276435 0.448345 0.350327 0.240243 0.195974 0.262977 0.267204 0.224864 0.184989 0.184956 0.190593 0.182875 0.172725 0.159803 0.15353 0.144274 0.12424 0.11376 0.143994 0.12103 0.112964 0.203087 0.110605 0.0994992 0.105398
threshold=0.63961037993431102 0.62828946113586437 0.64549729228019725 1.0000000180025095e-35 0.84523808956146251 0.73214286565780651 0.96824595332145702 0.93728145956993114 0.69615384936332714 0.90125367045402538 0.81534090638160717 0.7897985875606538 0.65833333134651195 0.86706829071044933 0.87007671594619762 0.95904389023780834 3.5000000000000004 0.90692642331123363 0.56263527274131786 0.81530213356018078 0.8078865408897401 6.5000000000000009 67.500000000000014 72.500000000000014 0.73214286565780651 88.500000000000014 80.500000000000014 0.44949495792388922 0.86616915464401256 0.34891304373741155
decision_type=2 2 2 2 2 2 2 2 2 2 2 2 2 2 2 2 2 2 2 2 2 2 2 2 2 2 2 2 2 2
left_child=1 2 18 22 5 6 9 8 -8 13 12 -12 -11 19 15 -7 -17 -16 -1 27 -10 -5 -4 -24 -25 26 -26 -2 29 -23
right_child=4 -3 3 21 -6 14 7 -9 20 10 11 -13 -14 -15 17 16 -18 -19 -20 -21 -22 28 23 24 25 -27 -28 -29 -30 -31
leaf_value=-0.039146869481541106 -0.0017722323681644454 -0.065737513944175083 -0.0033882601595397067 0.045082285442878262 0.050756596293215932 0.044718240122266217 -0.014198723046319093 0.078266168367212285 0.017620733077688012 0.055294751817836267 -0.011803768746858085 0.051367031999866544 -0.030728625890045515 0.055729264891804381 -0.012863408347915365 0.037476608436271326 -0.030577915401764778 -0.069221173297569327 -0.011638245641654096 -0.022583823776189574 0.058541675754965911 0.032481838940236853 0.054539924712153943 -0.028084696206608396 0.027566106252797512 0.047353241558523676 -0.058100241114655962 0.030604217515812188 0.036044530231322452 -0.019816299804550103
leaf_weight=1.0214922710307903 0.42080192210141765 0.32352878271740237 12.174960215912046 0.35255253687842081 0.31102278962771368 0.24537368194432907 0.30408015142893396 0.39948069735692104 0.44361914234468713 0.083030213136225717 0.36466336900593888 0.30945095465176564 0.89305028754733939 0.26557537872213277 0.5520536384992738 0.14224454688519472 0.32257029472384602 0.18037286196340574 1.0926744688651409 0.28442491794339719 0.41868373084980703 0.13604270132259444 0.18379181984761395 0.19995866988779198 0.20784419729875481 0.19795674097258598 0.10370170869646245 0.70695916705517448 0.22318521896613674 0.33009752434372786
leaf_count=46266 134 25 46660 294 453 28 42 121 86 2 96 120 219 104 107 28 46 33 3759 38 78 208 180 348 43 15 19 102 174 80
internal_value=-1.9495e-09 -0.00482979 -0.00361523 -0.00042164 0.012023 0.0101218 0.0157919 0.0378549 0.0240142 0.00541089 -0.00682338 0.0171947 -0.0234111 0.0174441 -0.00911325 0.00906801 -0.00975159 -0.0267425 -0.0249295 0.0102442 0.0374895 0.0209392 -0.00212466 0.0150981 0.00488043 0.0178179 -0.000948942 0.0185236 0.00859131 -0.00455312
internal_weight=23.1952 16.5478 16.2243 14.1101 6.64746 6.33643 4.89382 1.56586 1.16638 3.32796 1.65019 0.674114 0.976081 1.67776 1.44262 0.710189 0.464815 0.732427 2.11417 1.41219 0.862303 1.04188 13.0682 0.893253 0.709461 0.509503 0.311546 1.12776 0.689325 0.46614
internal_count=99908 98071 98046 48021 1837 1384 1142 327 206 815 437 216 221 378 242 102 74 140 50025 274 164 756 47265 605 425 77 62 236 462 288
is_linear=0
shrinkage=0.05


Tree=118
num_leaves=31
num_cat=0
split_feature=10 1 8 4 1 0 8 8 0 8 6 1 2 12 6 5 8 13 12 1 0 12 8 0 12 6 7 6 0 0
split_gain=0.400051 0.331649 0.377146 0.181609 0.162979 0.151557 0.142805 0.155754 0.136155 0.115105 0.301345 0.184072 0.200087 0.150887 0.118139 0.137656 0.114332 0.130712 0.113728 0.111132 0.135423 0.170739 0.114801 0.108508 0.108466 0.142491 0.118465 0.103014 0.101589 0.101046
threshold=1.0000000180025095e-35 0.81892696022987377 0.1863425895571709 1.0000000180025095e-35 0.82097071409225475 0.83910790085792553 0.91287881135940563 0.90692642331123363 0.88273492455482494 0.64495798945426952 0.90125367045402538 0.95040982961654674 0.77500000596046459 13.500000000000002 0.76552855968475353 1.0000000180025095e-35 0.75595238804817211 1.5000000000000002 6.5000000000000009 0.92031747102737438 0.78142958879470836 3.5000000000000004 0.62828946113586437 0.74646764993667614 9.5000000000000018 0.80866709351539623 0.93369963765144359 0.68244633078575145 0.74115687608718883 0.43693181872367864
decision_type=2 2 2 2 2 2 2 2 2 2 2 2 2 2 2 2 2 2 2 2 2 2 2 2 2 2 2 2 2 2
left_child=1 2 5 28 -3 -1 7 9 29 13 14 -12 -13 19 15 -11 17 -17 -16 22 21 -21 27 -15 25 26 -23 -6 -4 -2
right_child=8 4 3 -5 6 -7 -8 -9 -10 10 11 12 -14 23 18 16 -18 -19 -20 20 -22 24 -24 -25 -26 -27 -28 -29 -30 -31
leaf_value=-0.050196329555667857 -0.049598440256340012 0.063026426492486146 -0.03081472150259508 0.0034220337509748041 -0.017615308988644825 0.061160142114165372 0.039213422728136264 -0.074572829464497781 0.035303750841143643 -0.025444736255077833 -0.046147131857901341 0.020561698476433563 -0.049905467510172954 -0.042399654585733693 0.046516701120504211 -0.015610424459268574 -0.0076758544709237117 0.047923253692414916 0.012905399556226847 0.047908317535733408 -0.001173006045607358 -0.046234959736176785 -0.076978783887968125 0.050906306406158869 0.02434130118723242 0.044159354801349616 0.050655630242046092 0.00296972333280628 0.035029679478099734 0.012225584598439195
leaf_weight=0.82054585660950374 0.067807506460553557 0.10233385239325699 0.76871137745331464 1.4734490223862622 1.4773453902458813 0.031737078644596295 0.2255689631347203 0.071332188752422421 0.70881806818533721 0.24754861437031772 0.32287180922139658 0.38137293907857384 0.13689548030743026 0.34008554645390709 0.54997720162828023 0.10549371583692846 0.27586690379030188 0.34804073813484138 0.46400233218446374 0.32714267326104962 8.4723126317952602 0.23092227173708579 0.063965524779632577 0.034301891610709845 0.3310181012711837 0.077082129006157629 0.03653942549135536 1.0325290307409885 0.063412260088512085 2.6110771145393414
leaf_count=61656 194 189 4735 1174 11437 185 126 6 736 40 64 52 56 3641 142 16 59 84 56 620 10939 941 3 120 947 14 5 168 135 1368
internal_value=-2.07704e-09 -0.00284827 -0.0176295 -0.00712366 0.000133424 -0.0460497 -0.000280413 -0.000861661 0.0158168 -0.000516996 0.00857945 -0.016513 0.00194849 -0.00259067 0.0191807 0.00677222 0.0177062 0.0331451 0.031136 -0.00161934 0.000883411 0.018259 -0.0108327 -0.0338508 0.00390128 -0.0157363 -0.0329982 -0.0091469 -0.025797 0.0106607
internal_weight=22.2001 18.8124 3.15786 2.30557 15.6545 0.852283 15.5522 15.3266 3.3877 15.2553 2.83207 0.84114 0.518268 12.4232 1.99093 0.97695 0.729401 0.453534 1.01398 12.0489 9.47502 1.0027 2.57384 0.374387 0.675562 0.344544 0.267462 2.50987 0.832124 2.67888
internal_count=99908 97610 67885 6044 29725 61841 29536 29410 2298 29404 569 172 108 28835 397 199 159 100 198 25074 13466 2527 11608 3761 1907 960 946 11605 4870 1562
is_linear=0
shrinkage=0.05


Tree=119
num_leaves=31
num_cat=0
split_feature=10 1 8 4 1 0 8 0 12 0 5 6 12 1 1 0 0 8 8 8 0 2 13 6 8 6 6 0 7 8
split_gain=0.351168 0.297114 0.366496 0.163684 0.151062 0.143605 0.127438 0.126002 0.119409 0.203353 0.154904 0.137285 0.1454 0.12918 0.11597 0.264813 0.118694 0.118347 0.117284 0.11597 0.127759 0.206907 0.116079 0.16627 0.162418 0.115962 0.164325 0.109485 0.110099 0.106536
threshold=1.0000000180025095e-35 0.81892696022987377 0.1863425895571709 1.0000000180025095e-35 0.82097071409225475 0.83910790085792553 0.91287881135940563 0.88273492455482494 4.5000000000000009 0.73942822217941295 1.0000000180025095e-35 0.58847248554229747 1.5000000000000002 0.90259328484535228 0.85912698507308971 0.79772728681564342 0.84273937344551098 0.58957219123840343 0.21980676054954532 0.76330533623695385 0.83438816666603099 0.5634920895099641 1.5000000000000002 0.59384471178054821 0.60769233107566845 0.93728145956993114 0.92012271285057079 0.87298336625099193 0.88478556275367748 0.90692642331123363
decision_type=2 2 2 2 2 2 2 2 2 2 2 2 2 2 2 2 2 2 2 2 2 2 2 2 2 2 2 2 2 2
left_child=1 2 5 -4 -3 -1 8 -2 9 11 -10 12 -6 14 15 -11 17 18 -17 20 21 -15 23 -22 -24 26 29 -16 -29 -12
right_child=7 4 3 -5 6 -7 -8 -9 10 13 25 -13 -14 19 27 16 -18 -19 -20 -21 22 -23 24 -25 -26 -27 -28 28 -30 -31
leaf_value=-0.050186488572419724 0.010038285043991291 0.062349260525797014 -0.024727106505343446 0.0033747888338862258 -0.036888928674760894 0.059806700961719153 0.037632266661768804 0.034197592901320691 -0.028325569248572921 -0.058808727496053863 -0.0020662780407749446 0.04430645997873392 0.034606404467822448 -0.051347856595487212 -0.037391707010837147 -0.05278218300318515 0.050860193978548934 -0.054058220574406304 0.035611736820445085 0.033744632729587748 0.028492960568722598 0.044705409483139433 7.7307238326632636e-05 -0.040242817195539175 0.035489875699445443 0.048618012283894313 -0.06412054098519486 -0.020970664870665064 0.032798531612703991 -0.073891309725510182
leaf_weight=0.77111544179661473 2.628904951369861 0.096978875027558753 0.803942562228258 1.4577472373944147 0.1373972743603521 0.030861668245961482 0.21879068915768662 0.67911187642516768 0.74535234639227965 0.13246176355039363 3.6734406102369817 0.45897223768770345 0.1474075516749167 0.067086025479056732 0.57265504310214488 0.04658716654159889 0.19768037487887113 0.073639190988615155 0.19293906527309446 0.29352038735578379 0.11609941529093237 0.34126820663311719 6.3994191539384815 0.36326304660451569 0.34104309489794093 0.10403014061739657 0.11360310950112751 0.30790903092963617 0.13781567831756547 0.052363794413395115
leaf_count=61656 1562 189 4870 1174 633 185 126 736 5042 787 7786 83 824 135 1786 1066 350 9 26 122 956 538 8537 72 131 23 21 442 38 3
internal_value=-2.44547e-09 -0.00269707 -0.0169122 -0.00661434 0.000143473 -0.0459537 -0.000252507 0.014998 -0.000804509 0.00219985 -0.00742167 0.0273849 0.000115192 0.000245211 -0.0124296 0.00418971 0.0205251 0.00137665 0.0184194 0.00290394 0.00171724 0.0289254 0.00017834 -0.0235953 0.00186906 -0.00347061 -0.00488197 -0.022928 -0.00434552 -0.00307573
internal_weight=21.7034 18.3954 3.06367 2.26169 15.3317 0.801977 15.2347 3.30802 15.016 10.3272 4.68879 0.743777 0.284805 9.58339 1.66169 0.643308 0.510846 0.313165 0.239526 7.9217 7.62818 0.408354 7.21982 0.479362 6.74046 3.94344 3.83941 1.01838 0.445725 3.7258
internal_count=99908 97610 67885 6044 29725 61841 29536 2298 29410 16535 12875 1540 1457 14995 4504 2238 1451 1101 1092 10491 10369 673 9696 1028 8668 7833 7810 2266 480 7789
is_linear=0
shrinkage=0.05


Tree=120
num_leaves=31
num_cat=0
split_feature=8 0 6 12 12 5 13 8 13 2 2 1 10 12 13 0 12 1 1 0 1 0 1 12 2 12 1 0 1 0
split_gain=0.325356 0.335049 0.225354 0.144247 0.158118 0.247716 0.144108 0.147544 0.173083 0.145362 0.137333 0.150786 0.117571 0.159009 0.141262 0.127121 0.243441 0.150844 0.197497 0.116094 0.127777 0.115513 0.144485 0.112328 0.103374 0.0998115 0.0989908 0.0952098 0.0942762 0.150669
threshold=0.8441295623779298 0.64174234867095958 0.56263527274131786 24.500000000000004 2.5000000000000004 1.0000000180025095e-35 5.5000000000000009 0.94281044602394115 1.0000000180025095e-35 0.64583334326744091 0.087121214717626586 0.76123407483100902 1.0000000180025095e-35 8.5000000000000018 6.5000000000000009 0.66987180709838878 4.5000000000000009 0.81892696022987377 0.82097071409225475 0.81302964687347423 0.70647653937339794 0.5912291705608369 0.58885449171066295 12.500000000000002 0.44949495792388922 11.500000000000002 0.77015754580497753 0.61620295047760021 0.6900656819343568 0.69183287024497997
decision_type=2 2 2 2 2 2 2 2 2 2 2 2 2 2 2 2 2 2 2 2 2 2 2 2 2 2 2 2 2 2
left_child=1 2 24 4 5 -4 7 8 -2 -10 -3 19 15 -14 -15 16 -13 -17 -19 20 28 22 23 -6 -1 -16 -18 -26 -12 -30
right_child=6 10 3 -5 21 -7 -8 -9 9 -11 11 12 13 14 25 17 26 18 -20 -21 -22 -23 -24 -25 27 -27 -28 -29 29 -31
leaf_value=-0.048449917839014346 -0.063950997105206561 0.039717724268642007 -0.017247211898047361 0.05117895127189305 -0.054346292342768589 0.059605044948261167 0.046269028120146327 0.039814659852120717 0.034272242286177826 -0.028493431208681377 -0.031758152246154248 0.069000317257779942 0.019933618031413056 0.027270143127476099 -0.058890514560300589 -0.030465449036546268 0.058639463872908221 0.069510893646366617 -0.00061973987016600643 0.059537568513694496 -0.053721005567499008 -0.043741036808552416 0.013921898323336845 -0.0026930553227588108 0.014399131540319382 -0.0006638904169472958 -0.02445789114021564 -0.059486889976184856 -0.057144745300892974 0.048039971353426747
leaf_weight=0.67291167086634773 0.10015579700120614 0.22522107772465716 0.25472039219593501 0.097934276507999019 0.21993614641706905 0.17821235225198961 0.47894502575218212 0.28720900224016077 0.236411125966697 0.15127027932976489 0.20169457465275087 0.18868204662541899 1.5996219268612315 0.14091709974695721 0.16843451719614677 0.42162778908058562 0.044705988643556793 0.10113552053451158 13.596093567304223 0.040499750034541648 0.2727790987098615 0.37724497509344701 0.34727343837019475 0.20184888906817378 0.14382407375416051 0.13071995684413196 0.18070444078733772 0.062569313875656007 0.047144295571655448 0.12253244793873819
leaf_count=43284 10 497 603 127 1284 86 235 329 57 55 6239 519 893 42 28 6763 219 149 23478 139 6957 544 612 647 1469 29 1926 541 1014 1133
internal_value=1.99792e-09 -0.00154611 -0.0184531 -0.00770427 -0.0113558 0.0143882 0.0247071 0.0113828 -0.00535616 0.00978156 0.000926213 0.000419953 0.00136991 0.0126113 -0.0140049 -0.00020781 0.0270978 -0.00100866 -0.00010192 -0.0225747 -0.0277373 -0.0210788 -0.00996231 -0.0296272 -0.0389553 -0.0334475 -0.00797707 -0.00799983 -0.00865183 0.0188146
internal_weight=21.293 20.039 2.55648 1.67717 1.57924 0.432933 1.25399 0.775046 0.487837 0.387681 17.4825 17.2573 16.5726 2.03969 0.440072 14.5329 0.414092 14.1189 13.6972 0.68465 0.64415 1.1463 0.769058 0.421785 0.879305 0.299154 0.22541 0.206393 0.371371 0.169677
internal_count=99908 99222 49197 3903 3776 689 686 451 122 112 50025 49528 34046 992 99 33054 2664 30390 23627 15482 15343 3087 2543 1931 45294 57 2145 2010 8386 2147
is_linear=0
shrinkage=0.05


Tree=121
num_leaves=31
num_cat=0
split_feature=8 0 6 12 7 7 7 6 12 13 2 0 7 12 5 2 13 8 13 10 1 8 10 7 7 7 8 8 1 2
split_gain=0.312313 0.272334 0.231047 0.141142 0.137238 0.440845 0.286655 0.187746 0.155837 0.166955 0.139816 0.142119 0.247144 0.130019 0.223417 0.125862 0.125463 0.12374 0.147535 0.128229 0.122691 0.118795 0.111414 0.119455 0.11111 0.123274 0.104154 0.102597 0.0999187 0.0988435
threshold=0.8441295623779298 0.64174234867095958 0.56263527274131786 24.500000000000004 0.5085725486278535 0.22557927668094638 0.51358735561370861 0.49700556695461279 1.0000000180025095e-35 3.5000000000000004 0.44949495792388922 0.94185259938240062 0.65806129574775707 2.5000000000000004 1.0000000180025095e-35 0.087121214717626586 5.5000000000000009 0.94281044602394115 1.0000000180025095e-35 1.0000000180025095e-35 0.76123407483100902 0.21240601688623431 1.0000000180025095e-35 0.71654227375984203 0.82793453335762035 0.77621760964393627 0.73030304908752453 0.32200460135936743 0.41223156452178961 0.44949495792388922
decision_type=2 2 2 2 2 2 2 2 2 2 2 2 2 2 2 2 2 2 2 2 2 2 2 2 2 2 2 2 2 2
left_child=1 2 29 13 5 -3 -6 24 9 10 -9 -12 -13 14 -4 -10 17 18 -2 -20 -17 -7 23 -22 25 -8 -24 -27 -19 -1
right_child=16 4 3 -5 6 21 7 8 15 -11 11 12 -14 -15 -16 20 -18 28 19 -21 22 -23 26 -25 -26 27 -28 -29 -30 -31
leaf_value=-0.048180214117188196 -0.061703249009175232 -0.00072332941355060271 -0.015977373327346233 0.052281211261741928 0.091238164313606332 -0.05007054929219782 0.018751988993526161 0.049004696633821426 0.039031143405749119 0.027567040857077965 -0.041293825458055565 -0.064495709134648901 0.054055849811334357 -0.018916652840165318 0.058614637581665623 -0.031359954272975124 0.045491484324888476 -0.048191415489899442 -0.014650636259791436 0.044549475995934014 -0.039121626388749164 0.048887391203306832 0.020337496522731278 -0.0033028745730081487 0.035232779673118081 -0.04648398326742606 -0.0068916896696673323 0.019043424238372395 0.04910543492762872 -0.0077443473667808647
leaf_weight=0.63346965190232341 0.088505171210271127 4.9574895713359437 0.25087466650123236 0.097346526312321546 0.092971341433922272 0.59994680438913395 0.73747488450376752 0.09414481154283183 0.18137886490853716 0.98122387271519074 0.27086295855406206 0.066002093362840242 0.13164830741698097 1.0916488828852946 0.16734908298661821 0.36635061204600372 0.45469769873943733 0.029557368601672351 0.219271567364558 0.15693888168607373 0.24201310246957053 0.031942075477672915 0.9639140291390047 6.09353928509654 0.6322547922600279 0.15760657495502528 0.55248805703013204 0.096193884135573171 0.24600139454378223 0.19848539161938561
leaf_count=43284 10 701 603 127 236 41718 2103 48 84 661 81 21 186 3087 86 1548 235 6 55 57 891 17 401 1020 140 50 105 14 323 2010
internal_value=-1.53235e-10 -0.00150638 -0.0171443 -0.0060727 0.000704922 -0.00573659 0.00379273 0.00308988 0.00051592 0.0151161 -0.00659711 -0.0177699 0.0144675 -0.00983497 0.0138701 -0.00216763 0.0248194 0.012122 -0.00361937 0.0100451 -0.00307689 -0.0450682 -0.00175728 -0.00467112 0.0188545 0.00840816 0.0104168 -0.0216482 0.038669 -0.0385331
internal_weight=20.8836 19.6886 2.43917 1.60722 17.2494 5.58938 11.6601 11.5671 9.94357 1.54388 0.562658 0.468513 0.19765 1.50987 0.418224 8.39968 1.19497 0.740274 0.464716 0.37621 8.21831 0.631889 7.85195 6.33555 1.62353 0.991275 1.5164 0.2538 0.275559 0.831955
internal_count=99908 99222 49197 3903 50025 42436 7589 7353 5046 997 336 288 207 3776 689 4049 686 451 122 112 3965 41735 2417 1911 2307 2167 506 64 329 45294
is_linear=0
shrinkage=0.05


Tree=122
num_leaves=31
num_cat=0
split_feature=7 13 7 8 2 7 12 8 13 8 6 0 10 6 8 7 0 2 8 13 0 6 0 13 0 0 13 0 13 8
split_gain=0.357917 0.862374 0.659337 0.241518 0.180464 0.187699 0.180346 0.153337 0.127943 0.207189 0.148516 0.138658 0.142958 0.127482 0.1237 0.156255 0.139313 0.16133 0.170566 0.135846 0.12289 0.127771 0.120858 0.120322 0.119825 0.109952 0.318835 0.146863 0.105843 0.10872
threshold=0.5085725486278535 26.500000000000004 0.51358735561370861 0.8441295623779298 0.93750000000000011 0.62345302104949962 24.500000000000004 0.13423423469066623 41.500000000000007 0.3717105239629746 0.92012271285057079 0.94185259938240062 1.0000000180025095e-35 0.21089696139097217 0.61721614003181469 0.92380261421203624 0.87570226192474376 0.73214286565780651 0.57738095521926891 12.500000000000002 0.68457102775573742 0.80866709351539623 0.91945946216583263 1.5000000000000002 0.70299971103668224 0.96039214730262767 23.500000000000004 0.9634092152118684 5.5000000000000009 0.94281044602394115
decision_type=2 2 2 2 2 2 2 2 2 2 2 2 2 2 2 2 2 2 2 2 2 2 2 2 2 2 2 2 2 2
left_child=1 25 -2 4 6 7 8 -6 9 11 14 12 23 -3 16 -16 17 18 20 -18 21 -11 -12 -4 -10 26 -1 -27 29 -5
right_child=2 13 3 28 5 -7 -8 -9 24 10 22 -13 -14 -15 15 -17 19 -19 -20 -21 -22 -23 -24 -25 -26 27 -28 -29 -30 -31
leaf_value=-0.049032349036064737 0.093028187529030859 0.0006909803964610362 0.0067935149159816331 -0.0019639042491737873 0.027313496958692618 0.038644902086653464 0.0587360626281518 -0.038849617651537993 -0.024933884655505469 -0.034408379888955107 -0.019206496185865708 0.045090489050697499 0.018240776934272396 -0.050062857887419369 0.037137477749580199 0.0066097055453956041 0.0053134412057674685 -0.03205240020395108 -0.053292877533085106 0.052412112690283265 0.010746827754619595 0.0054052056779809281 0.016283956238229515 -0.027557107306859244 0.02966176818716585 -0.10006088909448806 0.041135085167333413 -0.037505382791895005 0.044628278474180355 0.038857734557601886
leaf_weight=0.7636851923826693 0.20622358508270977 4.74399466156774 0.29942413209516372 0.44064590603374998 0.16778012607028436 0.61222656510381057 0.126984258054052 0.18317564398967079 0.12247105665835611 0.39180884344705136 1.3214255422676613 0.090305218592220515 0.24171990692403245 0.1270367114429688 0.4895926158242222 2.9138842602706063 1.0672555145374643 0.55912963362789003 0.15205932555363677 0.17873795283230709 1.3463914377725812 0.41491489192958397 0.29308340789339116 1.7154444719274975 0.56023336728190998 0.19388831414300967 0.11248075697406534 0.18180227809909866 0.43173807988387125 0.2589609731571727
leaf_count=62367 500 661 1206 122 116 715 249 56 503 837 288 42 348 11543 112 573 211 75 53 36 316 196 65 9722 315 96 2092 5929 235 329
internal_value=-4.75637e-10 -0.0101454 0.00425895 0.00298585 0.00109222 0.0219333 -0.000541805 -0.00721926 -0.00116094 -0.00241202 0.000994611 -0.0156622 -0.0180934 -0.000632682 0.00395094 0.0110011 -0.00188689 -0.00795813 -0.00211396 0.0120698 0.00150044 -0.0139314 -0.0127639 -0.0224524 0.0198678 -0.04716 -0.0374568 -0.0697893 0.0251603 0.0131463
internal_weight=20.7085 6.12289 14.5856 14.3794 13.248 0.963182 12.2849 0.350956 12.1579 11.4752 9.12828 2.34689 2.25659 4.87103 7.51377 3.40348 4.1103 2.8643 2.30517 1.24599 2.15312 0.806724 1.61451 2.01487 0.682704 1.25186 0.876166 0.375691 1.13134 0.699607
internal_count=99908 82688 17220 16720 16034 887 15147 172 14898 14080 2762 11318 11276 12204 2409 685 1724 1477 1402 247 1349 1033 353 10928 818 70484 64459 6025 686 451
is_linear=0
shrinkage=0.05


Tree=123
num_leaves=31
num_cat=0
split_feature=8 12 1 7 12 2 10 8 8 1 1 1 0 1 2 8 5 2 0 1 12 13 12 13 0 8 13 1 12 0
split_gain=0.280354 0.226938 0.244765 0.317988 0.131313 0.130434 0.128261 0.126411 0.115498 0.152808 0.110387 0.119113 0.3175 0.212492 0.185015 0.158789 0.107855 0.181051 0.262209 0.103966 0.151762 0.100251 0.0992691 0.0988419 0.0994614 0.0906624 0.202969 0.122422 0.0895435 0.149883
threshold=0.8441295623779298 25.500000000000004 0.81892696022987377 0.82793453335762035 27.500000000000004 0.44949495792388922 1.0000000180025095e-35 0.1863425895571709 0.73030304908752453 0.87298336625099193 0.82097071409225475 0.93405798077583324 0.90521115064620983 0.89039039611816417 0.61250001192092907 0.48913043737411505 1.0000000180025095e-35 0.38750000298023229 0.6291005313396455 0.95713412761688244 5.5000000000000009 6.5000000000000009 9.5000000000000018 5.5000000000000009 0.88273492455482494 0.42582418024539953 32.500000000000007 0.91734972596168529 8.5000000000000018 0.69939759373664867
decision_type=2 2 2 2 2 2 2 2 2 2 2 2 2 2 2 2 2 2 2 2 2 2 2 2 2 2 2 2 2 2
left_child=1 2 3 5 -3 -1 10 -7 21 -10 -4 12 13 22 15 -15 -5 -18 -19 -11 -21 -8 -12 24 -2 26 27 -14 29 -13
right_child=23 4 6 16 -6 7 8 -9 9 19 11 28 25 14 -16 -17 17 18 -20 20 -22 -23 -24 -25 -26 -27 -28 -29 -30 -31
leaf_value=-0.039199089744155598 0.0028566849908070076 0.080738763509472275 0.057100568755162562 -0.016856669698579383 -0.051077373057488711 -0.05066293991311898 0.040529971271316627 0.056794696979158246 0.041569080119737006 -0.046285388066592534 -0.0028221016882308114 0.043155363821789666 0.021327070680534105 -0.033080579305217711 -0.07028033949746991 0.017189258863762161 0.025013211383219935 0.042109852492601629 -0.037712840130645964 0.054802203932159455 -0.022127841497076788 0.010484508984825457 -0.055485411861176531 0.04389953390995846 0.048807963687806155 0.047682745919072164 0.057665988134219359 -0.055443985397071766 -0.010150583934213876 0.0023035095775750486
leaf_weight=1.1445108663911807 0.53680584589937896 0.12389600824141567 0.081353703124020238 0.71774668168211486 0.022292882174383521 0.043906321311339869 0.46817899828590792 0.07266053863304478 0.14355843100929622 0.18807303412177134 1.872941642629314 0.23061720367934313 0.091705622834638123 0.69956629742637211 0.25160203372922751 0.20257806951849489 0.6599824797904148 0.1442754441377474 0.35857805410341825 0.09163151563370775 0.21342604204983218 0.68215644064275693 0.093972034768284973 0.41230286195786903 0.15085361113233375 0.24841228969307849 0.12782348659470699 0.11971913453777461 1.4212790305192591 8.5031729164594463
leaf_count=62777 260 312 187 1053 525 4107 420 85 19 26 7575 594 267 2775 90 39 147 26 56 79 33 393 3067 235 191 55 63 208 3237 11007
internal_value=-5.80969e-10 -0.00141939 -0.00190007 -0.0146418 0.0606376 -0.0340673 0.000644478 0.0163195 0.013256 -0.00382995 -0.000971698 -0.00131248 -0.008982 -0.0153308 -0.0323664 -0.0217924 -0.00161552 0.0077919 -0.0148106 -0.0170464 0.000979984 0.0227128 -0.00533816 0.0245429 0.0129371 0.0247322 0.00792686 -0.0221445 0.00148819 0.00338221
internal_weight=20.1196 19.0196 18.8734 3.14166 0.146189 1.26108 15.7318 0.116567 1.78702 0.636689 13.9447 13.8634 3.70832 3.12066 1.15375 0.902144 1.88058 1.16284 0.502853 0.493131 0.305058 1.15034 1.96691 1.09996 0.687659 0.587661 0.339248 0.211425 10.1551 8.73379
internal_count=99908 99222 98385 68251 837 66969 30134 4192 970 157 29164 28977 14139 13546 2904 2814 1282 229 82 138 112 813 10642 686 451 593 538 475 14838 11601
is_linear=0
shrinkage=0.05


Tree=124
num_leaves=31
num_cat=0
split_feature=8 1 0 12 8 6 1 6 8 2 7 6 12 0 2 12 0 12 1 8 12 6 6 6 12 5 13 13 7 1
split_gain=0.26097 0.193777 0.351402 0.36792 0.31923 0.263045 0.275957 0.208872 0.19068 0.186561 0.128649 0.198121 0.138175 0.200456 0.125496 0.237915 0.18499 0.170713 0.117217 0.115429 0.130215 0.108351 0.146732 0.133443 0.128981 0.132943 0.120425 0.105925 0.17233 0.103132
threshold=0.8441295623779298 0.97182539105415355 0.90521115064620983 2.5000000000000004 0.1863425895571709 0.93728145956993114 0.93063354492187511 1.0000000180025095e-35 0.48913043737411505 0.44949495792388922 0.92380261421203624 0.76552855968475353 1.0000000180025095e-35 0.84273937344551098 0.6904762089252473 8.5000000000000018 0.8263767957687379 10.500000000000002 0.90645834803581249 0.69615384936332714 13.500000000000002 0.56727004051208507 0.68244633078575145 0.78696113824844371 2.5000000000000004 1.0000000180025095e-35 5.5000000000000009 3.5000000000000004 0.88478556275367748 0.73942822217941295
decision_type=2 2 2 2 2 2 2 2 2 2 2 2 2 2 2 2 2 2 2 2 2 2 2 2 2 2 2 2 2 2
left_child=1 2 4 9 7 8 -7 18 21 -4 11 -10 -12 -14 19 16 -16 -17 -1 20 -3 -6 -23 24 25 26 -24 -19 -29 -13
right_child=-2 14 3 -5 5 6 -8 -9 10 -11 12 29 13 -15 15 17 -18 27 -20 -21 -22 22 23 -25 -26 -27 -28 28 -30 -31
leaf_value=0.0018383877290925011 0.024119363275823796 0.012530013688540398 0.042885060603512902 0.057824428362995312 0.0015131806373602503 -0.015147607450099576 -0.090095939729100405 -0.050158249301275576 -0.017235571528510751 -0.0089895551381708842 0.03114610518537585 0.0022596087319085964 -0.016471912033118201 0.032781517493257376 0.033642662472155548 -0.045145306547624775 0.000836084539624361 0.053769222849978093 -0.053256904665856322 0.031944769452955171 -0.023660235935344442 -0.04259350908245612 0.042458342369112057 -0.02778939482285242 -0.021779263435555977 0.060680586870295199 -0.048812212713076376 0.047434165849656172 -0.049317488569934398 0.042549370781064494
leaf_weight=0.44053999620610163 1.0610865196085786 1.6183419171965172 0.21371118181258431 0.37747512532234839 0.81323407655105517 0.39240930100186222 0.17876806226558983 0.7813649339582156 0.27581700533937714 0.91706793172909329 0.26007508013935865 0.21656069686287083 1.2505641783845929 0.24745655311198778 0.4614151184611045 0.46729217508396903 6.2515892613273536 0.077938357745210851 0.12363110834849067 0.61044099758601067 0.2936541183833582 0.52323883098728163 0.068572650542250591 0.53041434729425418 0.21425885686250012 0.15775683246465633 0.076414262961748136 0.07142892228648634 0.12940187493222766 0.5958601411912241
leaf_count=209 686 2647 502 213 2669 109 7 75935 138 725 46 170 375 52 918 223 8501 29 19 116 1755 2587 71 242 646 32 76 102 24 84
internal_value=-9.9212e-10 -0.00137325 -0.0068484 0.0150825 -0.0114766 -0.00638746 -0.0386051 -0.0334188 -0.00286907 0.000814469 0.00586793 0.019379 -0.00249523 -0.00833579 0.00337439 0.000114106 0.00309103 -0.026672 -0.0102351 0.0130153 0.00697173 -0.0133009 -0.0209712 -0.0101698 0.00790694 0.0289166 -0.00564512 0.00429417 -0.0149061 0.0318096
internal_weight=19.6978 18.6367 8.65519 1.50825 7.14694 5.8014 0.571177 1.34554 5.23022 1.13078 2.84633 1.08824 1.7581 1.49802 9.9815 7.45907 6.713 0.746061 0.564171 2.52244 1.912 2.38389 1.57066 1.04742 0.517003 0.302744 0.144987 0.278769 0.200831 0.812421
internal_count=99908 99222 84907 1440 83467 7304 116 76163 7188 1227 865 392 473 427 14315 9797 9419 378 228 4518 4402 6323 3654 1067 825 179 147 155 126 254
is_linear=0
shrinkage=0.05


Tree=125
num_leaves=31
num_cat=0
split_feature=8 1 0 1 8 6 6 8 12 0 2 1 0 4 13 6 1 8 13 2 6 1 8 8 0 13 0 4 12 2
split_gain=0.236658 0.193334 0.294652 0.402542 0.287789 0.257745 0.123006 0.149772 0.105681 0.250812 0.286516 0.250604 0.165003 0.154958 0.147949 0.132936 0.108349 0.102063 0.155533 0.102029 0.0990372 0.0954848 0.094736 0.108143 0.123804 0.0941575 0.0951025 0.093068 0.0928783 0.177645
threshold=0.8441295623779298 0.93405798077583324 0.90521115064620983 0.92907443642616283 0.1863425895571709 1.0000000180025095e-35 0.93728145956993114 0.48913043737411505 2.5000000000000004 0.70438539981842052 0.31666667759418493 0.81892696022987377 0.85857143998146068 1.0000000180025095e-35 6.5000000000000009 0.45476087927818304 0.78629976511001598 0.42582418024539953 32.500000000000007 0.38750000298023229 0.65795168280601513 0.91734972596168529 0.44222222268581396 0.67543861269950878 0.6776927411556245 5.5000000000000009 0.88273492455482494 1.0000000180025095e-35 8.5000000000000018 0.6904762089252473
decision_type=2 2 2 2 2 2 2 2 2 2 2 2 2 2 2 2 2 2 2 2 2 2 2 2 2 2 2 2 2 2
left_child=1 2 3 4 5 -1 7 -5 9 10 -6 15 20 -12 -15 -11 -17 18 21 -14 -13 -4 -10 -24 -25 26 -2 -26 -3 -30
right_child=25 28 17 6 8 -7 -8 -9 22 11 13 12 19 14 -16 16 -18 -19 -20 -21 -22 -23 23 24 27 -27 -28 -29 29 -31
leaf_value=-0.0027032116199340941 0.0018310958406718544 0.0048663314189759665 0.018737371844996964 -0.063802910431674006 -0.039906163021996732 -0.050098280591179878 -0.096620220892026945 0.063300845245472734 -0.022098247336443444 0.053038551331679777 0.0038313782182122602 -0.0072531637029292443 0.024936745351490416 0.01348190847573013 0.07513224990769618 -0.011779219558197359 -0.06658509902217051 0.048053015892246705 0.054224736781671071 -0.035453842812871721 0.029166887498749197 -0.05012465649203901 0.0066112366051370511 -0.045523873424111252 0.029942443879987027 0.042932111272916747 0.048570743540319594 -0.017692387083091489 0.0053295254120809604 -0.027258975790840963
leaf_weight=0.49225940643919297 0.51501982058425599 9.3118386660271977 0.091014790362294096 0.086845080615091663 0.13078623833496328 0.68746734213547711 0.16550937294960022 0.031613655461114831 0.9885021022414836 0.03585389499608016 0.19638191794177828 0.27609240435185689 0.090643013462795352 0.13853015968550153 0.32709497154019118 0.13840230023913591 0.25882767663824779 0.28119642046067383 0.11096778094906767 0.30621703498400166 0.57627400206183665 0.11264257474590522 1.1479272225875545 0.26201195750400064 0.14951796501190984 0.3830840506734603 0.13799367829051334 0.32635118631151272 1.0449508449972889 0.69719028396610827
leaf_count=221 260 12233 318 228 722 75082 1 5 4778 22 299 61 20 41 59 240 45 104 67 73 96 213 610 88 26 235 191 65 3127 378
internal_value=-2.15035e-09 -0.00130489 -0.00755454 -0.0105033 -0.00796865 -0.0303219 -0.0687801 -0.0298821 -0.00303899 0.00453432 0.02772 -0.00639201 0.00497055 0.0410803 0.0567904 -0.0391672 -0.0474897 0.0261634 0.00659962 -0.0216606 0.01737 -0.0193501 -0.00956046 -0.00298842 -0.0179227 0.0232527 0.011708 -0.00272554 0.00288393 -0.00771212
internal_weight=19.499 18.4629 7.40893 6.81311 6.52914 1.17973 0.283968 0.118459 5.34941 2.4751 0.792793 1.68231 1.24923 0.662007 0.465625 0.433084 0.39723 0.595822 0.314625 0.39686 0.852366 0.203657 2.87431 1.88581 0.737881 1.0361 0.653013 0.475869 11.054 1.74214
internal_count=99908 99222 83484 82782 82548 75303 234 233 7245 1678 1121 557 250 399 100 307 285 702 598 93 157 531 5567 789 179 686 451 91 15738 3505
is_linear=0
shrinkage=0.05


Tree=126
num_leaves=31
num_cat=0
split_feature=10 2 7 0 0 8 13 7 7 7 13 13 12 7 7 8 0 12 0 13 12 0 0 1 12 2 7 0 7 13
split_gain=0.270158 0.17056 0.322456 0.183282 0.15068 0.149457 0.141334 0.227941 0.148654 0.312531 0.134568 0.126329 0.121385 0.115938 0.110564 0.112714 0.108397 0.130406 0.127603 0.184972 0.17665 0.139969 0.28243 0.253797 0.173145 0.128197 0.105687 0.104076 0.133627 0.112409
threshold=1.0000000180025095e-35 0.44949495792388922 0.82793453335762035 0.91945946216583263 0.86706829071044933 0.91287881135940563 4.5000000000000009 0.93369963765144359 0.61826965212821972 0.80101522803306591 3.5000000000000004 70.500000000000014 5.5000000000000009 0.89753684401512157 0.96794739365577709 0.82085561752319347 0.72255688905715953 5.5000000000000009 0.87298336625099193 32.500000000000007 3.5000000000000004 0.97467949986457836 0.98529094457626354 0.97332859039306652 2.5000000000000004 0.64583334326744091 0.82793453335762035 0.43693181872367864 0.99783548712730419 9.5000000000000018
decision_type=2 2 2 2 2 2 2 2 2 2 2 2 2 2 2 2 2 2 2 2 2 2 2 2 2 2 2 2 2 2
left_child=1 2 3 11 13 6 8 16 -3 -10 -11 -1 -12 -4 -9 -16 17 -8 19 -18 21 23 -23 24 25 -20 -21 -2 29 -29
right_child=27 5 4 -5 -6 -7 7 14 9 10 12 -13 -14 -15 15 -17 18 -19 20 26 -22 22 -24 -25 -26 -27 -28 28 -30 -31
leaf_value=-0.03980438820256374 -0.051066446966250179 -0.049465172244505189 0.017860917932219233 0.032361624064575295 0.042982929753278144 0.051700650135984551 0.039760603652793963 0.037895801733041759 0.03832147020362292 -0.0068770770206902868 -0.0078653323384348002 0.042727359845488283 -0.060483727984359914 -0.012364424423067157 -0.0093191737899220219 0.038601428519958084 -0.026495014829337811 -0.004466115212971313 0.0047269828889491619 -0.0024879636835482095 0.022951040043572599 0.05454031634987843 -0.0012967033765888909 -0.046404167865144542 0.068139387794561482 -0.065024839196759568 0.04883761310732692 0.018509421753089735 0.044454536994864596 -0.0060515390992045923
leaf_weight=1.2023499387779204 0.059095277207574681 0.20786181093160161 0.43897363515463883 0.10432019235645373 0.191412309757652 0.13863966645203696 0.35693137428665789 0.62689493766765714 0.35939147237638769 2.9840510382964571 0.20178395027778595 0.048226007744517463 0.23993155573771219 1.1443155183023916 0.35810594998019951 0.18667431989706529 1.0739865404048599 0.31268680567390561 0.35495642080675782 0.52575219245380811 0.83915192916293779 0.24378207438428523 3.1886572464416076 0.44904685998983496 0.089485912415113944 0.080882862936050515 0.12394347286317497 1.658246156619186 0.35769722120585346 0.64785917529144388
leaf_count=69270 194 5883 572 394 64 116 2123 142 119 503 59 303 28 567 116 86 6384 2144 676 2174 574 404 3994 732 111 59 13 1005 483 616
internal_value=-1.73485e-10 -0.00246737 -0.012942 -0.0313103 0.00108138 6.54442e-05 -0.000493655 0.00304274 -0.00829701 -0.00603626 -0.0106898 -0.0366217 -0.0364467 -0.00398432 0.0235776 0.00710129 -0.000106811 0.0191084 -0.00195294 -0.0137556 0.00192509 -0.0020787 0.00266901 -0.0188035 0.0047894 -0.00821753 0.0073035 0.0145639 0.0160199 0.0116095
internal_weight=18.7951 16.0722 3.1296 1.3549 1.7747 12.9426 12.804 8.81094 3.99302 3.78516 3.42577 1.25058 0.441716 1.58329 1.17168 0.54478 7.63926 0.669618 6.96965 1.72368 5.24596 4.40681 3.43244 0.974372 0.525325 0.435839 0.649696 2.7229 2.6638 2.30611
internal_count=99908 97610 71170 69967 1203 26440 26324 19732 6592 709 590 69573 87 1139 344 202 19388 4267 15121 8571 6550 5976 4398 1578 846 735 2187 2298 2104 1621
is_linear=0
shrinkage=0.05


Tree=127
num_leaves=31
num_cat=0
split_feature=10 2 7 0 8 0 13 7 7 7 13 12 6 12 7 8 0 7 13 0 8 13 8 7 2 13 6 12 0 0
split_gain=0.250393 0.170732 0.297117 0.162957 0.140037 0.134607 0.120056 0.201497 0.138891 0.264336 0.114836 0.111484 0.11122 0.09894 0.0981835 0.10046 0.0979303 0.125256 0.101594 0.0967766 0.0940918 0.0928823 0.0885484 0.247777 0.0910593 0.109796 0.11494 0.164196 0.110316 0.116564
threshold=1.0000000180025095e-35 0.44949495792388922 0.82793453335762035 0.91945946216583263 0.91287881135940563 0.87298336625099193 4.5000000000000009 0.93369963765144359 0.61826965212821972 0.80101522803306591 3.5000000000000004 5.5000000000000009 0.80866709351539623 25.500000000000004 0.96794739365577709 0.82085561752319347 0.43693181872367864 0.99783548712730419 8.5000000000000018 0.88273492455482494 0.74342104792594921 7.5000000000000009 0.054804805666208274 0.22557927668094638 0.81666666269302379 41.500000000000007 0.45910002291202551 4.5000000000000009 0.87895438075065624 0.66987180709838878
decision_type=2 2 2 2 2 2 2 2 2 2 2 2 2 2 2 2 2 2 2 2 2 2 2 2 2 2 2 2 2 2
left_child=1 2 3 13 6 -4 8 12 -3 -10 -11 -12 22 -1 -9 20 -2 18 19 -18 -16 -14 23 -8 25 26 -24 28 29 -28
right_child=16 4 5 -5 -6 -7 7 14 9 10 11 -13 21 -15 15 -17 17 -19 -20 -21 -22 -23 24 -25 -26 -27 27 -29 -30 -31
leaf_value=-0.039216715357631438 -0.051718630686833328 -0.048792537050608785 -0.0037923270622004807 0.030071892447186929 0.051608036807466076 0.04610001741919291 0.00052572739797199534 0.036460659271982193 0.036374015741214037 -0.0063040026867187378 -0.0072465016015183297 -0.05897185988705278 -0.0012319977817540951 0.035264322944496669 0.024763339219292951 0.037362529419781743 0.014390324570253599 0.043715152605859814 -0.0017349047647044133 0.052074532790613907 -0.028634064498591901 -0.040421078828915442 -0.040872481922785961 -0.051456734687632004 0.029276356796927378 0.02889932233514721 0.057671040501043394 -0.01886127970105857 0.041165138529303674 -0.011915906821823134
leaf_weight=1.1487329293278663 0.055235073001028367 0.1953359116479424 1.5862920844466541 0.10015173622588225 0.13082478619753679 0.14778291170114233 4.4197595573637596 0.59863392333136267 0.34144602286096448 2.9128864506051291 0.198879847864191 0.21874663153721485 0.30539602817589173 0.046388840203917314 0.13205500255480729 0.17958761950012558 1.1665408632830754 0.34306902331445588 0.90102712195201196 0.19950662441715383 0.21984393593083951 0.29944994906236388 0.16629824236406454 0.24177834196866843 0.47918494929990618 0.36677659098461379 0.074271570720440883 0.48522433782011376 0.31137655073047199 0.31717606877370486
leaf_count=68780 194 5883 1146 394 116 57 522 142 119 503 59 28 72 793 57 86 545 483 722 354 59 47 1716 14632 856 505 68 495 89 386
internal_value=1.2603e-09 -0.00241634 -0.0130737 -0.0311918 0.00014699 0.000459644 -0.000393152 0.00289814 -0.00770955 -0.00552407 -0.00981949 -0.0343395 -7.99182e-05 -0.0363257 0.0225742 0.00693328 0.0141644 0.0155586 0.0112978 0.019894 -0.00859594 -0.0206339 0.00173184 -0.00217043 0.00999912 0.00463207 -0.00193986 0.00350978 0.0189546 0.00128722
internal_weight=18.2897 15.6243 3.02935 1.29527 12.5949 1.73407 12.4641 8.59681 3.86729 3.67196 3.33051 0.417626 7.46669 1.19512 1.13012 0.531487 2.66538 2.61014 2.26707 1.36605 0.351899 0.604846 6.86185 4.66154 2.20031 1.72112 1.35435 1.18805 0.702824 0.391448
internal_count=99908 97610 71170 69967 26440 1203 26324 19732 6592 709 590 87 19388 69573 344 202 2298 2104 1621 899 116 119 19269 15154 4115 3259 2754 1038 543 454
is_linear=0
shrinkage=0.05


Tree=128
num_leaves=31
num_cat=0
split_feature=7 0 2 2 1 1 0 1 8 13 12 0 1 2 12 7 6 0 12 13 6 6 12 0 7 6 8 0 10 13
split_gain=0.231705 0.158343 0.184499 0.153472 0.141543 0.135818 0.229174 0.252 0.180917 0.253874 0.180672 0.133244 0.124571 0.120438 0.11567 0.128966 0.140613 0.11611 0.13972 0.104376 0.114801 0.151551 0.10154 0.215494 0.0987002 0.0947376 0.0908826 0.0894371 0.087787 0.1845
threshold=0.99783548712730419 0.55217784643173229 0.44949495792388922 0.080128207802772536 0.55625879764556896 0.94570022821426403 0.90521115064620983 0.92403846979141246 0.48913043737411505 1.0000000180025095e-35 1.5000000000000002 0.5912291705608369 0.94494947791099559 0.44949495792388922 1.0000000180025095e-35 0.92380261421203624 0.76552855968475353 0.84273937344551098 3.5000000000000004 35.500000000000007 0.68244633078575145 0.78696113824844371 3.5000000000000004 0.73046398162841808 0.92380261421203624 0.52839964628219616 0.67543861269950878 0.8521554470062257 1.0000000180025095e-35 6.5000000000000009
decision_type=2 2 2 2 2 2 2 2 2 2 2 2 2 2 2 2 2 2 2 2 2 2 2 2 2 2 2 2 2 2
left_child=1 2 -1 -3 -2 6 7 8 19 -10 13 -11 -12 -8 -13 16 -16 22 -19 20 24 -22 23 -17 -5 27 -24 -21 -7 -30
right_child=4 3 -4 5 -6 28 10 -9 9 11 12 14 -14 -15 15 17 -18 18 -20 25 21 -23 26 -25 -26 -27 -28 -29 29 -31
leaf_value=-0.035403561314269007 -0.033311103887314612 0.036103345204601317 0.024387015563104346 -0.036088085398963625 0.030226819131869351 0.0012282130471618132 0.051382728868611928 -0.049968629693369251 -0.042544477647258466 0.05915808582978363 0.055317751843076558 0.037086094142497826 -0.059056485507052836 -0.010458315807895987 -0.019520875643912364 0.03599103169125796 0.034675007033547332 -0.018106157009413412 0.056579426452898735 0.014191927257438078 0.017151814636161691 -0.02907121400718729 0.0028393356030285664 -0.026040973006141457 0.055380604060562735 -0.061506615419722035 -0.048197845079142015 -0.041262760470644554 0.047110443154419784 0.0007362804853129184
leaf_weight=0.63075004966061143 0.097489588690222173 0.28461672829283458 0.16220321024471218 1.067749225865666 0.86866302990665645 8.6584411006033388 0.094255948824922942 0.37769774680822354 0.28644494103537033 0.11800270924231915 0.30168649211231013 0.2423008563655461 0.025846356060355902 0.47801799372354026 0.16579187177649135 0.22566096669470403 0.43033710892996169 0.11687742843059812 0.13489868351825862 0.49768100264931536 0.32843742480719118 0.3854326160681012 0.12015236451588862 0.36884503964392934 0.030330370891533565 0.056892879438237287 0.31830274203821318 0.085147312692555488 0.33450973206936474 0.5977240165789226
leaf_count=24873 39 1354 558 50313 804 12886 313 810 64 39 249 48 2 315 54 38 82 24 23 5249 359 117 48 43 11 249 68 258 352 266
internal_value=1.20205e-09 -0.00135949 -0.0231731 -0.00028727 0.0238155 -0.000940837 -0.00667168 -0.0105935 -0.00760678 0.00177967 0.016677 0.00744476 0.0462922 -0.000272833 0.0045706 0.000381826 0.0196024 -0.00853667 0.0219095 -0.017284 -0.023414 -0.00780492 -0.0159577 -0.00249503 -0.0335616 7.87077e-05 -0.0342118 0.00609037 0.00279786 0.0173765
internal_weight=17.8912 16.925 0.792953 16.1321 0.966153 15.8475 6.25679 5.35698 4.97929 2.52761 0.899807 2.24117 0.327533 0.572274 2.12317 1.88087 0.596129 1.28474 0.251776 2.45167 1.81195 0.71387 1.03296 0.594506 1.09808 0.639721 0.438455 0.582828 9.59067 0.932234
internal_count=99908 99065 25431 73634 843 72280 58776 57897 57087 531 879 467 251 628 428 380 136 244 47 56556 50800 476 197 81 50324 5756 116 5507 13504 618
is_linear=0
shrinkage=0.05


Tree=129
num_leaves=31
num_cat=0
split_feature=10 12 7 6 2 0 0 13 7 0 0 6 12 0 13 13 8 0 0 8 8 0 4 8 12 5 0 12 2 8
split_gain=0.245952 0.164032 0.196943 0.140145 0.130141 0.156803 0.130641 0.125818 0.0894131 0.153424 0.143247 0.111384 0.111117 0.2511 0.127685 0.125065 0.104284 0.102645 0.266778 0.0947961 0.150649 0.09845 0.0933464 0.145108 0.119448 0.084378 0.0897343 0.103059 0.119841 0.107556
threshold=1.0000000180025095e-35 4.5000000000000009 0.84243628382682811 0.46885776519775396 0.31666667759418493 0.79772728681564342 0.70438539981842052 12.500000000000002 0.94360822439193737 0.86616915464401256 0.77232852578163158 0.90125367045402538 3.5000000000000004 0.90521115064620983 12.500000000000002 29.500000000000004 0.81534090638160717 0.97467949986457836 0.98529094457626354 0.32200460135936743 0.42582418024539953 0.73546314239501964 1.0000000180025095e-35 0.48913043737411505 1.0000000180025095e-35 1.0000000180025095e-35 0.90070420503616344 7.5000000000000009 0.77500000596046459 0.76696833968162548
decision_type=2 2 2 2 2 2 2 2 2 2 2 2 2 2 2 2 2 2 2 2 2 2 2 2 2 2 2 2 2 2
left_child=1 4 7 -4 5 -1 -6 -3 12 10 -10 -11 17 19 -15 -16 -13 22 -19 21 -21 -14 23 24 -8 -5 27 -27 29 -29
right_child=-2 2 3 25 6 -7 8 -9 9 11 -12 16 13 14 15 -17 -18 18 -20 20 -22 -23 -24 -25 -26 26 -28 28 -30 -31
leaf_value=-0.04553227093602881 0.014499166916541656 -0.035359640905227412 0.037808467791623883 -0.02001576981054657 0.020612223085826751 0.013223403101137531 0.039445029115964148 -0.0093654489299218498 0.035566185785986575 0.049514703087052921 -0.023511152405349709 -0.026457239065232858 0.041668444505181784 0.0069345759180724125 0.092157778871491236 0.029631556959924157 0.051968176040501891 0.051773399674340907 -0.0017644319776252003 0.05501200575771982 -0.015763575236345362 -0.044706647663402363 -0.014197903799586704 0.056837310116681451 -0.02863119258786569 -0.018333557005138709 0.037518418086199386 0.021209478395938456 -0.024374216817159667 -0.019053484624771515
leaf_weight=0.30885804062806954 2.5048623928638127 0.95727283196093427 0.20523442996955088 0.70237527597612404 0.90427235202670786 0.17957148683954927 0.093319084149483422 0.90617313115367892 0.14665840150155396 0.35110820104682716 0.34162100770845427 0.11871898427853012 0.038850822217326941 0.19561771387748195 0.14699345361066207 0.1754074892846802 0.065927387352530786 0.25049874631037061 3.2721348077004677 0.11501167272217572 0.21713112709403504 0.21867558782436447 2.5451829735352902 0.12322593810677063 0.20818706834185718 0.69833347149506231 0.1479673401772742 0.82986189307575819 0.26748038763253124 0.20730257155446452
leaf_count=12072 2298 36362 42 600 7017 722 547 19826 49 227 63 44 416 122 67 46 50 541 5862 19 44 1672 8795 14 1994 127 18 150 52 50
internal_value=3.68154e-09 -0.00243111 -0.00990542 -0.00209868 0.00124151 -0.0239307 0.00253182 -0.022719 0.000636057 0.0145057 -0.00576683 0.0329818 -0.0012327 0.0134041 0.0388031 0.0581394 0.0015443 -0.00372987 0.00204271 -0.00890862 0.00874401 -0.031676 -0.0105768 0.0111227 -0.00756094 -0.00496914 -5.57705e-05 -0.00283151 0.00546622 0.0131619
internal_weight=17.4438 14.939 4.922 3.05856 10.017 0.48843 9.52854 1.86345 8.62427 1.02403 0.488279 0.535755 7.60024 1.10769 0.518019 0.322401 0.184646 6.49255 3.52263 0.589669 0.332143 0.257526 2.96992 0.424732 0.301506 2.85332 2.15095 2.00298 1.30464 1.03716
internal_count=99908 97610 57227 1039 40383 12794 27589 56188 20572 433 112 321 20139 2386 235 113 94 17753 6403 2151 63 2088 11350 2555 2541 997 397 379 252 200
is_linear=0
shrinkage=0.05


Tree=130
num_leaves=31
num_cat=0
split_feature=10 2 7 0 8 0 2 7 6 8 12 4 1 2 1 7 0 8 0 0 0 1 8 8 12 7 6 7 4 1
split_gain=0.226712 0.151036 0.262508 0.146459 0.121761 0.101786 0.0916229 0.131931 0.0853454 0.165737 0.130381 0.0965952 0.0950067 0.0887007 0.0884432 0.155829 0.0876827 0.143394 0.084668 0.0836975 0.0827409 0.0789838 0.0784456 0.150888 0.088267 0.078337 0.0999947 0.07804 0.0829873 0.0778597
threshold=1.0000000180025095e-35 0.44949495792388922 0.77621760964393627 0.87298336625099193 0.91287881135940563 0.90070420503616344 0.38750000298023229 0.95101958513259899 0.86501669883728038 0.64495798945426952 4.5000000000000009 1.0000000180025095e-35 0.97332859039306652 0.77500000596046459 0.83047896623611461 0.68824186921119701 0.7320508360862733 0.56385868787765514 0.88273492455482494 0.92907443642616283 0.87007671594619762 0.90645834803581249 0.58578431606292736 0.54006412625312816 5.5000000000000009 0.56425988674163829 0.71241438388824474 0.5970856547355653 1.0000000180025095e-35 0.95040982961654674
decision_type=2 2 2 2 2 2 2 2 2 2 2 2 2 2 2 2 2 2 2 2 2 2 2 2 2 2 2 2 2 2
left_child=1 2 5 6 8 -1 21 -8 9 14 -11 -10 19 16 15 -3 -14 -18 25 -13 -12 -4 23 24 29 -2 -27 -20 -29 -16
right_child=18 4 3 -5 -6 -7 7 -9 11 10 20 12 13 -15 22 -17 17 -19 27 -21 -22 -23 -24 -25 -26 26 -28 28 -30 -31
leaf_value=-0.03833859188658232 0.081326812031659979 -0.050653375899995572 -0.0021735569046867249 0.046477696306319753 0.051444557315451382 0.015380479765012287 0.00076738110188803981 -0.05872207424433943 -0.043475910177754339 0.034841264708255854 0.012754974964109484 -0.029549241246864484 -0.023787861353073557 -0.016670185623394725 -0.010092845668806964 0.043817394688551933 -0.015297885456916328 0.045717386339279534 -0.044632307862133701 0.0065864832675024305 -0.030643847544328574 0.052646773506829461 -0.031541285546333446 0.04139378170201756 -0.013614439518963233 -0.01932614414771117 0.012728985292347159 -0.017163342865003529 0.046552780230576102 0.0031214616476451162
leaf_weight=0.91482812902450239 0.037215028237198911 0.053625953269029192 1.197627269794509 0.14720761914122693 0.11435815947425076 0.09758700720425395 0.19731037084784464 0.1766258385614492 0.19609796590157258 0.61807592133163669 0.44050218419943121 0.5495847069832962 0.10647774336393923 0.30197435393074556 1.4276086617292341 0.23466652131719457 0.13995188783155754 0.30867280941674835 0.03039739606583669 0.22619470125300722 0.14630175102502108 0.069518380252702516 0.2177348172990613 0.20338329966943991 1.3996530735679753 0.2843310510025957 1.6854465967437589 0.058854484470430179 0.38805385217460753 5.0859984264997138
leaf_count=68808 533 5049 1697 65 116 481 75 28 41 215 91 107 14 132 5599 73 23 54 13 30 18 16 61 66 5434 290 739 41 682 9317
internal_value=-1.98725e-10 -0.00238023 -0.0128161 -0.0012983 0.000102822 -0.0331606 -0.00558389 -0.027332 -0.000400875 0.0014448 0.0188151 -0.0103183 -0.00633619 0.00513828 -0.000982418 0.0262447 0.017002 0.0266832 0.0139612 -0.0190131 0.0019348 0.000834006 -0.00192422 -0.00112972 -0.00222265 0.00945972 0.00810193 0.0328891 0.0381618 0.000225239
internal_weight=17.0559 14.5716 2.8007 1.78829 11.7709 1.01242 1.64108 0.373936 11.6565 9.82755 1.20488 1.82895 1.63286 0.857077 8.62267 0.288292 0.555102 0.448625 2.4843 0.775779 0.586804 1.26715 8.33438 8.11664 7.91326 2.00699 1.96978 0.477306 0.446908 6.51361
internal_count=99908 97610 71170 1881 26440 69289 1816 103 26324 25923 324 401 360 223 25599 5122 91 77 2298 137 109 1713 20477 20416 20350 1562 1029 736 723 14916
is_linear=0
shrinkage=0.05


Tree=131
num_leaves=31
num_cat=0
split_feature=10 2 0 1 13 2 8 7 0 8 2 0 4 1 13 13 6 8 1 7 0 7 6 1 8 12 4 7 4 1
split_gain=0.227052 0.187086 0.244484 0.153058 0.15806 0.138128 0.251885 0.113113 0.101743 0.0992792 0.0922502 0.0954331 0.138094 0.0994286 0.0932893 0.104801 0.0924878 0.109018 0.110472 0.089791 0.0882092 0.0911768 0.0843081 0.0835899 0.0788008 0.0739421 0.0949631 0.0731373 0.076457 0.0690049
threshold=1.0000000180025095e-35 0.44949495792388922 0.73546314239501964 0.81754159927368175 35.500000000000007 0.38750000298023229 0.44222222268581396 0.56765475869178783 0.88273492455482494 0.91287881135940563 0.10555555671453477 0.91024166345596325 1.0000000180025095e-35 0.90521115064620983 5.5000000000000009 46.500000000000007 0.60041153430938732 0.42582418024539953 0.76253134012222301 0.56106334924697887 0.56440424919128429 0.96794739365577709 0.71241438388824474 0.80810147523880016 0.78019323945045482 12.500000000000002 1.0000000180025095e-35 0.5970856547355653 1.0000000180025095e-35 0.41223156452178961
decision_type=2 2 2 2 2 2 2 2 2 2 2 2 2 2 2 2 2 2 2 2 2 2 2 2 2 2 2 2 2 2
left_child=1 2 5 4 20 6 -1 19 22 -5 -4 12 14 16 -12 -16 17 18 -14 -2 -3 -22 -9 -6 -7 26 -8 -10 -29 -24
right_child=7 3 10 9 23 24 25 8 27 -11 11 -13 13 -15 15 -17 -18 -19 -20 -21 21 -23 29 -25 -26 -27 -28 28 -30 -31
leaf_value=-0.038382675485422124 -0.0508136361537639 0.060863982297636038 0.054077865359817581 -0.0011774652182471828 -0.033365100127410473 -0.033700803489692586 -0.039722251432485894 -0.018215447947226498 -0.066044249146383141 0.051147806397275557 0.048578782490812308 0.038102867965704834 0.03773352089632679 0.04806884541808408 -0.043528790563210205 0.063984554266067348 -0.046301659982077331 0.055680597905489654 -0.049682910510599386 0.099011177184077953 -0.019175832231428755 0.049634377318909545 -0.060256550456009264 0.096218500227035583 -0.087874841939778819 0.027744794119280075 0.0088385586974043511 -0.015967670304902714 0.046163402201393547 0.01295115234598007
leaf_weight=0.79876264826495036 0.011917210916237209 0.071263716307170877 0.08759595815928356 11.117280537467291 0.014222503820775501 0.14690453872466935 0.15496671580604016 0.27899824442715759 0.01763876900076855 0.091396848486056892 0.15507578033202662 0.14346533315256238 0.051652490349269442 0.048588826756059689 0.076786087410610548 0.032159129570402456 0.27647562878587451 0.058306901133619249 0.12035244209018003 0.062163750634340431 0.19290608379752427 0.064150801306823269 0.032840922929608385 0.099575160640540616 0.12360479537164792 0.21192372703046658 0.28736237208067905 0.057164339876180748 0.37004849670711337 1.6213187906528217
leaf_count=55657 537 228 170 22208 433 7622 391 285 1 113 465 469 1577 107 1260 128 75 8 3034 13 3378 11 35 69 10 139 58 41 682 704
internal_value=2.05374e-09 -0.00239111 -0.0140609 0.000387383 0.0292428 -0.0256493 -0.0195419 0.0140661 0.0121707 -0.000750799 0.00495267 0.000483535 -0.0061031 -0.0202557 0.0236673 -0.0117923 -0.0268064 -0.0034035 -0.0234321 0.0749093 0.0116421 -0.00200364 0.00720944 0.0800231 -0.0584547 0.00346047 -0.00817436 0.0337303 0.0378498 0.0114977
internal_weight=16.8769 14.4248 2.77398 11.6508 0.442118 1.72352 1.45302 2.45209 2.37801 11.2087 1.05046 0.962863 0.819397 0.555376 0.264021 0.108945 0.506787 0.230312 0.172005 0.074081 0.328321 0.257057 1.93316 0.113798 0.270509 0.654253 0.442329 0.444852 0.427213 1.65416
internal_count=99908 97610 71170 26440 4119 63877 56245 2298 1748 22321 7293 7123 6654 4801 1853 1388 4694 4619 4611 550 3617 3389 1024 502 7632 588 449 724 723 739
is_linear=0
shrinkage=0.05


Tree=132
num_leaves=31
num_cat=0
split_feature=10 7 2 7 1 2 8 0 0 8 7 0 2 0 8 6 13 7 7 7 13 6 13 0 0 7 8 6 7 0
split_gain=0.302892 0.293466 0.117989 0.23772 0.124082 0.113499 0.107694 0.0980915 0.0910745 0.102143 0.0902216 0.0900313 0.0837221 0.0760076 0.0752269 0.0751299 0.0712763 0.161318 0.122311 0.226731 0.104807 0.215061 0.287727 0.212592 0.177969 0.156085 0.117717 0.115104 0.0988655 0.12419
threshold=1.0000000180025095e-35 0.56765475869178783 0.44949495792388922 0.77621760964393627 0.90521115064620983 0.36931818723678594 0.91287881135940563 0.88273492455482494 0.54923510551452648 0.39565217494964605 0.56106334924697887 0.83910790085792553 0.080128207802772536 0.51649147272109996 0.75595238804817211 0.71241438388824474 4.5000000000000009 0.93369963765144359 0.61826965212821972 0.80101522803306591 20.500000000000004 0.45910002291202551 13.500000000000002 0.87570226192474376 0.70859703421592724 0.477826938033104 0.054804805666208274 0.5427464246749879 0.89753684401512157 0.7320508360862733
decision_type=2 2 2 2 2 2 2 2 2 2 2 2 2 2 2 2 2 2 2 2 2 2 2 2 2 2 2 2 2 2
left_child=2 10 3 11 5 8 13 15 -5 -10 -2 -1 -11 -4 -14 -3 18 20 -15 -20 21 22 25 24 -23 -18 -22 -26 -21 -30
right_child=1 7 6 4 -6 -7 -8 -9 9 12 -12 -13 14 16 -16 -17 17 -19 19 28 26 23 -24 -25 27 -27 -28 -29 29 -31
leaf_value=-0.040174405605650138 -0.050773519099862163 -0.017165088554365646 0.046242360200054122 -0.025386271054268651 0.036064465880799645 -0.034033095704956419 0.051249217733123256 0.033577203750653553 -0.02453243418564759 0.053579820602591713 0.096798429519717136 2.5652487033149851e-05 0.015282877408204987 -0.048792572021839398 -0.038499714756236099 0.01108490107390582 -0.050100343441801413 0.020307316983902372 0.035701172816779668 -0.023176282630083773 -0.00049916845001441736 0.026894696047008629 -0.080278970370613739 0.019209333082316503 0.01500938640644266 0.027483011481918174 0.022318074711071331 -0.036100566705298619 -0.03457577071037856 0.0016686222647769465
leaf_weight=0.75563702781565512 0.011231024340985996 0.27501700029677101 0.08415621957666708 0.26164307755419691 0.19694774443087215 0.29336217583727364 0.099093337664727055 0.42486875654003586 0.1916616918553018 0.12582763007048925 0.13311964770036866 0.17074937768707343 0.54040796306958327 0.17061612680383431 0.073909581784391776 1.6317706140901007 0.10956437777539951 0.96361766031259311 0.30446977967267264 0.9220894517256969 4.2143393282443498 0.18603181210900721 0.23143360994484397 0.68978500878097293 0.13248232502270696 0.15877121919496062 0.65283060356748013 0.65376233691716834 0.27437048588399182 1.7053032986500509
leaf_count=68207 537 285 304 826 64 110 116 724 471 52 13 1082 343 5797 15 739 7339 338 117 183 5442 228 3115 385 355 366 1720 233 53 349
internal_value=4.00542e-09 0.0161343 -0.00282067 -0.0124219 -0.00122937 -0.00616943 -0.000651435 0.0118513 0.000679746 0.00799885 0.0853168 -0.0327648 0.0164229 -0.00110046 0.0088122 0.00701039 -0.00145089 0.00112237 -0.00754151 -0.00534638 -0.00150773 -0.0106688 -0.0394281 -0.00202106 -0.017083 -0.00419513 0.00256129 -0.0274885 -0.00965333 -0.00335463
internal_weight=16.6389 2.47601 14.1629 2.61015 1.68376 1.48681 11.5527 2.33166 1.19345 0.931807 0.144351 0.926386 0.740145 11.4536 0.614318 1.90679 11.3695 7.99262 3.37685 3.20623 7.029 2.16183 0.499769 1.66206 0.972276 0.268336 4.86717 0.786245 2.90176 1.97967
internal_count=99908 2298 97610 71170 1881 1817 26440 1748 1707 881 550 69289 410 26324 358 1024 26020 19521 6499 702 19183 12021 10820 1201 816 7705 7162 588 585 402
is_linear=0
shrinkage=0.05


Tree=133
num_leaves=31
num_cat=0
split_feature=7 0 2 2 1 1 0 1 8 13 12 0 12 13 1 1 7 0 12 6 6 6 0 1 7 12 6 0 0 12
split_gain=0.188892 0.133599 0.136455 0.125553 0.124286 0.0989921 0.166241 0.158526 0.136552 0.204128 0.134244 0.105539 0.108011 0.102523 0.101766 0.100697 0.0976117 0.11387 0.1124 0.111914 0.089237 0.120185 0.0878394 0.0868297 0.0826403 0.110785 0.079559 0.0809089 0.0806678 0.0770787
threshold=0.99783548712730419 0.55217784643173229 0.44949495792388922 0.080128207802772536 0.55625879764556896 0.94570022821426403 0.90521115064620983 0.92907443642616283 0.48913043737411505 1.0000000180025095e-35 1.5000000000000002 0.5912291705608369 1.0000000180025095e-35 35.500000000000007 0.93643954396247875 0.94494947791099559 0.92380261421203624 0.84273937344551098 3.5000000000000004 0.76552855968475353 0.68244633078575145 0.78696113824844371 0.74322345852851879 0.89512962102890026 0.88478556275367748 12.500000000000002 0.52839964628219616 0.8521554470062257 0.65261757373809826 2.5000000000000004
decision_type=2 2 2 2 2 2 2 2 2 2 2 2 2 2 2 2 2 2 2 2 2 2 2 2 2 2 2 2 2 2
left_child=1 2 24 -3 -2 6 7 8 13 -10 14 -11 -13 20 -8 -12 19 23 -19 -14 -5 29 -9 -18 -1 -26 27 28 -15 -22
right_child=4 3 -4 5 -6 -7 10 22 9 11 15 12 16 26 -16 -17 17 18 -20 -21 21 -23 -24 -25 25 -27 -28 -29 -30 -31
leaf_value=-0.051338951213420685 -0.032202858173168113 0.0353071397242277 0.021102578205503833 -0.032659920962005151 0.029721024803631903 0.0024173796928121357 0.014516682271701428 0.026714896388254111 -0.040477605423273236 0.054545291146718446 0.051879377544079133 0.037792606848502629 -0.019744828221234891 -0.045720654638896255 -0.034283321110615432 -0.058342859421218113 -0.02125663085596402 -0.015711981654469027 0.054417085494470586 0.031536760372215297 0.035360330290446135 -0.028919139146986281 -0.057751349283701348 0.030948414036024403 -0.050386553555599761 0.018841903984353661 -0.060711060830494795 -0.039556630840582738 0.02245957499461693 -0.016320648318615835
leaf_weight=0.30731864676150955 0.090819591869149785 0.2439464136180608 0.13991077478611658 0.95101239244886426 0.75171072567695774 8.8113788805782178 0.35482784814720947 0.035387071737687736 0.26053891584524569 0.10841413561956903 0.25674110975103304 0.20836685691938317 0.14699829405844855 0.048563659465813092 0.15285456406309095 0.022540646605193615 0.84057253845458013 0.10371020041930024 0.12722891151861404 0.38512807876486477 0.17917835882386157 0.33837291167401418 0.23639857360180372 0.087986835758783855 0.10396895154553931 0.13010858930783797 0.047106478693706322 0.079243029693969902 0.40670773447403974 0.12077694879843648
leaf_count=24553 39 1354 558 50410 804 13504 513 151 65 39 249 48 55 1362 115 2 181 24 25 83 106 118 545 19 232 88 250 263 3898 255
internal_value=3.34415e-11 -0.00127447 -0.0229149 -0.000261432 0.023046 -0.000867778 -0.00613211 -0.00968515 -0.00741602 0.0011612 0.0151405 0.00656276 0.00382486 -0.0163804 -0.000176171 0.0429834 -0.000359133 -0.0084957 0.0229235 0.0173704 -0.0229534 -0.00849219 -0.0467537 -0.0163099 -0.0342902 -0.0119069 0.00158118 0.00707097 0.0151868 0.014551
internal_weight=16.0778 15.2353 0.681307 14.554 0.84253 14.31 5.49866 4.71169 4.43991 2.26894 0.786964 2.00841 1.89999 2.17096 0.507682 0.279282 1.69162 1.1595 0.230939 0.532126 1.58934 0.638328 0.271786 0.928559 0.541396 0.234078 0.581621 0.534514 0.455271 0.299955
internal_count=99908 99065 25431 73634 843 72280 58776 57897 57201 539 879 474 435 56662 628 251 387 249 49 138 50889 479 696 200 24873 320 5773 5523 5260 361
is_linear=0
shrinkage=0.05


Tree=134
num_leaves=31
num_cat=0
split_feature=7 0 2 2 7 1 1 4 12 13 2 1 2 13 10 13 0 0 13 13 2 13 0 1 10 0 0 12 13 1
split_gain=0.172766 0.130726 0.157635 0.130581 0.127401 0.103899 0.0881023 0.093639 0.0820506 0.0798788 0.121744 0.0818252 0.0828997 0.0795877 0.0789504 0.0934427 0.0706932 0.0812662 0.0695616 0.0758005 0.0734717 0.230484 0.069071 0.0672793 0.106183 0.0821686 0.119958 0.0714515 0.0675768 0.0690835
threshold=0.99783548712730419 0.58759590983390819 0.44949495792388922 0.080128207802772536 0.88478556275367748 0.55625879764556896 0.76123407483100902 1.0000000180025095e-35 9.5000000000000018 88.500000000000014 0.73214286565780651 0.76417112350463878 0.36931818723678594 80.500000000000014 1.0000000180025095e-35 8.5000000000000018 0.59299960732460033 0.81302964687347423 68.500000000000014 60.500000000000007 0.93750000000000011 72.500000000000014 0.87298336625099193 0.81530213356018078 1.0000000180025095e-35 0.66987180709838878 0.65261757373809826 20.500000000000004 6.5000000000000009 0.94185259938240062
decision_type=2 2 2 2 2 2 2 2 2 2 2 2 2 2 2 2 2 2 2 2 2 2 2 2 2 2 2 2 2 2
left_child=1 2 4 -3 -1 -2 7 -5 -4 11 -11 12 -8 18 15 22 -9 -18 19 23 21 -20 -7 25 27 26 -13 -25 29 -26
right_child=5 3 8 6 -6 14 9 16 -10 10 -12 13 -14 -15 -16 -17 17 -19 20 -21 -22 -23 -24 24 28 -27 -28 -29 -30 -31
leaf_value=-0.051169573364090684 -0.029011846413533011 0.038331040775299544 0.037454780995088498 -0.051498593990989397 -0.0065271431508780106 -0.0088458063816501623 0.055418353823310465 0.045495456441098855 -0.027767343290177562 -0.019719344019007604 0.054493137917789009 -0.02103496533059061 -0.055462113430773091 -0.051768187420325698 0.051072983300974477 0.050027454550472784 -0.020335665861087912 0.066572228048877455 0.055812971627073694 -0.031877435757064698 0.050046265031127191 -0.055939981826762269 0.050023655475145569 -0.0011745070612140742 0.009145169233609517 -0.033130437360687381 0.059220871653223317 -0.06347410558392183 0.0041895766540509648 0.044457373328596235
leaf_weight=0.3779742979535986 0.087888508131073517 0.21806865384226526 0.15024105039945823 0.16262767101358555 0.27688753243592146 0.27165622018901558 0.11249667173048195 0.055406696496419272 0.071012211073906428 0.084867187077862449 0.15842153306584805 0.132601840132481 0.019828277132873495 0.07589247649357922 0.2536208010737937 0.14518185770430136 0.40127441004444364 0.028831373773442692 0.095566797555478256 0.19574616494068742 0.13833231351372888 0.089205507310623489 0.061017497702778201 10.253210724346681 0.27629094087751649 0.33298045074511151 0.071755815855269134 0.046231171350627487 0.81054168288812889 0.27773212717602291
leaf_count=33003 39 952 636 9235 357 106 385 849 345 80 16 2041 189 87 475 123 16166 114 103 449 59 155 100 26052 126 6014 716 193 392 351
internal_value=8.34484e-10 -0.00122809 -0.0199661 -5.86331e-05 -0.0322939 0.0223536 -0.000664399 -0.0186613 0.0165215 0.000221177 0.0286054 -0.000312961 0.0388034 -0.000717465 0.0285253 0.0165581 -0.00766213 -0.01451 -0.000412882 -0.00100981 0.0224903 0.00186019 0.00195176 -0.000514597 0.000282308 -0.017813 0.00714515 -0.00145415 0.0133887 0.0268472
internal_weight=15.7334 14.914 0.876115 14.0379 0.654862 0.819365 13.8198 0.64814 0.221253 13.1717 0.243289 12.9284 0.132325 12.7961 0.731476 0.477856 0.485512 0.430106 12.7202 12.3971 0.323105 0.184772 0.332674 12.2013 11.664 0.537338 0.204358 10.2994 1.36456 0.554023
internal_count=99908 99065 34341 64724 33360 843 63772 26364 981 37408 96 37312 574 36738 804 329 17129 16280 36651 36334 317 258 206 35885 27114 8771 2757 26245 869 477
is_linear=0
shrinkage=0.05


Tree=135
num_leaves=31
num_cat=0
split_feature=7 0 7 1 1 13 8 8 8 10 13 8 13 12 6 1 8 7 13 4 4 0 13 8 0 8 1 1 6 6
split_gain=0.165505 0.119908 0.129913 0.10328 0.092946 0.0911097 0.0819877 0.0795188 0.1213 0.0747678 0.0856859 0.068701 0.219051 0.154432 0.10619 0.103837 0.103382 0.103554 0.118962 0.189512 0.102038 0.137688 0.0936711 0.110169 0.0966413 0.0931787 0.0963841 0.223257 0.104571 0.0864446
threshold=0.99783548712730419 0.58759590983390819 0.75079616904258739 0.51471862196922313 0.55625879764556896 67.500000000000014 0.054804805666208274 0.89181286096572887 0.88562092185020458 1.0000000180025095e-35 8.5000000000000018 0.44222222268581396 1.0000000180025095e-35 1.5000000000000002 0.51871871948242199 0.93405798077583324 0.61721614003181469 0.92380261421203624 3.5000000000000004 1.0000000180025095e-35 1.0000000180025095e-35 0.74115687608718883 32.500000000000007 0.19677419215440753 0.91945946216583263 0.45993590354919439 0.95713412761688244 0.93643954396247875 0.80866709351539623 0.92012271285057079
decision_type=2 2 2 2 2 2 2 2 2 2 2 2 2 2 2 2 2 2 2 2 2 2 2 2 2 2 2 2 2 2
left_child=1 2 -1 -3 -2 7 -7 8 11 10 -6 15 -13 25 -15 22 -16 -18 20 -20 -19 -22 23 -5 -24 -14 27 28 -27 -23
right_child=4 3 -4 5 9 6 -8 -9 -10 -11 -12 12 13 14 16 -17 17 18 19 -21 21 29 24 -25 -26 26 -28 -29 -30 -31
leaf_value=-0.045747812284204714 -0.026937211687459529 0.049461347450286776 -0.0048368156231033523 -0.043386907102855428 0.0025568001945139563 0.0090601734606860999 0.053953835273111567 0.055633607599064376 -0.08057484508840114 0.05101746689444514 0.049666129092727038 -0.028532124112823101 0.069165995727785964 0.036173627199480841 -0.01263537604761155 -0.00069634397489608377 0.032704528091054889 -0.025472407995367059 0.034182976234273348 -0.017036930682322683 -0.024482658349915035 0.053726324691246809 -0.0040147869369613082 -0.012530704565257199 0.060134113660439636 -0.0018842337165934165 0.046639428500277934 -0.038239529178335042 0.038871686429175822 0.006724542294807373
leaf_weight=0.3023786979535491 0.085285894288973263 0.10440241544678208 0.54164660360547146 0.38524319690191289 0.3241637522023666 0.51161155886842458 0.12693125783025039 0.06092049888684492 0.048469974259206405 0.23941833948879321 0.1374523316799241 0.49779166246389639 0.096182279771710344 0.20471933463159109 1.2119226457291463 5.4927770225357762 0.30268675275465318 0.11152351735290711 0.21949871311517166 1.0188387319212779 0.1056739588821074 0.31009960634219169 0.56177129666636449 1.1612813865053651 0.065563827582991507 0.25191521970100417 0.22902301806107062 0.18666395932268642 0.41943215119181332 0.14290642995183589
leaf_count=33042 39 391 1299 40995 206 502 201 9 7 475 123 143 57 41 403 12542 68 21 55 212 21 56 6068 2193 36 68 427 40 111 57
internal_value=4.29443e-10 -0.00119771 -0.0194935 -8.09732e-05 0.022348 -0.000457871 0.0179843 -0.00135785 -0.00162443 0.0283439 0.0165842 -0.00132951 0.00304259 0.00630956 0.00119363 -0.00435704 -0.000898323 0.00553448 0.00122543 -0.00795806 0.0181938 0.0269104 -0.0136067 -0.0202171 0.00268952 0.0219955 0.0178218 0.0101297 0.0235785 0.038899
internal_weight=15.4582 14.6719 0.844025 13.8279 0.78632 13.7234 0.638543 13.0849 13.024 0.701034 0.461616 12.9755 5.30888 4.81109 3.62787 7.66664 3.42315 2.21123 1.90854 1.23834 0.670204 0.55868 2.17386 1.54652 0.627335 1.18322 1.08703 0.858011 0.671347 0.453006
internal_count=99908 99065 34341 64724 843 64333 703 63630 63621 804 329 63614 1780 1637 934 61834 893 490 422 267 155 134 49292 43188 6104 703 646 219 179 113
is_linear=0
shrinkage=0.05


Tree=136
num_leaves=31
num_cat=0
split_feature=13 2 10 4 6 8 12 8 6 0 0 13 13 0 0 12 13 13 7 6 13 13 6 13 0 0 0 0 12 0
split_gain=0.179581 0.186826 0.168845 0.102051 0.20349 0.146285 0.130774 0.106453 0.14708 0.107399 0.0949185 0.0866661 0.103129 0.0817817 0.09214 0.177152 0.0938631 0.12717 0.104578 0.0891521 0.104448 0.0831381 0.0778059 0.0743388 0.0904052 0.0869824 0.0849294 0.0801492 0.0734167 0.0705644
threshold=88.500000000000014 0.73214286565780651 1.0000000180025095e-35 1.0000000180025095e-35 0.95912683010101329 0.78019323945045482 1.0000000180025095e-35 0.54006412625312816 0.90125367045402538 0.65326327085495006 0.93405798077583324 1.0000000180025095e-35 1.5000000000000002 0.66987180709838878 0.90521115064620983 3.5000000000000004 38.500000000000007 39.500000000000007 0.82793453335762035 0.74646764993667614 29.500000000000004 1.0000000180025095e-35 0.58847248554229747 8.5000000000000018 0.88273492455482494 0.84273937344551098 0.54923510551452648 0.8019607961177827 15.500000000000002 0.84877073764801036
decision_type=2 2 2 2 2 2 2 2 2 2 2 2 2 2 2 2 2 2 2 2 2 2 2 2 2 2 2 2 2 2
left_child=2 -2 3 4 5 6 -1 9 10 -5 11 -9 -13 -11 16 -16 21 -18 -19 20 -17 -15 -14 24 25 26 -4 28 -25 -27
right_child=1 -3 23 7 -6 -7 -8 8 -10 13 -12 12 22 14 15 19 17 18 -20 -21 -22 -23 -24 27 -26 29 -28 -29 -30 -31
leaf_value=0.026147237883035714 -0.021678591837845446 0.065480964518207299 -0.021382958419166268 -0.030000480535557369 -0.080446724508495035 0.034957419823677033 -0.01834895050870429 -0.01863825880387927 -0.01147338054229028 0.034218501290870396 0.052588115438577603 0.062413855341806157 0.042925562239680942 0.029072381047064857 -0.0019330422394953891 0.066051244716466853 0.082886341918348497 -0.012075401974359221 0.043400308465148314 -0.018580998286920499 0.0084302454200970902 -0.016683640775577758 0.0078454452368501206 -0.018325374795010205 0.051313743948394525 -0.055748032240863034 0.028535235262376155 0.01959871197932319 0.041183290174636518 0.0043311562777299337
leaf_weight=0.1843426252394641 0.088392548536533222 0.20194856822490692 0.096974738882067202 0.37393394057285956 0.10650870539393498 0.16917326747352479 1.5840507483609796 0.20890547881299548 0.72884170898987566 0.14822475987961059 0.15357969220053735 0.10961953663354496 0.18012374359386729 0.10388854782812096 4.2924800388182689 0.2023198634508957 0.051965639588757884 0.37277424141709048 0.11002610690775327 0.069658354979765136 0.12866006646208916 2.2358939507608397 1.2905731560022102 0.45438043743948231 0.19579753883340334 0.065472471324028447 0.70223431156654215 0.3461971192382407 0.058502274874342675 0.19278239002096598
leaf_count=1567 123 16 293 29063 21 78 32346 54 232 3021 205 23 56 514 8324 204 154 2438 22 16 51 18782 301 536 508 16 471 319 71 83
internal_value=-7.67722e-10 0.0389458 -0.000757988 -0.00291843 -0.01316 -0.00946123 -0.0137105 -0.000973112 0.00768043 -0.00383092 0.014866 0.0116281 0.015629 -0.00256267 -0.00328309 0.00103476 -0.0103326 0.00856638 0.000567042 0.0328321 0.0436525 -0.014652 0.0121419 0.0123392 0.0201051 0.0143266 0.0224782 0.00100997 -0.0115375 -0.0109
internal_weight=15.2082 0.290341 14.9179 12.8055 2.04408 1.93757 1.76839 10.7615 2.67164 8.08983 1.9428 1.78922 1.58032 7.71589 7.56767 4.69312 2.87455 0.534766 0.4828 0.400638 0.33098 2.33978 1.4707 2.11234 1.25326 1.05746 0.799209 0.85908 0.512883 0.258255
internal_count=99908 139 99769 97472 34012 33991 33913 63460 871 62589 639 434 380 33526 30505 8595 21910 2614 2460 271 255 19296 357 2297 1371 863 764 926 607 99
is_linear=0
shrinkage=0.05


Tree=137
num_leaves=31
num_cat=0
split_feature=13 13 8 1 12 1 0 4 13 8 8 2 0 2 6 8 8 13 8 12 2 1 0 12 12 13 13 6 7 2
split_gain=0.202007 0.427916 0.221243 0.407114 0.220024 0.193136 0.183612 0.137902 0.117151 0.162954 0.121692 0.101995 0.0991115 0.097489 0.096724 0.102077 0.172783 0.15101 0.082278 0.0831184 0.188602 0.113352 0.0778634 0.0771042 0.088069 0.076771 0.106657 0.109109 0.147683 0.0949427
threshold=38.500000000000007 39.500000000000007 0.44222222268581396 0.93405798077583324 2.5000000000000004 0.89039039611816417 0.9634092152118684 1.0000000180025095e-35 67.500000000000014 0.15707236528396609 0.054804805666208274 0.26136364042758947 0.81302964687347423 0.5634920895099641 0.51871871948242199 0.89181286096572887 0.88562092185020458 1.0000000180025095e-35 0.8441295623779298 8.5000000000000018 0.64583334326744091 0.61938297748565685 0.92390406131744396 9.5000000000000018 12.500000000000002 1.0000000180025095e-35 4.5000000000000009 0.55453866720199596 0.77621760964393627 0.73214286565780651
decision_type=2 2 2 2 2 2 2 2 2 2 2 2 2 2 2 2 2 2 2 2 2 2 2 2 2 2 2 2 2 2
left_child=2 7 3 4 -1 13 14 -2 9 -3 22 -7 -11 -6 -4 16 17 -16 19 21 23 -19 -10 -21 -25 -5 -27 -28 -29 -30
right_child=1 8 6 25 5 11 -8 -9 10 12 -12 -13 -14 -15 15 -17 -18 18 -20 20 -22 -23 -24 24 -26 26 27 28 29 -31
leaf_value=-0.0084406585931934893 -0.055716269123027067 -0.022854774905311539 0.030548533722878704 0.035344177687376681 -0.032481036759790874 0.10336682555090373 0.044360645612958834 0.090028186135538826 -0.022129551615226381 -0.0074015127795119253 0.059373740729182271 -0.074166659685696884 0.043872240036346648 0.02620445475264337 -0.025938314973760292 0.027081120575130846 -0.069188307303114802 -0.034610180277893331 0.033169335523486651 0.050635397767278857 -0.032491422705759422 0.0077655701968648008 0.02188775541608368 -0.035176295414016519 0.014665828704323655 -0.01834235295585579 -0.001230499455657699 0.053863945915075109 0.028067157364191492 -0.027960222405179605
leaf_weight=0.9751146340565725 0.017557951232093028 0.54133321560195902 0.29973559506061054 0.14740775307346599 0.76020573357378374 0.0082732903650821754 0.27893098646450187 0.21463601428210666 0.13728600803186453 0.17695754123462848 0.16576860516546787 0.36548365264462745 0.20164568946006511 0.078031454117777344 0.47850533124278616 0.36261743108934741 0.089580930207375675 0.16563323664820506 0.22311060872380029 0.096130431960773199 0.49998543860056088 3.3410085744740172 0.37461743147730431 0.12102075216603225 0.33111497526226685 0.76938916029745019 3.4770623202362287 0.22487462907565703 0.15291509028065775 0.14957691999916278
leaf_count=16513 167 5385 82 464 56188 37 588 290 529 430 251 1845 69 1749 174 381 20 225 113 43 109 1091 90 103 168 3634 8928 114 40 88
internal_value=4.06802e-10 0.0155829 -0.00212856 -0.00817185 -0.0261211 -0.0403459 0.00470381 0.0790073 0.00636489 -0.00525597 0.0221401 -0.0702369 0.0199071 -0.027018 0.00286281 0.00140917 -0.000332117 0.000841324 0.00352324 0.0020711 -0.0102825 0.00576399 0.0100829 0.00997073 0.00132485 -0.000194789 -0.00129217 0.00198375 0.0231761 0.000362614
internal_weight=15.2255 1.8298 13.3957 7.10833 2.18711 1.21199 6.28737 0.232194 1.59761 0.919936 0.677672 0.373757 0.378603 0.838237 6.00844 5.70871 5.34609 5.25651 4.778 4.55489 1.04825 3.50664 0.511903 0.548266 0.452136 4.92123 4.77382 4.00443 0.527367 0.302492
internal_count=99908 7211 92697 89600 76332 59819 3097 457 6754 5884 870 1882 499 57937 2509 2427 2046 2026 1852 1739 423 1316 619 314 271 13268 12804 9170 242 128
is_linear=0
shrinkage=0.05


Tree=138
num_leaves=31
num_cat=0
split_feature=7 13 13 1 7 4 10 2 13 13 7 0 0 13 0 8 0 13 6 12 0 0 4 12 12 2 4 2 0 0
split_gain=0.140114 0.126865 0.121493 0.1004 0.197759 0.105434 0.0956979 0.0907438 0.0985475 0.0995004 0.0841409 0.118974 0.0797535 0.0747263 0.0658328 0.0643552 0.0634069 0.0561553 0.0685398 0.0993469 0.0557302 0.0552215 0.0912758 0.116042 0.0513712 0.0789847 0.085184 0.0568644 0.0691468 0.0641601
threshold=0.99783548712730419 67.500000000000014 73.500000000000014 0.81530213356018078 0.87198767066001903 1.0000000180025095e-35 1.0000000180025095e-35 0.73214286565780651 88.500000000000014 80.500000000000014 0.58113884925842296 0.83910790085792553 0.87298336625099193 9.5000000000000018 0.70299971103668224 0.94281044602394115 0.58885449171066295 9.5000000000000018 0.90125367045402538 8.5000000000000018 0.48313754796981817 0.76253134012222301 1.0000000180025095e-35 7.5000000000000009 7.5000000000000009 0.36931818723678594 1.0000000180025095e-35 0.31666667759418493 0.8263767957687379 0.63100686669349682
decision_type=2 2 2 2 2 2 2 2 2 2 2 2 2 2 2 2 2 2 2 2 2 2 2 2 2 2 2 2 2 2
left_child=1 3 -3 4 5 -1 -5 -4 9 -9 11 -7 13 15 16 -2 -12 21 19 -19 -17 -8 -23 -24 27 26 -26 28 -6 -29
right_child=12 2 7 6 24 10 17 8 -10 -11 14 -13 -14 -15 -16 20 -18 18 -20 -21 -22 22 23 -25 25 -27 -28 29 -30 -31
leaf_value=-0.048808666431685757 -0.013254312125457772 0.055111742982455893 -0.028128384520863164 -0.001994255812108854 -0.038048918192018014 -0.050150525570188093 0.04119623887911783 0.02310355859372424 0.050809366980903617 -0.055391361727804567 -0.022919124482066539 0.074478169623523452 0.050579496127774459 0.040353780106154792 -0.030061886832403423 -0.029190163683502465 0.039491985022617165 0.023622837718873371 -0.046314862967074898 -0.044188817010244456 0.052305663546242637 -0.030953629671792306 0.037335683992116571 -0.0082315720537561848 -0.0021812432838557421 -0.04448451413063001 0.04766707332823511 0.030083887378078517 0.045329152111714129 -0.0093519939873746277
leaf_weight=0.40249364894274897 0.2708710060942402 0.18239445387001829 0.13194832228982989 9.9539798242863533 0.19170486976463486 0.19660236502352291 0.2170513888565615 0.11608938156041404 0.15011230437085032 0.0618983706808649 0.058820644018325652 0.021215868550029882 0.17743906316331959 0.1628490283874271 0.09853788682812592 0.028003071142848057 0.13207350018436159 0.22077798111206448 0.075825725245522335 0.071504309036725999 0.083618479609413043 0.10373809867405726 0.36502614536402689 0.22635662916979982 0.15908324427425669 0.0468996706258622 0.18579887775922543 0.1534224184051709 0.028572284227266209 0.31469126632464395
leaf_count=26701 115 308 476 29537 276 38834 110 42 16 21 510 134 399 142 308 20 442 199 11 46 167 53 452 44 269 19 34 71 26 126
internal_value=-2.34718e-09 -0.00111869 0.0205795 -0.00217281 -0.0125244 -0.0296999 -0.000339236 0.00688854 0.0209709 -0.00419443 -0.0145374 -0.0380115 0.0214622 0.0119882 0.00312851 -8.86371e-05 0.0202611 0.0125283 -0.00395576 0.00703331 0.0318604 0.0191804 0.012306 0.0198944 0.0019411 0.0163948 0.0246736 -0.00628488 -0.0272339 0.00357296
internal_weight=14.5894 13.8666 0.642443 13.2242 1.98992 0.909744 11.2343 0.460048 0.3281 0.177988 0.50725 0.217818 0.722781 0.545342 0.289432 0.382493 0.190894 1.28028 0.368108 0.292282 0.111622 0.912172 0.695121 0.591383 1.08017 0.391782 0.344882 0.688391 0.220277 0.468114
internal_count=99908 99065 863 98202 67750 66929 30452 555 79 63 40228 38968 843 444 1260 302 952 915 256 245 187 659 549 496 821 322 303 499 302 197
is_linear=0
shrinkage=0.05


Tree=139
num_leaves=31
num_cat=0
split_feature=8 0 6 13 1 13 7 6 12 1 6 8 6 13 6 8 8 13 0 8 12 8 13 12 6 0 13 13 13 0
split_gain=0.13733 0.127027 0.105558 0.0859201 0.0735508 0.0700975 0.0656276 0.154181 0.128522 0.0960602 0.0912324 0.0867378 0.108193 0.0703149 0.073062 0.0627638 0.0706382 0.0608821 0.0813794 0.0767914 0.0868736 0.0893811 0.0808323 0.111407 0.0891064 0.0729434 0.0580662 0.064411 0.0699595 0.0659167
threshold=0.8441295623779298 0.64174234867095958 0.56263527274131786 67.500000000000014 0.55941176414489757 5.5000000000000009 0.89753684401512157 0.53863716125488292 8.5000000000000018 0.97182539105415355 0.55891487002372753 0.76696833968162548 0.93728145956993114 1.5000000000000002 0.90125367045402538 0.94281044602394115 0.87867647409439098 11.500000000000002 0.87298336625099193 0.48913043737411505 2.5000000000000004 0.61721614003181469 1.5000000000000002 5.5000000000000009 0.90125367045402538 0.73546314239501964 73.500000000000014 88.500000000000014 100.50000000000001 0.9529346525669099
decision_type=2 2 2 2 2 2 2 2 2 2 2 2 2 2 2 2 2 2 2 2 2 2 2 2 2 2 2 2 2 2
left_child=1 2 -1 4 -3 15 -6 -8 9 10 -9 12 -10 14 -12 16 -2 18 25 -20 -21 -22 -23 24 -24 -11 -5 29 -29 -28
right_child=5 3 -4 26 6 -7 7 8 11 17 13 -13 -14 -15 -16 -17 -18 -19 19 20 21 22 23 -25 -26 -27 27 28 -30 -31
leaf_value=-0.035818259251681285 0.020077410471979196 0.04852078094831299 -0.0062231245997975823 0.045667642297405518 -0.003517875414419887 0.042679997040961086 0.041540910283303013 -0.055685984890977015 -0.018273636703793988 -0.01931650383956628 0.010642293100528975 -0.054872158449602138 0.04740006226955773 0.0054416916013038004 -0.039725338958778486 0.036669681410229166 -0.028865320957432494 0.0393732306674867 0.033952940071063954 0.03266900461758681 -0.060076009724935091 -0.045731722385842229 0.058312683206992871 -0.037085440971818324 -0.027266169097353 0.033328412630904226 -0.04978822985640291 0.069013085991806944 0.0085811545930568559 0.0095849187024168673
leaf_weight=0.43355634632243567 0.15263515291917507 0.076344061903964255 0.98765777091211504 0.15371891936982329 7.4361992123543654 0.25308974612880775 0.26109712790548645 0.07521594757054173 0.45764694820627472 0.076929108206058805 0.11465966946707329 0.12982500711223111 0.072671242349315435 1.3735033672041934 0.1935152368805575 0.14433593590399596 0.14259831133495027 0.22762578846686676 0.1294597104215427 0.10123213857059454 0.10054610348015558 0.092833535054523963 0.11053067034390551 0.083495637016312685 0.041965468200942269 0.45474718339619358 0.06892718093186545 0.072945527020607415 0.13943315850838189 0.14527296108758492
leaf_count=45294 72 348 3903 224 47522 235 125 15 130 30 35 26 23 429 58 329 50 127 37 245 17 20 46 11 26 130 238 63 50 50
internal_value=-3.73768e-09 -0.00110517 -0.0152514 0.000544079 -0.000394386 0.0217177 -0.000718166 0.00436278 0.00183252 0.00600465 -0.00181087 -0.0182415 -0.00927415 0.000598786 -0.0209855 0.00964836 -0.00356202 0.0156787 0.011153 -0.000573468 -0.00899742 -0.018821 -0.00620636 0.00934198 0.0347622 0.0257111 0.01932 0.00982552 0.0293377 -0.00952069
internal_weight=14.3042 13.6116 1.42121 12.1903 11.61 0.692659 11.5337 4.0975 3.8364 3.17626 1.75689 0.660143 0.530318 1.68168 0.308175 0.439569 0.295233 1.41937 1.19174 0.660063 0.530604 0.429371 0.328825 0.235992 0.152496 0.531676 0.580298 0.426579 0.212379 0.2142
internal_count=99908 99222 49197 50025 49400 686 49052 1530 1405 1226 537 179 153 522 93 451 122 689 562 402 365 120 103 83 72 160 625 401 113 288
is_linear=0
shrinkage=0.05


Tree=140
num_leaves=31
num_cat=0
split_feature=10 12 7 6 13 7 6 0 0 12 2 13 2 0 7 13 0 6 2 5 7 6 0 7 0 0 7 1 13 13
split_gain=0.141119 0.0922907 0.119487 0.0924424 0.0917781 0.0723795 0.114428 0.103897 0.135976 0.0940878 0.0882066 0.0704412 0.0689714 0.0642622 0.0771396 0.0659107 0.0748376 0.0689557 0.0672634 0.059062 0.0584123 0.148185 0.135181 0.0876719 0.0831618 0.0679858 0.0817176 0.0660786 0.0735484 0.0787605
threshold=1.0000000180025095e-35 4.5000000000000009 0.70620205998420726 0.32446582615375524 67.500000000000014 0.94360822439193737 0.90125367045402538 0.836786448955536 0.76689496636390697 3.5000000000000004 0.23611111193895343 35.500000000000007 0.64583334326744091 0.43693181872367864 0.99783548712730419 9.5000000000000018 0.8019607961177827 0.51871871948242199 0.77500000596046459 1.0000000180025095e-35 0.89753684401512157 0.62303319573402416 0.7897985875606538 0.90976935625076305 0.65733855962753307 0.73735308647155773 0.95904389023780834 0.9833287000656129 2.5000000000000004 4.5000000000000009
decision_type=2 2 2 2 2 2 2 2 2 2 2 2 2 2 2 2 2 2 2 2 2 2 2 2 2 2 2 2 2 2
left_child=1 4 3 -3 5 10 7 8 9 -7 -1 19 -8 -2 15 -15 17 -17 -18 -4 22 -22 24 -23 -21 26 -25 -24 -29 -30
right_child=13 2 11 -5 -6 6 12 -9 -10 -11 -12 -13 -14 14 -16 16 18 -19 -20 20 21 23 27 25 -26 -27 -28 28 29 -31
leaf_value=-0.039444846775683433 -0.050701858900042099 -0.010606257169206317 -0.01865444129304963 -0.04465246235964121 0.022833419263886358 0.040686554922553402 0.0088528631861919879 0.044954328665521293 -0.033674541991900418 -0.033624552839501144 -0.0013501942536291833 0.02941243966109592 -0.034578022493609771 0.01669891107952828 0.041653906555657642 0.032961058417656758 0.054685910579792912 -0.031661643814157966 -0.0077477914118339476 -0.051576693808357679 0.051769080210130484 0.028511774626643067 -0.059274276374916772 -0.044454093766226603 0.026372895433145551 0.0014888661416181436 0.011161421199899785 0.019621967077363151 -0.058842129622797237 -0.0070157851052876745
leaf_weight=0.15549610355664167 0.039114318497376455 0.45643729192403926 0.66271822938277658 0.35401249742360363 0.45322384395598891 0.22845749322573261 0.19870317353888822 0.31114599545207966 0.13872731371156988 0.052357801799189474 6.6713142543084274 0.15136079410973469 0.16930102402466218 1.1558984938012029 0.22277011897347154 0.049598817693663366 0.078771345344080146 0.24612208414899328 0.095371173683702182 0.039775611002028533 0.14922174461753446 0.20719600400479954 0.12375112395966426 0.2088985319933272 0.24482180455697744 0.68578397531382507 0.096587173793523107 0.10015648670378141 0.1313630030999775 0.16587318678284646
leaf_count=8605 194 11075 1564 43701 391 96 80 254 36 20 30816 298 85 1005 483 220 93 225 78 87 43 21 28 38 82 166 42 17 20 45
internal_value=-2.98833e-09 -0.00197499 -0.00846286 -0.025478 0.00095038 -0.000301012 0.0116096 0.023061 0.00682425 0.0268313 -0.00221789 -0.00381589 -0.0111276 0.0127192 0.0140611 0.0102802 -0.00551018 -0.020823 0.0204934 -0.00560183 -0.00158489 0.00478248 -0.012235 -0.00106785 0.0154786 -0.0072506 -0.0268698 -0.0273694 -0.017434 -0.0299203
internal_weight=14.0443 12.1567 3.77796 0.81045 8.37873 7.9255 1.09869 0.730689 0.419543 0.280815 6.82681 2.96751 0.368004 1.88765 1.84853 1.62576 0.469863 0.295721 0.174143 2.81615 2.15343 1.34769 0.805741 1.19847 0.284597 0.99127 0.305486 0.521144 0.397393 0.297236
internal_count=99908 97610 57227 54776 40383 39992 571 406 152 116 39421 2451 165 2298 2104 1621 616 445 171 2153 589 310 279 267 169 246 80 110 82 65
is_linear=0
shrinkage=0.05


Tree=141
num_leaves=31
num_cat=0
split_feature=8 0 2 12 8 13 2 0 8 8 10 13 2 12 1 4 2 0 13 0 0 12 7 7 0 7 12 0 13 13
split_gain=0.137989 0.0976146 0.0952584 0.109501 0.0927495 0.0889172 0.0883711 0.0771468 0.0850306 0.0881724 0.0655723 0.0543821 0.0540677 0.0536621 0.056915 0.0730308 0.052568 0.0827786 0.0690719 0.0490925 0.0515666 0.0553443 0.0463589 0.0726119 0.0638517 0.0685542 0.0458294 0.0457274 0.0897968 0.081615
threshold=0.8441295623779298 0.64174234867095958 0.31666667759418493 12.500000000000002 0.44222222268581396 67.500000000000014 0.087121214717626586 0.62767899036407482 0.77097901701927196 0.56385868787765514 1.0000000180025095e-35 5.5000000000000009 0.23611111193895343 9.5000000000000018 0.91010102629661571 1.0000000180025095e-35 0.73214286565780651 0.98529094457626354 72.500000000000014 0.88273492455482494 0.87007671594619762 6.5000000000000009 0.99783548712730419 0.9765610694885255 0.88273492455482494 0.5970856547355653 25.500000000000004 0.78830561041831981 4.5000000000000009 9.5000000000000018
decision_type=2 2 2 2 2 2 2 2 2 2 2 2 2 2 2 2 2 2 2 2 2 2 2 2 2 2 2 2 2 2
left_child=1 2 3 -1 26 6 -3 8 9 13 12 19 -8 14 15 -4 18 -18 -7 20 21 -2 23 24 27 -26 -5 29 -29 -12
right_child=11 5 7 4 -6 16 10 -9 -10 -11 22 -13 -14 -15 -16 -17 17 -19 -20 -21 -22 -23 -24 -25 25 -27 -28 28 -30 -31
leaf_value=-0.047805331572219965 -0.0091997745314576045 0.039324226787435371 -0.037981730054472605 -0.051895282893516796 0.022955693820792419 0.04350468232733385 -0.041043987731292107 -0.033888537667553051 -0.054413744213700516 0.038668502684524063 0.028891394371450475 0.041809371654666444 -0.0021193435930475803 -0.035941372066197713 0.039879873156110628 0.026220244599777006 0.053942809405338646 0.0078312823949493997 -0.02465845535587026 0.048382579182327114 -0.0469165682745179 0.034547683205114546 0.051255517032232092 -0.027419976677845587 -0.044057033807194668 0.050900483398064848 0.018105397088809785 0.035919600056858236 -0.020436046160858905 -0.015821059555168684
leaf_weight=0.33274759014330502 0.1558591546933038 0.13685585324637095 0.095866990832611521 0.099755784835796391 0.14172858868107596 0.054210308340402302 0.090036670858933188 0.15210623214217378 0.053360083780717105 0.19607547112173052 0.36051013443014379 0.2344159847125411 9.7536390090014518 0.091971260742646166 0.093329709639036196 0.082337834819234956 0.18687934601484812 0.20310921018085537 0.11820509712940463 0.074265240517888742 0.044125866657850565 0.13484004169754371 0.063551497309845106 0.13285198490666505 0.021666096691490111 0.15487294357421888 0.030540281112088508 0.093483923359485743 0.28983055829894511 0.14236165875789197
leaf_count=25136 107 497 2025 11711 131 154 4834 1754 18 73 188 235 42919 4797 376 2543 48 69 354 191 17 136 102 35 12 442 633 66 115 190
internal_value=-1.10341e-09 -0.00110449 -0.0137388 -0.0285687 -0.0050379 0.000361919 -0.000608884 -0.0020157 0.00589379 0.0116446 -0.00110111 0.0226078 -0.00247537 -0.0029322 0.00824831 -0.00831782 0.0197635 0.0299276 -0.00322682 0.0116049 0.00344749 0.0110924 0.00964268 0.00743073 0.0117874 0.0392466 -0.0354877 0.00631723 -0.00669186 0.0162334
internal_weight=13.8154 13.1719 1.36982 0.604772 0.272025 11.8021 11.2397 0.765048 0.612941 0.559581 11.1028 0.643506 9.84368 0.363506 0.271535 0.178205 0.562404 0.389989 0.172415 0.40909 0.334825 0.290699 1.25913 1.19558 1.06273 0.176539 0.130296 0.886186 0.383314 0.502872
internal_count=99908 99222 49197 37611 12475 50025 49400 11586 9832 9814 48903 686 47753 9741 4944 4568 625 117 508 451 260 243 1150 1048 1013 454 12344 559 181 378
is_linear=0
shrinkage=0.05


Tree=142
num_leaves=31
num_cat=0
split_feature=13 13 10 12 7 6 8 6 7 8 8 8 2 13 13 8 8 7 6 12 12 12 1 6 2 13 8 6 13 12
split_gain=0.167667 0.202103 0.150054 0.0808726 0.0807736 0.100192 0.0934138 0.172132 0.0906028 0.0810697 0.077852 0.137866 0.0742948 0.0732378 0.0762055 0.0996866 0.0992041 0.0730182 0.0876237 0.101449 0.0695747 0.137237 0.0673506 0.064939 0.105521 0.0641898 0.0605284 0.108149 0.0842386 0.104889
threshold=78.500000000000014 79.500000000000014 1.0000000180025095e-35 4.5000000000000009 0.70620205998420726 1.0000000180025095e-35 0.77097901701927196 0.90125367045402538 0.95101958513259899 0.73508772253990184 0.82085561752319347 0.81101191043853771 0.23611111193895343 14.500000000000002 2.5000000000000004 0.70294117927551281 0.68585526943206798 0.90976935625076305 0.86501669883728038 7.5000000000000009 5.5000000000000009 3.5000000000000004 0.90645834803581249 0.86501669883728038 0.73214286565780651 68.500000000000014 0.32200460135936743 0.53863716125488292 1.0000000180025095e-35 1.0000000180025095e-35
decision_type=2 2 2 2 2 2 2 2 2 2 2 2 2 2 2 2 2 2 2 2 2 2 2 2 2 2 2 2 2 2
left_child=2 -2 3 10 5 22 9 -8 -9 13 11 12 -1 14 15 16 17 -6 -19 -20 21 -3 -5 24 -16 -7 -14 -28 -29 -30
right_child=1 20 -4 4 6 25 7 8 -10 -11 -12 -13 26 -15 23 -17 -18 18 19 -21 -22 -23 -24 -25 -26 -27 27 28 29 -31
leaf_value=-0.032093760408163127 0.098680127159696984 0.0061537788905150137 0.012571289760697799 0.037905816834309602 0.015263997695190696 -0.04523989022297728 0.003627230530635012 -0.099813926844846856 -0.030995755983536682 0.03291040666571856 0.029038040000908472 -0.068661704710260327 -0.003108321686058642 0.015672256093661789 0.0047601797162282475 -0.046349550255602348 0.054640328079071099 -0.051271348201427973 -0.049026271547009254 0.044975819804088366 -0.034020886637395678 0.09195262524145853 -0.016608299708868311 -0.036241423686077912 -0.03181957405644608 0.043110084454793259 0.035003837691649421 -0.025719020811038204 0.029999773616657295 0.00093020172961400568
leaf_weight=0.1808653907472183 0.087151883383925433 0.22306804112366052 1.7663280392127241 0.077201286034778938 0.38993270461942708 0.3862788439381255 0.20707833389042196 0.087013393640518188 0.10620102419670729 0.15569372051686503 0.22051031495902851 0.074761348107131087 4.6934794791330887 0.38224909172072319 0.51076924989122552 0.089818696162637934 0.10421463241800666 0.11489021657052945 0.046061660267014304 0.076156947723120538 0.063045554205793053 0.058916590482226638 0.21292429432651261 0.30777137143923028 0.32108522036651266 0.021714251906210791 0.29203035219870832 0.2339741991349914 0.37316684937695788 1.8421359245716926
leaf_count=8667 25 124 2295 86 325 54246 86 1 42 50 208 18 30224 834 818 28 6 28 22 34 152 37 71 77 80 212 154 69 310 579
internal_value=-1.26108e-09 0.0306481 -0.000997834 -0.00308052 -0.00929652 -0.0245647 -0.00561967 -0.028044 -0.0619878 -0.0020272 -0.000254139 -0.00109405 -0.000430747 -0.00434888 -0.0082521 0.00336097 0.00946682 0.00195895 -0.0199216 0.00954838 0.0134637 0.0240802 -0.00210231 -0.0166191 -0.00935914 -0.0405377 0.000339516 0.00624267 0.00281344 0.00582696
internal_weight=13.7065 0.432182 13.2743 11.508 3.59705 0.698119 2.89894 0.400293 0.193214 2.49864 7.91092 7.69041 7.61565 2.34295 1.9607 0.821075 0.731256 0.627042 0.237109 0.122219 0.34503 0.281985 0.290126 1.13963 0.831854 0.407993 7.43479 2.74131 2.44928 2.2153
internal_count=99908 338 99570 97275 57046 54615 2431 129 43 2302 40229 40021 40003 2252 1418 443 415 409 84 56 313 161 157 975 898 54458 31336 1112 958 889
is_linear=0
shrinkage=0.05


Tree=143
num_leaves=31
num_cat=0
split_feature=13 13 8 8 0 2 2 0 0 13 7 13 7 2 8 8 7 6 0 13 6 8 8 10 6 2 1 7 1 8
split_gain=0.337464 0.235804 0.14165 0.418432 0.0812703 0.101106 0.0715426 0.06443 0.0638585 0.0637184 0.0624698 0.0610564 0.0594755 0.0556391 0.0549452 0.0797017 0.0501563 0.123033 0.079674 0.114689 0.0877792 0.0849439 0.0801955 0.0754799 0.0735581 0.12703 0.0704548 0.0667753 0.0662884 0.112225
threshold=88.500000000000014 89.500000000000014 0.81534090638160717 0.81101191043853771 0.64174234867095958 0.31666667759418493 0.087121214717626586 0.91545844078063976 0.62767899036407482 80.500000000000014 0.88478556275367748 78.500000000000014 0.90976935625076305 0.19090909510850909 0.77097901701927196 0.56385868787765514 0.89753684401512157 0.53863716125488292 0.88273492455482494 6.5000000000000009 0.90125367045402538 0.78759399056434642 0.63961037993431102 1.0000000180025095e-35 0.92012271285057079 0.57738095521926891 0.84028983116149913 0.90976935625076305 0.93643954396247875 0.48913043737411505
decision_type=2 2 2 2 2 2 2 2 2 2 2 2 2 2 2 2 2 2 2 2 2 2 2 2 2 2 2 2 2 2
left_child=2 -2 3 4 5 10 -6 -4 14 11 -1 16 13 -12 15 -7 -8 -18 21 28 -21 22 23 26 25 -24 27 -19 -20 -30
right_child=1 -3 7 -5 6 8 9 -9 -10 -11 12 -13 -14 -15 -16 -17 17 18 19 20 -22 -23 24 -25 -26 -27 -28 -29 29 -31
leaf_value=-0.045782292429533598 0.098388556951446174 0.012319295545229925 0.01269387351575248 -0.076727321471654744 0.037086950739137502 -0.0040110486402344615 -0.0029174667715045517 0.051215180259428617 -0.031241675309842301 -0.050636037607872157 0.031606686854608525 0.045003983413869776 -0.034481853916969236 -0.05573373139959429 -0.059370290045880306 0.036673102849473525 0.038683155880464795 -0.045726115674064857 0.031480098428630941 0.053193297804252949 -0.029179943373205036 -0.046335374402196573 -0.01086665161652501 0.020632290152255497 -0.012460855460087468 0.026765157208781545 -0.031186932775090822 0.034732152594710762 0.025944702297479506 -0.019346788445367625
leaf_weight=0.28803460846591977 0.1431705034087124 0.17916158524535319 0.73016189503800966 0.18744703424909026 0.12795648804653481 0.3444734171528161 7.2177200423380281 0.12750433268888628 0.14035437879220325 0.063055103277947278 0.093418260464090963 0.074097624526132999 0.13228486858542965 0.022656704561995866 0.029981910425703973 0.18504831101927266 0.24326552000752633 0.036485739743058132 0.16640808589272615 0.22828390833774392 0.037679555314753088 0.11043576960946655 0.35121924298346108 0.12375708552644937 0.39361175607245968 0.62032556985968768 0.46822491819875722 0.087950341615169236 0.20613572912952804 0.40645719938993352
leaf_count=37181 9 130 512 16 494 9737 47762 307 1747 102 84 41 287 33 7 73 126 21 59 206 20 25 94 74 124 142 126 57 38 274
internal_value=-1.67897e-10 0.0505487 -0.00123021 -0.00259085 -0.00145171 -0.0136046 -8.12874e-05 0.0184206 -0.00108643 -0.000520223 -0.0299377 -0.000226866 -0.011562 0.0145587 0.00647817 0.0102066 -0.00054015 0.0043902 0.00181301 0.0131743 0.0415233 -0.0036031 -0.00133599 -0.0148834 0.00577355 0.013161 -0.0222997 0.0111411 0.00349554 -0.00410633
internal_weight=13.5668 0.322332 13.2444 12.3868 12.1993 1.23625 10.9631 0.857666 0.699858 10.8351 0.536394 10.7721 0.24836 0.116075 0.559504 0.529522 10.698 3.48024 3.23697 1.04496 0.265963 2.19201 2.08157 0.716418 1.36516 0.971545 0.592661 0.124436 0.779001 0.612593
internal_count=99908 139 99769 98950 98934 49149 49785 819 11564 49291 37585 49189 404 117 9817 9810 49148 1386 1260 597 226 663 638 278 360 236 204 78 371 312
is_linear=0
shrinkage=0.05


Tree=144
num_leaves=31
num_cat=0
split_feature=8 1 8 0 4 0 10 2 1 13 13 12 0 2 12 0 13 13 2 13 5 0 12 2 0 0 6 8 13 13
split_gain=0.117385 0.0932698 0.143855 0.120744 0.084777 0.11777 0.0702094 0.0627328 0.0622347 0.0791504 0.0556311 0.0655799 0.105355 0.0506314 0.0495161 0.0615295 0.0494164 0.0488763 0.0661499 0.0568683 0.0446082 0.0443176 0.0473533 0.0430853 0.0430541 0.0782914 0.0424409 0.100797 0.0841447 0.121605
threshold=0.8441295623779298 0.84680575132370006 0.1863425895571709 0.83910790085792553 1.0000000180025095e-35 0.73546314239501964 1.0000000180025095e-35 0.074175827205181136 0.77015754580497753 10.500000000000002 4.5000000000000009 8.5000000000000018 0.78319624066352855 0.41428571939468389 1.5000000000000002 0.82009246945381176 5.5000000000000009 88.500000000000014 0.73214286565780651 80.500000000000014 1.0000000180025095e-35 0.88273492455482494 11.500000000000002 0.44949495792388922 0.51087471842765819 0.61451050639152538 0.86501669883728038 0.54006412625312816 1.0000000180025095e-35 4.5000000000000009
decision_type=2 2 2 2 2 2 2 2 2 2 2 2 2 2 2 2 2 2 2 2 2 2 2 2 2 2 2 2 2 2
left_child=1 2 3 -1 5 7 17 -4 -6 14 -8 -12 -13 -7 15 -10 21 19 -19 24 -11 22 -2 -9 -3 -26 27 28 -27 -30
right_child=16 6 4 -5 8 13 10 23 9 20 11 12 -14 -15 -16 -17 -18 18 -20 -21 -22 -23 -24 -25 25 26 -28 -29 29 -31
leaf_value=-0.048080829360068043 -0.0060485384785001241 0.038381796234246673 -0.0085632011273261525 0.055055375869923741 0.013879013194731754 0.043187373366594416 0.034441489528359452 -0.053173548017200326 -0.021435603740470807 0.058113992733324273 0.016768604999749619 0.022911747454849269 -0.046677998263098361 -0.024990619725964926 -0.032376645523185518 0.034694877737310288 0.040722559408145953 -0.016465550834159154 0.044691172030961512 -0.050219517260785655 0.0039589198647355375 0.048006074537208038 0.044353607411709801 -0.0067262581705420862 -0.042634410379966417 0.034072015281013994 -0.0090114207874027324 0.015464025894830542 -0.018602142717343749 0.00074589365535525918
leaf_weight=0.32845139017494718 0.25899050445923499 0.070465175630762711 0.20532386378235368 0.031061931094072293 0.63200500081838129 0.091960509096423948 0.2443938788397596 0.25426252959871221 0.12826054159404521 0.054228472438353492 0.50701351026998509 0.097529777723252664 0.12295560257462057 0.038687807474957481 0.27754789815787717 0.078830490364680372 0.21641097555584565 0.066474072480219415 0.1320529697695747 0.057994499279204414 0.12726600342608663 0.066229167615347251 0.056825448630661413 0.062128400523079108 0.11074068675798443 0.1643670350107892 1.2131382620277689 1.0469060581303891 0.9557634059165564 5.4033250018465822
leaf_count=66459 167 1342 811 401 994 182 376 4221 39 10 475 53 24 23 158 25 235 49 15 69 165 191 93 38 1467 592 344 401 4580 15909
internal_value=-1.54024e-09 -0.00103543 -0.0101069 -0.0391699 -0.00475005 -0.0194546 0.00102039 -0.0300857 0.00263953 -0.00802411 0.0138024 0.00686897 -0.0158956 0.0229984 -0.0185713 -6.91866e-05 0.0216325 -0.000326802 0.0242137 -0.000866767 0.0201398 0.0108189 0.00302043 -0.0440529 -0.000547494 -0.000855914 -0.000329179 0.00106214 -0.00124913 -0.00216209
internal_weight=13.1016 12.5031 2.31001 0.359513 1.9505 0.652363 10.1931 0.521715 1.29814 0.666133 0.971893 0.727499 0.220485 0.130648 0.484639 0.207091 0.598456 9.22123 0.198527 9.0227 0.181494 0.382045 0.315816 0.316391 8.96471 8.89424 8.7835 7.57036 6.52346 6.35909
internal_count=99908 99222 73526 66860 6666 5275 25696 5070 1391 397 928 552 77 205 222 64 686 24768 64 24704 175 451 260 4259 24635 23293 21826 21482 21081 20489
is_linear=0
shrinkage=0.05


Tree=145
num_leaves=31
num_cat=0
split_feature=8 1 8 0 4 0 10 2 1 13 13 12 0 2 13 12 12 11 0 4 12 13 2 8 1 1 0 13 13 1
split_gain=0.11337 0.0859072 0.12877 0.127737 0.0738324 0.103636 0.0650032 0.0571453 0.0542625 0.0688977 0.0494908 0.0583822 0.0937743 0.0442719 0.0436064 0.0426503 0.0577583 0.0419627 0.0414396 0.0407726 0.0403925 0.0403597 0.0398773 0.0394893 0.0631135 0.0603059 0.0679044 0.0374507 0.0367558 0.0354119
threshold=0.8441295623779298 0.84680575132370006 0.1863425895571709 0.83910790085792553 1.0000000180025095e-35 0.73546314239501964 1.0000000180025095e-35 0.074175827205181136 0.77015754580497753 10.500000000000002 4.5000000000000009 8.5000000000000018 0.78319624066352855 0.41428571939468389 5.5000000000000009 1.5000000000000002 1.0000000180025095e-35 1.0000000180025095e-35 0.91024166345596325 1.0000000180025095e-35 11.500000000000002 36.500000000000007 0.44949495792388922 0.76696833968162548 0.76123407483100902 0.72850123047828685 0.63582888245582592 106.50000000000001 71.500000000000014 0.66260164976120006
decision_type=2 2 2 2 2 2 2 2 2 2 2 2 2 2 2 2 2 2 2 2 2 2 2 2 2 2 2 2 2 2
left_child=1 2 3 -1 5 7 17 29 23 15 19 -12 -13 -7 18 16 -10 -3 20 -8 -2 -5 28 24 25 -6 -27 -19 -9 -4
right_child=14 6 4 21 8 13 10 22 9 -11 11 12 -14 -15 -16 -17 -18 27 -20 -21 -22 -23 -24 -25 -26 26 -28 -29 -30 -31
leaf_value=-0.047879453869131748 -0.0038918037129487175 -0.06252436071589422 -0.013293281072421557 -0.051259364568619438 0.017414357717001942 0.041528721715901676 -0.0037222674974731469 -0.055240864082122171 -0.033730830905212068 0.018874658429628096 0.01611605874477556 0.02143899953547216 -0.045953141428580063 -0.023217766463102522 0.039880416877126429 -0.030848051075776664 0.021089941357248541 -0.0004027895792206509 0.050741475134179675 0.044937396165143383 0.04362736233812442 0.085022617549718321 -0.0075454659774258333 -0.027477474661164205 0.050586023788286298 0.048783045957776751 -0.052969380192235661 0.041582775404282346 0.081148588110207392 0.081826890046305278
leaf_weight=0.31135939734401974 0.2610590130324234 0.027049688269013994 0.19113590467492225 0.0068903708698968549 0.36704729951055981 0.087077089760214221 0.056631275143104953 0.23077850142097844 0.079187173689660995 0.17440263230668052 0.49863514292576383 0.094421831084332553 0.1138674516514584 0.037890348616883784 0.20876611703943126 0.27102835220773613 0.12217841129745466 9.0233091139992396 0.056526515473819927 0.17950508259832532 0.053964395988714386 0.025678970226607589 0.063011087404220234 0.055694312213745434 0.11030840246917251 0.021624022595744918 0.067823381952280215 0.053427433093930499 0.0050477907643653444 0.010312552618415793
leaf_count=66459 192 93 805 347 743 182 53 4193 28 175 475 53 24 23 235 158 36 24661 166 323 93 54 38 25 47 73 106 14 28 6
internal_value=-1.17198e-09 -0.0010201 -0.00987799 -0.0380242 -0.00476843 -0.018832 0.00095347 -0.0290058 0.00215925 -0.00798276 0.0134493 0.00682927 -0.0154029 0.0218975 0.0215956 -0.0178982 -0.00046837 -0.000340968 0.0113217 0.0332676 0.00424836 0.0561908 -0.0428803 0.0126971 0.0166447 0.00844307 -0.0283706 -0.000155654 -0.0523215 -0.00842389
internal_weight=12.8656 12.2853 2.23848 0.343929 1.89455 0.625253 10.0468 0.500286 1.26929 0.646797 0.943061 0.706924 0.208289 0.124967 0.580316 0.472394 0.201366 9.10379 0.37155 0.236136 0.315023 0.0325693 0.298837 0.622497 0.566803 0.456495 0.0894474 9.07674 0.235826 0.201448
internal_count=99908 99222 73526 66860 6666 5275 25696 5070 1391 397 928 552 77 205 686 222 64 24768 451 376 285 401 4259 994 969 922 179 24675 4221 811
is_linear=0
shrinkage=0.05


Tree=146
num_leaves=31
num_cat=0
split_feature=7 1 0 2 7 2 1 12 4 1 7 13 8 12 8 8 0 10 7 6 8 6 13 13 12 7 7 13 0 13
split_gain=0.10525 0.076021 0.0691856 0.116862 0.0826746 0.0821785 0.0599702 0.0587259 0.0544125 0.0579745 0.0549942 0.052818 0.0685293 0.0507418 0.0506305 0.0479671 0.0474607 0.039291 0.0533597 0.0529946 0.0618013 0.083379 0.097212 0.0926001 0.0990571 0.119169 0.077116 0.0769905 0.0895152 0.0768266
threshold=0.99783548712730419 0.55625879764556896 0.58561220765113842 0.44949495792388922 0.88478556275367748 0.080128207802772536 0.74862638115882885 9.5000000000000018 1.0000000180025095e-35 0.70647653937339794 0.61298426985740673 8.5000000000000018 0.94281044602394115 20.500000000000004 0.89181286096572887 0.69615384936332714 0.87298336625099193 1.0000000180025095e-35 0.9765610694885255 0.86501669883728038 0.48913043737411505 0.78696113824844371 1.0000000180025095e-35 4.5000000000000009 4.5000000000000009 0.61826965212821972 0.82793453335762035 1.0000000180025095e-35 0.91945946216583263 3.5000000000000004
decision_type=2 2 2 2 2 2 2 2 2 2 2 2 2 2 2 2 2 2 2 2 2 2 2 2 2 2 2 2 2 2
left_child=2 -2 3 4 -1 -4 8 -5 -7 10 -10 12 16 -9 17 -12 -3 19 -19 20 21 22 -8 24 25 -24 -27 -22 29 -29
right_child=1 11 5 7 -6 6 14 13 9 -11 15 -13 -14 -15 -16 -17 -18 18 -20 -21 27 -23 23 -25 -26 26 -28 28 -30 -31
leaf_value=-0.051079086178850708 -0.030001531981519114 -0.0085434340796659118 0.035144419658055183 0.037218518873548705 -0.0078445719164610631 -0.051563739505177258 0.042066776738468099 -0.055703830469492191 -0.050144823240687211 -0.051074481202481016 0.024294240978445614 0.050287539890466172 0.050662253806076765 0.051845215855663908 0.054170992573914535 -0.054583708249602098 0.049939546401179855 0.01294785914543559 -0.016681664511543983 -0.010233196807809462 -0.02377573277983527 -0.023574776263138968 -0.050629017816371372 0.00067026283537752174 -0.053626329872168338 0.032691230090939265 -0.016874931351616454 0.024585268245958369 0.039424018451077902 -0.0013236016480943399
leaf_weight=0.23669611663160139 0.065113161529553376 0.19951849270410094 0.1628882217711255 0.11888179625522355 0.20751455339927816 0.10083381838801386 0.13161104299422088 0.0390878255457352 0.039675190911758307 0.063213389245763807 0.16035743447190498 0.16844139279282899 0.1010606293117462 0.015244322611891903 0.043057627335657211 0.021907124479184859 0.041992206178974811 1.0022046930670008 0.17910687803214376 1.3916152456008593 0.16519976904964995 0.41586022417550328 0.1174330830919742 5.4495254123751025 0.16090783104300144 0.16019273882167795 0.15382383466749161 0.41910447714144516 0.25185185435043411 0.90175844647455961
leaf_count=32856 39 96 960 627 356 8344 1068 305 11340 4197 205 272 331 36 9 6 105 940 64 372 43 126 4616 28704 3258 94 42 96 189 212
internal_value=-4.09811e-10 0.0208799 -0.000993387 -0.0172984 -0.0308819 -0.000117384 -0.000624367 0.0175367 -0.0199941 -0.00883072 0.00320125 0.0273632 0.0160914 -0.0255281 5.88369e-05 0.0148136 0.00162518 -0.000154915 0.00845552 -0.0012015 0.000307839 -0.00190429 -0.000444517 -0.00137055 -0.0201454 -0.00765881 0.0084108 0.00869519 0.012106 0.00689718
internal_weight=12.6857 0.576126 12.1096 0.617425 0.444211 11.4921 11.3292 0.173214 0.385987 0.285153 0.22194 0.511013 0.342571 0.0543321 10.9433 0.182265 0.241511 10.9002 1.18131 9.71888 8.32727 6.58935 6.17349 6.04188 0.592357 0.43145 0.314017 1.73791 1.57271 1.32086
internal_count=99908 843 99065 34180 33212 64885 63925 968 24092 15748 11551 804 532 341 39833 211 201 39824 1004 38820 38448 37908 37782 36714 8010 4752 136 540 497 308
is_linear=0
shrinkage=0.05


Tree=147
num_leaves=31
num_cat=0
split_feature=8 0 6 13 2 13 1 12 12 0 13 8 8 8 10 1 7 7 0 7 13 0 2 8 4 11 0 13 13 8
split_gain=0.10323 0.0773614 0.0670176 0.0540846 0.0532304 0.0481373 0.0462217 0.0807906 0.0524691 0.0653363 0.065386 0.0664544 0.0587729 0.0545985 0.044341 0.0482842 0.0389736 0.0494886 0.0562776 0.0603129 0.0388987 0.0368177 0.0366421 0.0564558 0.0387719 0.0357992 0.0346478 0.06214 0.0562658 0.089157
threshold=0.8441295623779298 0.64174234867095958 0.56263527274131786 106.50000000000001 0.087121214717626586 41.500000000000007 0.55941176414489757 12.500000000000002 2.5000000000000004 0.51649147272109996 8.5000000000000018 0.61721614003181469 0.56385868787765514 0.42582418024539953 1.0000000180025095e-35 0.6900656819343568 0.99783548712730419 0.9765610694885255 0.88273492455482494 0.5970856547355653 5.5000000000000009 0.91024166345596325 0.64583334326744091 0.91287881135940563 1.0000000180025095e-35 1.0000000180025095e-35 0.78830561041831981 4.5000000000000009 9.5000000000000018 0.41042780876159674
decision_type=2 2 2 2 2 2 2 2 2 2 2 2 2 2 2 2 2 2 2 2 2 2 2 2 2 2 2 2 2 2
left_child=1 2 5 4 -3 -1 7 -4 12 -10 -11 -12 13 -8 15 -6 17 18 26 -20 21 22 24 -24 -2 -17 28 -28 -16 -30
right_child=20 3 6 -5 14 -7 8 -9 9 10 11 -13 -14 -15 16 25 -18 -19 19 -21 -22 -23 23 -25 -26 -27 27 -29 29 -31
leaf_value=-0.045067796229214085 -0.012707814170833673 0.033750568220999387 -0.054289127251394724 0.055730391178904604 -0.044646454333353784 -0.0035015800101844789 0.036350981642281892 0.0047446439760279726 0.029407604702702553 -0.037884432024743418 -0.047855954327731022 0.035703340834845824 0.052607236348955845 -0.037748444707624701 0.026209298607742505 -0.061821700804096193 0.051087079107811476 -0.023894344259596814 -0.043185242883721102 0.050832009105117065 0.039223528959059041 0.050665353980555605 -0.04245475332328736 0.050709746488114549 0.032554749925714922 -0.00090189802612046933 0.032247272029099168 -0.018638501067709111 0.041711094773756792 -0.045471611863763167
leaf_weight=0.22865401438940114 0.073575481281296429 0.11631477756558162 0.11482058845029286 0.043884105694019904 0.063959991086385837 0.10016593378698602 0.046780743126426216 0.11702518311154364 0.087356776546243964 0.18675329762204029 0.034155374999343735 0.078438735559757333 0.090519471695643006 0.053050658513257076 0.31050819867607582 0.024177166272852157 0.053076960628231862 0.11416958651352616 0.019571211218988083 0.13285340328604889 0.19443276181186775 0.050845809346697024 0.071987920606261468 0.021005947670687419 0.13254777147062669 9.4548734366191791 0.078502402912135949 0.25448751788076152 0.046394083119025709 0.079704253517320467
leaf_count=43434 95 497 1506 24 6206 1860 265 630 402 502 487 26 50 35 188 46 105 35 13 445 235 166 24 72 94 42088 66 120 156 36
internal_value=1.83932e-09 -0.000971609 -0.0133725 0.000335662 0.000109498 -0.0324058 -0.00563536 -0.0244916 0.00194058 -0.00863736 -0.0197398 0.0103557 0.02343 -0.00302564 -0.000258528 -0.00134943 0.00929877 0.00715824 0.0110033 0.0387603 0.0212924 0.0113303 0.00464384 -0.0214103 0.0163983 -0.00105728 0.00550586 -0.00664218 0.0147709 -0.0133954
internal_weight=12.4746 11.9302 1.13772 10.7925 10.7486 0.32882 0.808901 0.231846 0.577055 0.386704 0.299347 0.112594 0.190351 0.0998314 10.6323 9.54301 1.08927 1.03619 0.922021 0.152425 0.544396 0.349963 0.299117 0.0929939 0.206123 9.47905 0.769596 0.33299 0.436607 0.126098
internal_count=99908 99222 49197 50025 50001 45294 3903 2136 1767 1417 1015 513 350 300 49504 48340 1164 1059 1024 458 686 451 285 96 189 42134 566 186 380 192
is_linear=0
shrinkage=0.05


Tree=148
num_leaves=31
num_cat=0
split_feature=8 1 7 0 2 8 10 1 4 13 0 13 0 13 8 8 1 7 8 0 8 8 0 1 6 5 1 2 13 13
split_gain=0.0981593 0.0745833 0.0990452 0.0867075 0.0803722 0.0617261 0.0573082 0.0573056 0.0511554 0.0422425 0.0475766 0.0732493 0.0624524 0.0509177 0.072041 0.0530425 0.0486306 0.0394935 0.0558303 0.0418355 0.0394254 0.0393661 0.0379636 0.0430213 0.0405097 0.0370499 0.0370198 0.0370169 0.0363691 0.0507824
threshold=0.8441295623779298 0.84680575132370006 0.87198767066001903 0.836786448955536 0.27922078967094427 0.1863425895571709 1.0000000180025095e-35 0.84475743770599376 1.0000000180025095e-35 4.5000000000000009 0.78142958879470836 9.5000000000000018 0.8019607961177827 10.500000000000002 0.21240601688623431 0.73030304908752453 0.86616915464401256 0.92380261421203624 0.48913043737411505 0.83438816666603099 0.22653958946466449 0.45227272808551794 0.81530213356018078 0.84273937344551098 0.63191848993301403 1.0000000180025095e-35 0.73942822217941295 0.19090909510850909 88.500000000000014 80.500000000000014
decision_type=2 2 2 2 2 2 2 2 2 2 2 2 2 2 2 2 2 2 2 2 2 2 2 2 2 2 2 2 2 2
left_child=1 2 3 5 -5 -1 28 17 -7 25 11 -11 -12 15 -15 16 -14 18 21 22 -10 -4 23 24 -19 -8 27 -20 29 -3
right_child=-2 6 7 4 -6 8 9 -9 20 10 12 -13 13 14 -16 -17 -18 19 26 -21 -22 -23 -24 -25 -26 -27 -28 -29 -30 -31
leaf_value=-0.047566972822337628 0.02118105849025614 -0.00046456617909498323 0.00085067033391463182 0.078499471598833123 -0.020947919943825999 -0.0371363964842703 -0.0011778890566226928 -0.049980689261854325 0.031147889476136555 0.049292673129231163 -0.048449432898418861 -0.0056309404924743947 -0.055498844884053794 -0.04574394978348123 0.047898431081637161 -0.035357633606910362 0.031699553614581578 0.027145639555463692 0.027767340016156647 0.05230773345319234 -0.014157707920835814 -0.060931053685064102 -0.043646817477600505 0.052579965251107585 -0.012877911541611553 0.045183611636380926 0.039339174932110227 -0.026269384097993856 0.022587647406351746 -0.049656076327041276
leaf_weight=0.27375571574509594 0.52368102735374655 8.6334773229692807 0.14639254409064484 0.038120211722926456 0.043502646774555842 0.18893183281777937 0.059569661990850231 0.056547798034443875 0.06399795236811201 0.13291580993507068 0.065428665897570681 0.1117377492344076 0.019764754285915842 0.025568425069877776 0.10441003600749355 0.10535006288660043 0.083708340818020588 0.072482888744502816 0.073547229355654054 0.02934837473276275 0.19232217980632527 0.031295430457475959 0.069565253153996309 0.031158357858657837 0.49481704885579347 0.15580565112844624 0.18550097179831937 0.055691306971993981 0.17000970078410738 0.05278617560269161
leaf_count=66388 686 24635 201 115 373 4596 61 13 540 56 32 81 5 29 154 48 147 80 108 24 562 33 25 1 366 315 37 64 64 69
internal_value=7.08438e-10 -0.000942605 -0.00961696 -0.0233395 0.0254969 -0.0288834 0.000884065 -0.000801867 -0.0173962 0.0131736 0.00680514 0.0242081 -0.00372767 0.0049089 0.0294778 -0.0103836 0.0150435 0.00153546 0.0123762 -0.00611935 -0.00284582 -0.0100307 -0.00868624 -0.00462239 -0.00776417 0.0323607 0.0250261 0.0044819 -0.000315241 -0.000763502
internal_weight=12.2912 11.7675 2.04698 0.800631 0.0816229 0.719008 9.72053 1.24635 0.445252 0.864259 0.648884 0.244654 0.40423 0.338802 0.129978 0.208823 0.103473 1.1898 0.492427 0.697372 0.25632 0.177688 0.668024 0.598458 0.5673 0.215375 0.31474 0.129239 8.85627 8.68626
internal_count=99908 99222 73526 72574 488 72086 25696 952 5698 928 552 137 415 383 183 200 152 939 443 496 1102 234 472 447 446 376 209 172 24768 24704
is_linear=0
shrinkage=0.05


Tree=149
num_leaves=31
num_cat=0
split_feature=10 8 0 8 4 8 0 0 8 8 2 1 1 0 0 0 0 6 8 13 0 0 13 2 1 13 6 13 7 2
split_gain=0.0888932 0.0564137 0.05966 0.0783 0.0769551 0.0596586 0.0524416 0.0451858 0.0513346 0.044146 0.0372225 0.0731605 0.0648766 0.0926304 0.0565881 0.0678966 0.0421694 0.0380143 0.0737245 0.0932301 0.0790201 0.113501 0.0607215 0.0956571 0.0740411 0.0569843 0.0901672 0.0652333 0.0838971 0.0914795
threshold=1.0000000180025095e-35 0.94281044602394115 0.61451050639152538 0.20942982286214831 1.0000000180025095e-35 0.56385868787765514 0.88273492455482494 0.43693181872367864 0.89181286096572887 0.35504202544689184 0.080128207802772536 0.74862638115882885 0.75134408473968517 0.83910790085792553 0.69183287024497997 0.70299971103668224 0.61620295047760021 0.86501669883728038 0.54006412625312816 1.0000000180025095e-35 0.91024166345596325 0.7320508360862733 3.5000000000000004 0.73214286565780651 0.84680575132370006 1.0000000180025095e-35 0.78696113824844371 4.5000000000000009 0.61826965212821972 0.93750000000000011
decision_type=2 2 2 2 2 2 2 2 2 2 2 2 2 2 2 2 2 2 2 2 2 2 2 2 2 2 2 2 2 2
left_child=1 2 3 -1 -5 9 7 -2 -9 -6 -4 14 13 -13 -12 -16 -14 18 25 -20 21 -21 23 -23 -24 26 -18 28 -27 -30
right_child=6 -3 10 4 5 -7 -8 8 -10 -11 11 12 16 -15 15 -17 17 -19 19 20 -22 22 24 -25 -26 27 -28 -29 29 -31
leaf_value=-0.048323238040181307 -0.0511940280992675 0.05103469562104597 0.02864043511041375 -0.023542892348469124 0.017905227491907351 0.04128089863658238 0.032628587275535956 0.00617345842723626 0.048754626207307028 -0.043808124275473009 -0.049499389914055891 -0.053437355357565476 0.056344100244264152 0.09349117170165977 0.041984863838956471 -0.039549419535900014 0.042947277800904474 -0.0085157609469751379 -0.027725628106351555 0.046838443110722189 0.0474239919968166 0.04534731391103225 -0.055019763118103443 -0.019205433675098745 6.6135405746444679e-05 -0.051374687753846827 -0.064807044770461245 -0.00033771589737600265 -0.012828567740066937 0.052505797796814135
leaf_weight=0.14796761866890662 0.032131986669495016 0.050703733258502193 0.10585413411391797 0.3069642609037686 0.064070664231365981 0.11003486873778456 0.24595081497773197 1.1054224818486345 0.075622850774607175 0.052907860441791854 0.13693126126595956 0.014682512118695423 0.03217753972617643 0.039818670859290251 0.049182781206837944 0.053100675766554417 0.13765101622223053 1.4271201526107677 0.13558070349245088 0.17575315547628612 0.17136519662767569 0.1626638840243686 0.07040993741247803 0.088673520418524276 0.45644999540900244 0.13156082826772297 0.022601934993872419 5.6680275256932262 0.81876395891332976 0.057328633022734721
leaf_count=37532 194 100 670 2968 390 38 736 1187 181 55 12804 1252 202 19 1426 4418 958 445 36 65 189 42 12 17 141 6999 5 26509 256 62
internal_value=4.09414e-10 -0.00158035 -0.00183113 -0.0161382 -0.00721956 0.0148526 0.0115763 0.00730831 0.00889995 -0.0100069 -0.00085113 -0.00116807 -0.000488222 0.0539089 -0.0284815 -0.000343834 -0.000798463 -0.000991525 0.000334672 0.0114437 0.016163 0.0105473 0.00235108 0.0225727 -0.00729558 -0.00171441 0.0277497 -0.00242171 -0.0141441 -0.0085533
internal_weight=12.1475 10.6883 10.6376 0.681945 0.533978 0.227013 1.45913 1.21318 1.18105 0.116979 9.9557 9.84984 9.61063 0.0545012 0.239215 0.102283 9.55613 9.52395 8.09683 1.2609 1.12532 0.95395 0.778197 0.251337 0.52686 6.83593 0.160253 6.67568 1.00765 0.876093
internal_count=99908 97610 97510 40983 3451 483 2298 1562 1368 445 56527 55857 37209 1271 18648 5844 35938 35736 35291 502 466 277 212 59 153 34789 963 33826 7317 318
is_linear=0
shrinkage=0.05


Tree=150
num_leaves=31
num_cat=0
split_feature=8 0 2 13 8 7 13 13 2 7 13 2 13 0 0 0 1 8 0 5 8 2 13 7 6 13 0 8 1 0
split_gain=0.0840174 0.0704016 0.351004 0.36937 0.076834 0.195539 0.184261 0.419834 0.116955 0.106013 0.142698 0.100579 0.0939829 0.0902456 0.0839452 0.261832 0.0751613 0.0901952 0.106317 0.0900258 0.104521 0.0903057 0.0729257 0.0736008 0.0713725 0.101277 0.0981792 0.0781708 0.143246 0.0758551
threshold=0.8441295623779298 0.64174234867095958 0.26136364042758947 41.500000000000007 0.054804805666208274 0.22557927668094638 39.500000000000007 55.500000000000007 0.93750000000000011 0.65129569172859203 6.5000000000000009 0.77500000596046459 41.500000000000007 0.99450549483299266 0.94804319739341747 0.90521115064620983 0.97182539105415355 0.3717105239629746 0.94185259938240062 1.0000000180025095e-35 0.69615384936332714 0.6904762089252473 2.5000000000000004 0.90976935625076305 0.90125367045402538 1.0000000180025095e-35 0.87570226192474376 0.48913043737411505 0.94570022821426403 0.72834226489067089
decision_type=2 2 2 2 2 2 2 2 2 2 2 2 2 2 2 2 2 2 2 2 2 2 2 2 2 2 2 2 2 2
left_child=1 -1 3 -3 5 6 14 13 11 10 -10 12 16 -8 15 -4 17 18 -6 -18 21 -21 23 -13 -19 -26 29 -28 -29 -27
right_child=-2 2 4 -5 8 -7 7 -9 9 -11 -12 22 -14 -15 -16 -17 19 24 -20 20 -22 -23 -24 -25 25 26 27 28 -30 -31
leaf_value=-0.013340553066072123 0.020116993951433178 0.008463666687494386 -0.0037393352323911271 0.094676036152528939 -0.026796504764004261 -0.050926661291714359 -0.035917272292302647 0.0063422240114719671 -0.058066043445660548 0.045568854135543187 0.023257029049801384 0.035042150247011378 0.030428360162160335 -0.085779125401712106 -0.0022675556001233552 0.074594899295440054 -0.016548524760960602 0.0065349784237488766 0.051062797839869112 0.018606961646961531 0.035234013372916671 -0.0096520780032511837 -0.02817447869429129 -0.024775461717821419 -0.061047808363473156 0.014297489943714964 0.067481380189038542 0.046559026694549886 -0.059119301034497966 -0.039226400503893796
leaf_weight=1.0296775322204741 0.4979190271769206 0.34264049302879129 0.35128191065687886 0.19491642290074651 0.59974340635746193 0.23848100970600317 0.15716727646616835 0.47157276694517236 0.073126326678703779 0.27775623454789411 0.20561852906419631 0.11010727751181537 0.27886064905717933 0.21472701080347179 2.5590598273697083 0.15319550532581161 0.30465805403363755 1.4043909500397265 0.047303374365583295 0.60857633858088866 0.39867337614623477 0.52797756612312696 0.50337599192789639 0.09648622165695997 0.096287621588999062 0.095986084581454634 0.064948791667120531 0.073310684516400215 0.056997506510356288 0.21328497838476324
leaf_count=49197 686 8165 170 378 7177 28854 94 211 464 688 618 21 986 19 112 30 163 646 79 406 146 210 167 24 38 29 7 43 19 61
internal_value=-9.5663e-10 -0.000852467 0.000346982 0.039724 -0.00173173 -0.00697315 -0.00429026 -0.0249841 0.00186718 0.023707 0.00192262 -0.000350291 0.00226253 -0.0647069 0.00140727 0.0200486 0.000514063 -0.00487271 -0.0211045 0.00827926 0.0132062 0.00547944 -0.0179084 0.00710528 0.000365015 -0.0140571 -0.00508909 0.0226699 0.000334755 -0.0226146
internal_weight=12.2481 11.7502 10.7205 0.537557 10.183 4.14549 3.907 0.843467 6.03747 0.556501 0.278745 5.48097 4.771 0.371894 3.06354 0.504477 4.49214 2.65225 0.647047 1.83989 1.53523 1.13655 0.709969 0.206593 2.00521 0.600816 0.504528 0.195257 0.130308 0.309271
internal_count=99908 99222 50025 8543 41482 29490 636 324 11992 1770 1082 10222 10010 113 312 200 9024 8099 7256 925 762 616 212 45 843 197 159 69 62 90
is_linear=0
shrinkage=0.05


Tree=151
num_leaves=31
num_cat=0
split_feature=8 1 8 13 2 0 2 13 13 7 0 1 0 13 0 8 0 13 0 0 12 13 7 6 13 13 0 13 2 8
split_gain=0.0827551 0.0623115 0.0699351 0.146201 0.0667948 0.0671583 0.0697089 0.0593977 0.0612841 0.0578178 0.0550127 0.0531942 0.0525436 0.0483662 0.0608319 0.0453786 0.0475925 0.153921 0.138035 0.14791 0.113377 0.112426 0.100346 0.0965666 0.0800344 0.313164 0.122045 0.103114 0.138202 0.0807033
threshold=0.81534090638160717 0.97182539105415355 0.15707236528396609 29.500000000000004 0.64583334326744091 0.76689496636390697 0.31666667759418493 39.500000000000007 55.500000000000007 0.99783548712730419 0.93405798077583324 0.89825496077537548 0.91545844078063976 32.500000000000007 0.91945946216583263 0.7947368621826173 0.98529094457626354 1.5000000000000002 0.97467949986457836 0.94804319739341747 2.5000000000000004 62.500000000000007 0.68824186921119701 0.60736888647079479 20.500000000000004 29.500000000000004 0.84273937344551098 34.500000000000007 0.77500000596046459 0.19677419215440753
decision_type=2 2 2 2 2 2 2 2 2 2 2 2 2 2 2 2 2 2 2 2 2 2 2 2 2 2 2 2 2 2
left_child=1 2 3 10 5 -5 -7 11 -9 15 -1 -8 -2 -13 -15 16 18 22 19 20 -3 -21 -18 -19 29 26 -26 -27 -29 -22
right_child=12 9 -4 4 -6 6 7 8 -10 -11 -12 13 -14 14 -16 -17 17 23 -20 21 24 -23 -24 -25 25 27 -28 28 -30 -31
leaf_value=-0.052065584451946124 0.011235175714664876 0.043729116459707645 -0.0026499257859250828 -0.054121326026563957 0.056753655886980392 0.063937197069091775 0.045169997328191477 -0.055930315030479238 -0.0001999884023108843 0.04496968534567844 0.02060228772424387 -0.053977888030737158 0.05115826383276461 -0.055310594030324428 0.069564919341751227 -0.04132009334853981 -0.096769293086549205 -0.0025420790939494151 0.047490683946010484 -0.047165635262062022 -0.052186971941688365 0.082121347559696994 0.022057637556331125 0.044185102346510269 0.014862538841364374 -0.043734991517148873 0.095540358341911935 0.025425984042386551 -0.047562894201227175 0.00092850633445556465
leaf_weight=0.28787456371318487 0.60326369943572977 0.18956487638442476 3.5418414526364526 0.066882569588795349 0.043903574697367276 0.038538209076175889 0.078756930273257808 0.088782299058820513 0.1110069472673274 0.077278105704408406 0.028635340286598421 0.037608311596073918 0.095457026815097379 0.015347200686633755 0.026752913267557688 0.061385982316096377 0.068869144172055363 2.8352100902064028 0.18811571502808977 0.20011515984026562 0.073972238835332216 0.018357569601903378 0.023943976448094872 0.11505448640986049 0.069635610155422856 0.11951234319967341 0.1434223211083463 0.29737209443987211 0.082944072411521574 2.151649301287307
leaf_count=65634 512 909 9093 6996 28 216 765 892 479 113 534 69 307 107 33 20 593 5165 585 896 3577 3 54 304 361 196 93 680 56 638
internal_value=1.14651e-09 -0.00105223 -0.0057024 -0.0188216 -0.00219128 -0.00777254 3.9914e-05 -0.00683365 -0.0249654 0.00197056 -0.0454912 0.0160264 0.0166893 -0.0127692 0.0240427 0.00147006 0.0018694 -0.00271433 0.00581563 0.003473 0.00625099 -0.0363021 -0.0661143 -0.000719811 0.00383326 0.0184134 0.0691717 -0.00322301 0.00950766 -0.000836875
internal_weight=11.7811 11.0823 4.36593 0.824089 0.507579 0.463675 0.396793 0.358255 0.199789 6.7164 0.31651 0.158465 0.698721 0.0797084 0.0421001 6.63912 6.57774 3.04308 3.53466 3.34655 3.12807 0.218473 0.0928131 2.95026 2.93851 0.712886 0.213058 0.499829 0.380316 2.22562
internal_count=99908 99089 84846 75753 9585 9557 2561 2345 1371 14243 66168 974 819 209 140 14130 14110 6116 7994 7409 6510 899 647 5469 5601 1386 454 932 736 4215
is_linear=0
shrinkage=0.05


Tree=152
num_leaves=31
num_cat=0
split_feature=10 1 8 13 8 1 6 2 1 6 13 0 1 12 13 2 0 1 0 8 8 1 0 8 6 0 12 0 0 13
split_gain=0.0798269 0.0627005 0.0767146 0.0872972 0.0706181 0.0801783 0.0606911 0.0550086 0.0540994 0.051492 0.144336 0.119136 0.0501357 0.0496164 0.0568544 0.0505803 0.0494302 0.0937545 0.04676 0.0535506 0.0451972 0.0441715 0.0420563 0.0418026 0.103432 0.0694877 0.107958 0.0906171 0.152374 0.0877956
threshold=1.0000000180025095e-35 0.97182539105415355 0.3717105239629746 30.500000000000004 0.21240601688623431 0.94185259938240062 0.80866709351539623 0.64583334326744091 0.96720427274703991 0.90125367045402538 1.0000000180025095e-35 0.87298336625099193 0.98683983087539684 2.5000000000000004 12.500000000000002 0.44949495792388922 0.78830561041831981 0.90645834803581249 0.43693181872367864 0.89181286096572887 0.86811593174934398 0.84028983116149913 0.89512962102890026 0.61721614003181469 0.74646764993667614 0.94804319739341747 5.5000000000000009 0.97726097702980053 0.98147514462471019 38.500000000000007
decision_type=2 2 2 2 2 2 2 2 2 2 2 2 2 2 2 2 2 2 2 2 2 2 2 2 2 2 2 2 2 2
left_child=1 2 3 4 22 6 13 -5 9 20 -11 21 -3 14 15 -6 17 -15 -2 -20 -4 -12 -1 24 25 26 -14 29 -29 -27
right_child=18 12 8 7 5 -7 -8 -9 -10 10 11 -13 23 16 -16 -17 -18 -19 19 -21 -22 -23 -24 -25 -26 27 -28 28 -30 -31
leaf_value=-0.051035791703954558 -0.050632667854257754 0.042629851949618131 0.0033594934755866641 -0.0040581003273538665 -0.015037107256659394 0.054035244959393436 -0.05591027927570355 0.056749063661101856 -0.055090068174163093 -0.069808000751687707 -0.0012613325142059155 0.033556514426639698 0.023452914613970394 -0.02464287150886478 -0.041991641353480831 0.043593944972437917 -0.058152120670090117 0.083871329191643848 0.0099093584557074597 0.048851603731451768 0.053613061601982204 -0.042286549239380876 -0.014220786768928113 0.010868035650196776 -0.017986556850765129 -0.056539377489233801 -0.0044220813396737444 0.061090433993868945 -0.0022035502150695367 0.057509580679605571
leaf_weight=0.27972487477915409 0.029838092154041429 0.073314804171616177 1.6277800050192119 0.56489780587153327 0.058705644599520213 0.041051511710975319 0.090201804692725318 0.039814417141997183 0.044667769347142783 0.092784511027730221 0.132985686492475 0.15702300302450567 0.80037032732954549 0.15838693652187885 0.045084685625596421 0.098510880115100008 0.080211052039430797 0.022765908472138108 1.2555690021776902 0.09495656620020998 0.046006794215600055 0.12950684203497076 0.10734408210083757 0.92193032935813324 0.74157803063292238 0.12316029149377561 0.61367380557291185 0.098295491639533217 2.9143640209957198 0.019553543574147625
leaf_count=67520 194 183 1506 9827 453 12 41 29 14 66 79 47 1755 2653 228 41 56 14 1776 328 46 35 1095 493 270 860 4121 116 6032 18
internal_value=-3.05997e-09 -0.00153797 -0.00659545 -0.0149997 -0.024203 -0.0133877 -0.018385 -5.45401e-05 -0.000617622 0.0004954 -0.0133752 -0.000893869 0.00152356 -0.0110847 0.00750631 0.0217007 -0.0254746 -0.0110056 0.0112796 0.0126474 0.0047408 -0.0215021 -0.0408261 0.00104004 -0.000665988 0.002145 0.0113556 -0.00198263 -0.000138427 -0.0409133
internal_weight=11.5041 10.1237 3.81745 1.5867 0.981987 0.594918 0.553867 0.604712 2.23075 2.18609 0.5123 0.419516 6.30624 0.463665 0.202301 0.157217 0.261364 0.181153 1.38036 1.35053 1.67379 0.262493 0.387069 6.23293 5.311 4.56942 1.41404 3.15537 3.01266 0.142714
internal_count=99908 97610 83762 81969 72113 3498 3486 9856 1793 1779 227 161 13848 3445 722 494 2723 2667 2298 2104 1552 114 68615 13665 13172 12902 5876 7026 6148 878
is_linear=0
shrinkage=0.05


Tree=153
num_leaves=31
num_cat=0
split_feature=13 0 8 0 0 12 13 13 8 8 6 2 8 13 13 7 1 2 1 8 13 6 0 0 1 13 0 13 0 1
split_gain=0.0773596 0.158843 0.126271 0.119892 0.0942872 0.259437 0.174947 0.126179 0.0829258 0.0778089 0.0590083 0.0567222 0.0743836 0.124039 0.073357 0.0701414 0.158381 0.0869851 0.0939954 0.0555887 0.0846491 0.0700869 0.0629169 0.137681 0.103626 0.0663643 0.0602357 0.0536909 0.0547212 0.0897889
threshold=1.0000000180025095e-35 0.93908473849296581 0.61721614003181469 0.9529346525669099 0.90521115064620983 3.5000000000000004 13.500000000000002 29.500000000000004 0.58957219123840343 0.97499999403953563 0.25233972072601324 0.93750000000000011 0.1863425895571709 25.500000000000004 43.500000000000007 0.80101522803306591 0.90645834803581249 0.31666667759418493 0.95040982961654674 0.44222222268581396 2.5000000000000004 0.55453866720199596 0.97726097702980053 0.98147514462471019 0.94185259938240062 30.500000000000004 0.93908473849296581 2.5000000000000004 0.84273937344551098 0.82426470518112194
decision_type=2 2 2 2 2 2 2 2 2 2 2 2 2 2 2 2 2 2 2 2 2 2 2 2 2 2 2 2 2 2
left_child=1 8 4 -3 11 19 -7 10 -1 -10 -8 12 13 -2 15 16 -14 -18 -19 20 -6 22 24 -24 -22 -26 -23 28 29 -17
right_child=2 3 -4 -5 5 6 7 -9 9 -11 -12 -13 14 -15 -16 27 17 18 -20 -21 21 26 23 -25 25 -27 -28 -29 -30 -31
leaf_value=0.020036139109107582 -0.049129032519649174 -0.091493726838876993 0.011012057314911497 0.020107536466302204 -0.039017256545524265 -0.011663775814286577 0.096657001188901845 0.019880652206311522 -0.029230675345665286 0.028716673638838036 0.034946733964786814 0.0241492739950489 -0.014338227774892177 -0.0089206011524457871 0.022971979651582597 0.026302665362696362 0.099757458931132956 -0.036742560837613646 0.038445953508728342 0.020751916147634455 0.014044702219394821 -0.0085570665307955051 0.060087610623669033 -0.0024942092496077956 -0.062742268323885783 -0.010440648528404935 0.04388730000805225 -0.016283533220962404 0.030139457008924782 -0.031773367909903746
leaf_weight=0.21625997746930536 0.2762069753064339 0.1017040638782305 2.4636257246750111 0.031524638231900326 0.15392417318705121 0.12946063270894104 0.15531489346176386 0.14059589894316105 0.31627695617271456 0.070919603581387491 0.051610620417932296 0.1360717153467873 0.38921666558062007 0.62770279953743646 0.22029744856142475 0.11057887992842541 0.043151108824531548 0.05232736214520628 0.20212811966331401 0.27076508644057629 0.12990429889326627 0.085402625170900026 0.090749316080462328 2.7848342680915579 0.14599973396116184 0.10375367207976183 0.15255319237064668 1.5211612990797219 0.13516121214433952 0.16716107724550966
leaf_count=3106 64789 40 1509 348 1210 160 7 63 143 215 82 865 4818 13186 280 148 6 43 101 231 478 26 127 4938 1211 132 161 1384 37 64
internal_value=-2.17064e-10 -0.015674 0.00107515 -0.0650866 -0.00188288 0.00313238 0.0379491 0.0564311 -0.00476488 -0.0186169 0.0812654 -0.00756195 -0.00871413 -0.0212071 -0.00473955 -0.00706884 0.00665722 0.0341155 0.0229839 -0.00110637 -0.00272915 -0.00113015 -0.00304499 -0.000519216 -0.0221756 -0.0410149 0.025065 -0.0119432 0.00404681 -0.00865108
internal_weight=11.4763 0.736685 10.7397 0.133229 8.27603 4.39487 0.476982 0.347521 0.603457 0.387197 0.206926 3.88116 3.74509 0.90391 2.84118 2.62089 0.686823 0.297607 0.254455 3.91789 3.64712 3.4932 3.25524 2.87558 0.379658 0.249753 0.237956 1.93406 0.412901 0.27774
internal_count=99908 3852 96056 388 94547 8826 312 152 3464 358 89 85721 84856 77975 6881 6601 4968 150 144 8514 8283 7073 6886 5065 1821 1343 187 1633 249 212
is_linear=0
shrinkage=0.05


Tree=154
num_leaves=31
num_cat=0
split_feature=8 13 8 0 2 0 2 2 13 0 4 7 7 1 1 12 13 8 8 12 0 8 0 1 8 7 12 5 12 7
split_gain=0.0739214 0.0885011 0.0803083 0.0719444 0.0553417 0.0583844 0.0520631 0.0570049 0.110025 0.0541394 0.0744969 0.0595904 0.050175 0.0425333 0.0695895 0.0602097 0.0544684 0.0928781 0.0508234 0.0754595 0.064083 0.0422389 0.0409467 0.0371994 0.0366189 0.0383354 0.04921 0.0687223 0.0342938 0.0341828
threshold=0.61721614003181469 1.0000000180025095e-35 0.97499999403953563 0.60814526677131664 0.44949495792388922 0.51649147272109996 0.84523808956146251 0.77500000596046459 3.5000000000000004 0.87298336625099193 1.0000000180025095e-35 0.92380261421203624 0.88478556275367748 0.96824595332145702 0.93908473849296581 1.0000000180025095e-35 15.500000000000002 0.63961037993431102 0.8441295623779298 3.5000000000000004 0.74115687608718883 0.58578431606292736 0.48313754796981817 0.77712419629096996 0.69615384936332714 0.94360822439193737 6.5000000000000009 1.0000000180025095e-35 1.5000000000000002 0.90976935625076305
decision_type=2 2 2 2 2 2 2 2 2 2 2 2 2 2 2 2 2 2 2 2 2 2 2 2 2 2 2 2 2 2
left_child=3 2 -2 4 12 -6 7 9 -9 11 -11 -3 -1 14 15 -13 17 -17 19 20 -19 -5 -4 -7 -15 -26 -27 -28 -20 -12
right_child=1 6 22 21 5 23 -8 8 -10 10 29 13 -14 24 -16 16 -18 18 28 -21 -22 -23 -24 -25 25 26 27 -29 -30 -31
leaf_value=-0.047419990785680904 -0.026911523481999995 0.036990375139133364 -0.030114221318709666 -0.0007829913176067261 0.047905907226472845 0.050588253812077433 0.050540748677983229 0.037323299570714084 -0.037119891481476569 -0.012953701113851577 -0.014727997650943759 0.035369629831082071 -0.0090990904046150383 -0.014641537885489731 -0.059672976022642168 -0.072891424884016467 0.033981544540580298 0.03822937009532678 -0.007662207706509919 -0.028392759689681715 -0.011390719263666416 -0.032232199578527292 0.051394042667739684 -0.035851779847256564 0.043615241334721798 0.051597045789446128 -0.045611086990946653 0.015390282375011114 0.039118904290747922 0.047125813904983015
leaf_weight=0.2053039513004985 0.30588919457932329 0.16260724742392207 0.021003370061634996 7.7077197987414685 0.051731184922793716 0.015274266688134475 0.078515611150009934 0.071575074800421024 0.16191381095723045 0.080410358326844178 0.024491378089123828 0.11818368880631147 0.14628142136461975 0.084567542953663977 0.048121671701665036 0.050081886975021916 0.090352948465806548 0.1101346559880767 0.062538090113775979 0.27306446465740919 0.15901435829528054 0.10826569495702631 0.05784181091183882 0.067229018951977082 0.13605008688318776 0.066655384409386897 0.056514112387958448 0.25224157179491158 0.10486701484751393 0.25386410530290959
leaf_count=38218 150 68 18 58026 305 260 387 20 58 28 16 40 271 34 16 13 44 51 18 142 41 71 282 798 16 41 18 96 66 296
internal_value=-2.03798e-10 0.00697778 -0.0153137 -0.00237907 -0.0210487 0.00626253 0.0104844 0.00915581 -0.0142996 0.0117224 0.0294377 0.00814181 -0.0314761 0.00523246 -0.000986382 0.00193036 -0.00271873 -0.00708358 -0.00243914 -0.00987427 0.00891361 -0.00121862 0.0296813 -0.0198487 0.015837 0.0208764 0.0126358 0.0042247 0.0216427 0.0416835
internal_weight=11.1323 2.8305 0.384734 8.30181 0.48582 0.134234 2.44577 2.36725 0.233489 2.13376 0.358766 1.77499 0.351585 1.61239 1.01636 0.968237 0.850053 0.7597 0.709619 0.542213 0.269149 7.81599 0.0788452 0.0825033 0.596029 0.511461 0.375411 0.308756 0.167405 0.278355
internal_count=99908 1959 450 97949 39852 1363 1509 1122 78 1044 340 704 38489 636 431 415 375 331 318 234 92 58097 300 1058 205 171 155 114 84 312
is_linear=0
shrinkage=0.05


Tree=155
num_leaves=31
num_cat=0
split_feature=10 1 8 13 2 8 0 1 6 0 6 8 8 12 8 6 7 13 7 13 12 8 13 7 8 12 7 6 8 6
split_gain=0.0729732 0.0503882 0.0811956 0.117991 0.0687272 0.0831453 0.049865 0.0575499 0.0555848 0.0445294 0.0431292 0.0555131 0.0407184 0.0583454 0.0659271 0.0519035 0.0786195 0.0701353 0.0522516 0.110173 0.0698604 0.0784091 0.0631176 0.076537 0.0655922 0.0751162 0.0481679 0.0463085 0.0450528 0.0449864
threshold=1.0000000180025095e-35 0.90645834803581249 0.3717105239629746 29.500000000000004 0.38750000298023229 0.30602006614208227 0.88989898562431347 0.89825496077537548 0.90125367045402538 0.88273492455482494 0.88322511315345775 0.21980676054954532 0.73508772253990184 8.5000000000000018 0.77097901701927196 0.78696113824844371 0.89753684401512157 6.5000000000000009 0.61826965212821972 5.5000000000000009 1.0000000180025095e-35 0.16397849470376971 6.5000000000000009 0.77621760964393627 0.48913043737411505 3.5000000000000004 0.96794739365577709 0.49700556695461279 0.44222222268581396 0.59384471178054821
decision_type=2 2 2 2 2 2 2 2 2 2 2 2 2 2 2 2 2 2 2 2 2 2 2 2 2 2 2 2 2 2
left_child=1 2 3 10 5 -3 7 8 -4 -2 11 -1 15 26 -15 18 17 28 19 -6 21 -20 23 -22 25 -24 -14 -25 -17 -21
right_child=9 4 6 -5 12 -7 -8 -9 -10 -11 -12 -13 13 14 -16 16 -18 -19 20 29 22 -23 24 27 -26 -27 -28 -29 -30 -31
leaf_value=-0.050739382485102957 0.0070230298383149835 -0.019172624006109737 0.0040730157122333193 0.0022485874573098877 -0.051179945784003401 0.069316940192545348 0.04603143383310547 -0.048537464329029292 -0.02161554854774855 0.032039782509860108 -0.093154310949273997 -0.01764239661890599 0.051001434746709387 0.032360217271888862 -0.042376244501075765 -0.026388656147709397 -0.00065366187221844465 -0.055394910934716025 -0.021333775600841459 -0.00090409147774586727 0.036657327842348396 0.051385608362739747 -0.032410015396972101 0.018911091147228568 0.043218514227359651 0.018516743497742481 0.011059447516720597 -0.019259768294775478 0.013028982734005332 0.053715298973806752
leaf_weight=0.20729810850826558 1.0932088365855115 0.040634879378384059 1.2282895459292573 0.38289025835862134 0.10973241784399368 0.076560551067814231 0.055169274507534172 0.064610407060172181 0.25415158867178878 0.21244720133699946 0.02896994398906827 0.32583790412448366 0.11955665504774504 0.047238164144800976 0.078617145500174956 0.2213632263446923 0.83280238052782352 0.14323556839349294 0.047413741282070876 3.6554436830153283 0.091188935478953459 0.16989229314253862 0.09654444716488797 0.095840836213028524 0.16789826427338994 0.28961457432495763 0.20474527915405361 0.46482760416529345 0.10778823597001974 0.038091661855105374
leaf_count=66060 1562 1705 1377 9766 4520 32 40 20 159 736 2 3270 56 14 40 57 290 39 15 9240 51 182 43 23 71 134 235 108 48 13
internal_value=4.88786e-11 -0.00150156 -0.0075344 -0.0191582 0.000663096 0.0386352 -0.000678613 -0.00234434 -0.000331064 0.0110936 -0.0337399 -0.0305114 2.57059e-05 0.0145706 -0.0143249 -0.000976716 -0.00989588 -0.0261896 0.00125063 -0.00180762 0.00942317 0.0355191 0.00472069 -0.00582531 0.0171282 0.00578444 0.0257844 -0.0127348 -0.0134804 -0.000340798
internal_weight=10.9519 9.64625 2.54722 0.944996 7.09903 0.117195 1.60222 1.54705 1.48244 1.30566 0.562106 0.533136 6.98184 0.450157 0.125855 6.53168 1.30519 0.472387 5.22649 3.80327 1.42322 0.217306 1.20591 0.651857 0.554057 0.386159 0.324302 0.560668 0.329151 3.69354
internal_count=99908 97610 80694 79098 16916 1737 1596 1556 1536 2298 69332 69330 15179 345 54 14834 434 144 14400 13773 627 197 430 182 248 177 291 131 105 9253
is_linear=0
shrinkage=0.05


Tree=156
num_leaves=31
num_cat=0
split_feature=1 1 8 13 6 0 6 8 13 12 1 0 8 0 8 2 12 1 0 13 8 13 4 2 6 8 1 7 12 7
split_gain=0.0948325 0.278037 0.0786069 0.0783187 0.0877485 0.0765294 0.0694285 0.0689701 0.0551525 0.0540619 0.0528038 0.0525891 0.0474827 0.0417329 0.0663682 0.0403903 0.0421801 0.0872426 0.0794616 0.0840125 0.0749099 0.0745924 0.0914521 0.0739228 0.0818025 0.0685247 0.065964 0.0631602 0.0597129 0.059675
threshold=0.90645834803581249 0.90366768836975109 0.3717105239629746 29.500000000000004 0.68244633078575145 0.83438816666603099 0.82621711492538463 0.75595238804817211 1.0000000180025095e-35 5.5000000000000009 0.85912698507308971 0.87007671594619762 0.29289215803146368 0.94185259938240062 0.81534090638160717 0.43650794029235845 4.5000000000000009 0.94570022821426403 0.83438816666603099 1.0000000180025095e-35 0.74342104792594921 2.5000000000000004 1.0000000180025095e-35 0.77500000596046459 0.78696113824844371 0.57738095521926891 0.93908473849296581 0.90976935625076305 7.5000000000000009 0.82793453335762035
decision_type=2 2 2 2 2 2 2 2 2 2 2 2 2 2 2 2 2 2 2 2 2 2 2 2 2 2 2 2 2 2
left_child=1 2 3 4 -1 8 -3 15 -4 13 -7 -12 -6 -9 -15 -2 18 28 20 29 -17 22 -19 24 27 -21 -27 -23 -18 -20
right_child=7 6 5 -5 12 10 -8 9 -10 -11 11 -13 -14 14 -16 16 17 21 19 25 -22 23 -24 -25 -26 26 -28 -29 -30 -31
leaf_value=-0.039224049083659486 0.024025364937242839 -0.0025333695882418465 -0.030346367043281464 0.0015405370409244787 0.034453612843835697 0.044293151068401218 -0.090437865368531212 0.05261922649523737 -0.00021330754279922723 0.0053074492989227014 -0.022920876353421375 0.023762060210266417 -0.018962316102910534 -0.032376516464867444 0.050672980292525684 0.037687845802184525 -0.063501188140588735 -0.057453352159311723 0.035996985822002003 0.0015582413427757819 -0.032580811562537011 0.0018446921893942167 0.022438143021764254 -0.028358250742988145 -0.019102639171710574 -0.029880180292076532 0.042143946797438922 0.041841844063137804 0.0034327109780140086 -0.055124975257766599
leaf_weight=0.42437787145120864 0.19758701874655304 0.027606925657195691 0.16851084528769922 0.40161637726597199 0.071010482871781022 0.15131742233279499 0.1205389651695441 0.15961521164263093 1.5359749157832281 0.28627477267701806 0.093366387234709691 0.17048768677256021 0.100464096341085 0.046105476329330486 0.050301815788998283 0.27005986663930048 0.10223976750697938 0.039268827895647118 0.021849640697268913 4.3757334671700789 0.044124558679413894 0.41729953991988089 0.40792837526204551 0.33773319385949208 0.37151235168494168 0.038323798648093432 0.1864644605303738 0.12927979095547926 0.049430807885180172 0.10112365873339968
leaf_count=69267 2335 178 172 9837 258 77 14 230 1642 221 28 96 304 44 232 1252 388 69 298 8957 12 2113 450 419 108 20 325 42 469 51
internal_value=7.46047e-10 -0.00713102 -0.00395027 -0.0155249 -0.0270273 0.00149651 -0.0740569 0.00305083 -0.00319236 0.0202369 0.0207467 0.00724302 0.00315811 0.0369305 0.0109557 0.0017363 0.00109733 -0.0053491 0.00347067 0.00185112 0.0278192 -0.00211287 0.0154228 -0.00835729 -0.000999652 0.00294133 0.0298647 0.011305 -0.0416868 -0.0389346
internal_weight=10.8975 3.26527 3.11713 0.997469 0.595852 2.11966 0.148146 7.63226 1.70449 0.542297 0.415171 0.263854 0.171475 0.256023 0.0964073 7.08996 6.89237 1.85469 5.03768 4.7235 0.314184 1.70302 0.447197 1.25582 0.918092 4.60052 0.224788 0.546579 0.151671 0.122973
internal_count=99908 81873 81681 79666 69829 2015 192 18035 1814 727 201 124 562 506 276 17308 14973 4058 10915 9651 1264 3201 519 2682 2263 9302 345 2155 857 349
is_linear=0
shrinkage=0.05


Tree=157
num_leaves=31
num_cat=0
split_feature=8 13 8 0 2 12 12 13 2 2 13 0 4 6 0 12 0 10 1 6 8 13 5 12 13 13 12 12 0 0
split_gain=0.0698124 0.0657713 0.0674488 0.0642732 0.0601634 0.0479523 0.0549438 0.0468024 0.0466372 0.0466121 0.0878268 0.0482497 0.0634443 0.0447275 0.0362322 0.0352405 0.0320604 0.0319218 0.0558915 0.0480308 0.0546767 0.0946783 0.0492606 0.046208 0.0661233 0.057716 0.0647994 0.0623136 0.0572384 0.0490343
threshold=0.61721614003181469 1.0000000180025095e-35 0.97499999403953563 0.6832355558872224 0.41428571939468389 11.500000000000002 24.500000000000004 106.50000000000001 0.84523808956146251 0.77500000596046459 3.5000000000000004 0.87298336625099193 1.0000000180025095e-35 0.82621711492538463 0.48313754796981817 12.500000000000002 0.66987180709838878 1.0000000180025095e-35 0.86616915464401256 0.78696113824844371 0.21240601688623431 6.5000000000000009 1.0000000180025095e-35 1.0000000180025095e-35 1.0000000180025095e-35 20.500000000000004 11.500000000000002 6.5000000000000009 0.70299971103668224 0.73546314239501964
decision_type=2 2 2 2 2 2 2 2 2 2 2 2 2 2 2 2 2 2 2 2 2 2 2 2 2 2 2 2 2 2
left_child=3 2 -2 4 13 16 -7 17 9 11 -11 15 -13 -1 -4 -3 -6 19 -19 20 21 -5 -23 -22 -25 26 27 28 -26 -27
right_child=1 8 14 7 5 6 -8 -9 -10 10 -12 12 -14 -15 -16 -17 -18 18 -20 -21 23 22 -24 24 25 29 -28 -29 -30 -31
leaf_value=-0.035788527483134727 -0.024439416314000317 0.005429141425762285 -0.028664127361801794 -0.046752699624748012 0.014819115796010186 -0.044980861959904257 0.082388010508107706 0.054134942256109889 0.050523220206970615 0.03497279774255415 -0.034440407339571315 -0.011994401269745438 0.041041184308739369 -0.0029771618718016455 0.051422778538948027 0.02955097496306075 -0.059878327845844764 -0.0081975155180029641 0.033467298988012949 -0.011483451105268067 0.027403013644198199 -0.031364549745585467 -0.00065641149510118409 0.039655000480227971 0.05110626591082356 -0.030039493900623611 0.042860310919728993 -0.033482112309101024 -0.0047033587258091293 0.035906068014662333
leaf_weight=0.35970149671531881 0.27516711029034047 1.4873694999887455 0.019300623096114577 0.12032450944804995 0.25959840662300948 0.079878653910471442 0.0094709603803089237 0.03862483072384737 0.069522153023285571 0.065656550408675574 0.14895796104542569 0.072886502111941698 0.24913685413059738 0.14603070934523998 0.052639208556172434 0.16857300732135616 0.015206166463080706 0.14923716429893819 0.17473280405044989 1.0744288948178562 0.25394909020576495 0.13528862881494097 3.7657307855840756 0.11972923431017068 0.049010101433907272 0.03376137064839202 0.068753094547901128 0.18490030026035242 0.73387320788637567 0.17076355437171742
leaf_count=55552 150 614 18 11876 2697 935 41 20 387 20 58 28 312 168 282 90 337 211 417 376 248 6651 17369 39 99 168 38 157 410 140
internal_value=3.06863e-09 0.00709582 -0.0131697 -0.00233092 -0.0151562 0.000339916 -0.0314799 -0.000753598 0.0102055 0.00892706 -0.013205 0.0113284 0.0290372 -0.0263142 0.0299364 0.00788472 0.0106858 -0.00105498 0.0142744 -0.00179505 5.18899e-05 -0.00306878 -0.00172138 0.0078236 0.00416972 0.00074634 -0.00404329 -0.00737541 -0.00120956 0.0250203
internal_weight=10.5522 2.60921 0.347107 7.94299 0.869886 0.364154 0.0893496 7.07311 2.2621 2.19258 0.214615 1.97797 0.322023 0.505732 0.0719398 1.65594 0.274805 7.03448 0.32397 6.71051 5.63608 4.02134 3.90102 1.61474 1.36079 1.24106 1.03654 0.967784 0.782883 0.204525
internal_count=99908 1959 450 97949 59730 4010 976 38219 1509 1122 78 1044 340 55720 300 704 3034 38199 628 37571 37195 35896 24020 1299 1051 1012 704 666 509 308
is_linear=0
shrinkage=0.05


Tree=158
num_leaves=31
num_cat=0
split_feature=8 2 2 0 2 0 7 7 13 6 7 0 7 0 4 0 2 12 12 8 5 13 8 2 12 12 0 2 0 0
split_gain=0.0650249 0.0609378 0.0644954 0.059117 0.0542877 0.04524 0.0442033 0.0434447 0.0424522 0.0403546 0.0393746 0.0515169 0.0410034 0.0403692 0.0613071 0.0771041 0.0785288 0.0911741 0.0375336 0.0364726 0.061105 0.0664986 0.0425745 0.036795 0.0355284 0.0412212 0.0347466 0.0314339 0.0639306 0.0314137
threshold=0.61721614003181469 0.84523808956146251 0.77500000596046459 0.6832355558872224 0.41428571939468389 0.51649147272109996 0.87198767066001903 0.89753684401512157 106.50000000000001 0.90125367045402538 0.92380261421203624 0.83910790085792553 0.93369963765144359 0.8216732144355775 1.0000000180025095e-35 0.76253134012222301 0.38750000298023229 5.5000000000000009 2.5000000000000004 0.76330533623695385 1.0000000180025095e-35 1.0000000180025095e-35 0.71825397014617931 0.5634920895099641 3.5000000000000004 25.500000000000004 0.7897985875606538 0.10555555671453477 0.46247655153274542 0.75147059559822094
decision_type=2 2 2 2 2 2 2 2 2 2 2 2 2 2 2 2 2 2 2 2 2 2 2 2 2 2 2 2 2 2
left_child=3 2 10 4 6 -6 -1 24 -5 -4 26 12 -12 14 15 16 27 -18 -15 20 -13 -22 -23 -21 -7 -26 -2 28 -14 -16
right_child=1 -3 9 8 5 7 -8 -9 -10 -11 11 19 13 18 29 -17 17 -19 -20 23 21 22 -24 -25 25 -27 -28 -29 -30 -31
leaf_value=-0.039885739001492782 0.047119766319620192 0.050455844714810127 -8.7963563754820236e-05 -0.0010321136398619281 0.046352111443883071 0.022591900109612626 -0.0098429133745764445 -0.036690142861277551 0.053362797857029909 -0.041732449114502468 -0.025336878884538217 -0.033311106378429677 -0.056988377718290475 -0.060802396052227085 0.0062263535172721656 -0.050273550714509598 0.054424260103594184 -0.043080323283337767 0.00058196255105262204 0.055828685904332889 -0.040165538499964966 0.039052145624755584 -0.00030216559223853758 0.018085971454984799 -0.022791011797805662 0.20048001763215306 0.0047336736392569571 -0.048855460425899264 0.059755152036792651 0.027343850413889894
leaf_weight=0.25610249276892449 0.1156668412832017 0.077928849144370704 0.12520504215217432 6.9368518128131935 0.046116178305155131 0.12503194224367498 0.2345888706285848 0.086945269010129778 0.036055806393278433 0.10865637977963161 0.13965177624982095 0.075248707602440734 0.022293581368898918 0.045237702168833382 0.48164391638550796 0.093517190020065755 0.096023266440624866 0.031953248681475088 0.055398767240603775 0.096254016190187031 0.045102490938006667 0.19198268420279874 0.1070403502372983 0.19620300765137699 0.093745731449892844 0.0021138792238133411 0.083080071176595993 0.067302561726251042 0.024741440319303365 0.27761071059165943
leaf_count=55231 60 481 54 38199 343 1262 489 34 20 44 38 26 34 17 235 32 56 51 38 101 23 141 47 190 2349 22 49 94 17 131
internal_value=4.35111e-09 0.00692017 0.00555205 -0.00226413 -0.014757 0.000168066 -0.0255229 -0.00675064 -0.000750846 -0.0194368 0.00815403 0.00609127 0.000300308 0.00329455 0.0060796 -0.0117087 0.00317478 0.0300793 -0.0270113 0.016955 0.00750358 0.0164284 0.0249646 0.0305079 0.00503387 -0.0178675 0.0294016 -0.026939 0.00442125 0.0139477
internal_weight=10.3753 2.55774 2.47981 7.81755 0.844644 0.353953 0.490691 0.307837 6.97291 0.233861 2.24595 2.04721 1.33537 1.19572 1.09509 0.335831 0.242314 0.127977 0.100636 0.711831 0.419374 0.344126 0.299023 0.292457 0.220892 0.0958596 0.198747 0.114338 0.047035 0.759255
internal_count=99908 1959 1478 97949 59730 4010 55720 3667 38219 98 1380 1271 743 705 650 284 252 107 55 528 237 211 188 291 3633 2371 109 145 51 366
is_linear=0
shrinkage=0.05


Tree=159
num_leaves=31
num_cat=0
split_feature=10 12 7 6 13 7 0 0 12 6 6 13 6 0 8 13 12 0 1 12 0 4 8 5 8 13 13 8 13 1
split_gain=0.0631966 0.0402083 0.0553189 0.0512454 0.0506259 0.0497111 0.0485066 0.0637347 0.0552962 0.0516191 0.04743 0.0802924 0.0499156 0.0555093 0.0508582 0.0481775 0.0506384 0.0454487 0.0562131 0.0451796 0.0852092 0.072653 0.0699615 0.0416891 0.0480596 0.0650584 0.0723246 0.0517868 0.0833973 0.0416805
threshold=1.0000000180025095e-35 4.5000000000000009 0.70620205998420726 0.32446582615375524 35.500000000000007 0.94360822439193737 0.86616915464401256 0.77232852578163158 2.5000000000000004 0.90125367045402538 0.80866709351539623 7.5000000000000009 0.66821706295013439 0.91945946216583263 0.71008405089378368 2.5000000000000004 3.5000000000000004 0.81302964687347423 0.81892696022987377 3.5000000000000004 0.90521115064620983 1.0000000180025095e-35 0.2709790319204331 1.0000000180025095e-35 0.54006412625312816 2.5000000000000004 4.5000000000000009 0.76696833968162548 1.0000000180025095e-35 0.99473685026168834
decision_type=2 2 2 2 2 2 2 2 2 2 2 2 2 2 2 2 2 2 2 2 2 2 2 2 2 2 2 2 2 2
left_child=1 5 3 -3 23 10 7 8 -7 -8 12 -12 14 15 19 16 -14 18 -17 -1 22 -22 -21 -4 25 -25 -27 28 -26 -11
right_child=-2 2 4 -5 -6 6 9 -9 -10 29 11 -13 13 -15 -16 17 -18 -19 -20 20 21 -23 -24 24 27 26 -28 -29 -30 -31
leaf_value=-0.0022330692830463002 0.010804868121211073 -0.0090280153210983236 -0.018347347246827499 -0.042057599522032009 0.030474184890552182 0.03537116923075713 0.047476461674098212 -0.018107667677732486 -0.014668311604682181 0.03561045435464899 -0.0040526166292823721 -0.042943234037468497 0.059286810773940338 0.044071691050036915 -0.1260244226948288 -0.011240428679887718 -0.024390674354296298 -0.01716211071802105 0.056308836189147185 -0.030612039782907254 -0.020489261592874338 0.051244877124166581 0.030289630912233512 0.01097579828970844 -0.034626859904661481 -0.049643112840056819 -0.0078862130516025482 -0.016005311161173912 0.022925620008988883 -0.030496606612416405
leaf_weight=4.0116180886341395 1.195171569776593 0.30468076142055567 0.44769385006538454 0.19108013596457063 0.1062291441092923 0.17617712422986631 0.16318828767492732 0.19727632180547516 0.080406031946438361 0.045806701151946072 0.6381371721172967 0.16756596529580747 0.070446947763354362 0.1274231896289848 0.0080967312678693615 0.063965535775132309 0.024322555133110768 0.20395674598421465 0.059399297597337863 0.12882118998500924 0.044289789432241378 0.17384624198712118 0.07438639486008114 0.24902202274728324 0.072256485385878477 0.14784674049474233 0.34726466137774992 0.16984207559653441 0.48847069714975078 0.049730064785421746
leaf_count=32647 2298 11075 1564 43701 298 108 234 80 55 48 290 49 93 94 1 283 22 53 21 5919 14 192 131 72 25 52 198 87 155 49
internal_value=1.75785e-09 -0.00142957 -0.00678606 -0.0217585 -0.00312705 0.000647884 0.0131102 0.00326082 0.0196902 0.0303883 -0.000884218 -0.0121409 0.000933115 0.0151488 -0.000825858 0.00641736 0.037811 -0.00267206 0.0212841 -0.000597185 0.0149781 0.0366802 -0.00831831 -0.00498381 -0.000926869 -0.00987049 -0.0203554 0.0081828 0.0155093 0.00119953
internal_weight=10.2284 9.03325 2.52439 0.495761 2.02863 6.50886 0.712585 0.453859 0.256583 0.258725 5.79628 0.805703 4.99057 0.549514 4.44106 0.422091 0.0947695 0.327322 0.123365 4.43296 0.421344 0.218136 0.203208 1.9224 1.4747 0.744133 0.495111 0.730569 0.560727 0.0955368
internal_count=99908 97610 57227 54776 2451 40383 574 243 163 331 39809 339 39470 566 38904 472 115 357 304 38903 6256 206 6050 2153 589 322 250 267 180 97
is_linear=0
shrinkage=0.05


Tree=160
num_leaves=31
num_cat=0
split_feature=8 0 2 12 0 8 2 13 0 6 7 6 11 8 0 1 8 13 1 1 1 0 1 0 1 1 6 12 0 13
split_gain=0.0629028 0.041371 0.059436 0.0572069 0.0471878 0.0476885 0.0466008 0.0389887 0.0387082 0.0350436 0.0340296 0.0324215 0.0300984 0.0299787 0.0297811 0.0255534 0.0494945 0.0645189 0.0559366 0.0540931 0.0467342 0.0656736 0.0579394 0.0471696 0.0580291 0.0407864 0.0388699 0.0407685 0.0905391 0.072934
threshold=0.81534090638160717 0.64174234867095958 0.31666667759418493 10.500000000000002 0.62767899036407482 0.77097901701927196 0.087121214717626586 106.50000000000001 0.91545844078063976 0.63191848993301403 0.88478556275367748 1.0000000180025095e-35 1.0000000180025095e-35 0.42582418024539953 0.60922586917877208 0.97182539105415355 0.39565217494964605 30.500000000000004 0.96720427274703991 0.94570022821426403 0.94494947791099559 0.91945946216583263 0.87007671594619762 0.83910790085792553 0.855400711297989 0.98683983087539684 0.46186167001724249 1.5000000000000002 0.86706829071044933 1.0000000180025095e-35
decision_type=2 2 2 2 2 2 2 2 2 2 2 2 2 2 2 2 2 2 2 2 2 2 2 2 2 2 2 2 2 2
left_child=1 2 3 -1 5 9 -3 12 -2 11 14 -4 -8 -13 -5 16 17 19 26 -14 21 22 23 24 -19 -17 -18 29 -29 -28
right_child=8 6 4 10 -6 -7 7 -9 -10 -11 -12 13 15 -15 -16 25 18 20 -20 -21 -22 -23 -24 -25 -26 -27 27 28 -30 -31
leaf_value=-0.051364827135851748 0.011266779027326063 0.035555801391050107 0.032941412250855825 -0.050299131742811892 -0.030672674016285956 -0.060897470253117404 -0.060732579990885195 0.052664520543865348 0.050948665203293268 0.023611931887533855 0.0079342418941048282 -0.037236348942836686 -0.024690776272356316 0.035493787266368974 0.037685538846533077 0.041336876316011711 0.050173951790661787 -0.017865001960527399 -0.053952720162291926 0.031748332439257863 -0.047361323706043394 0.042191974068726532 -0.027378840221015402 0.056555287548863756 0.04734603449965194 0.0011241877678261031 -0.045426544966034633 -0.01192068349943657 0.030710397323314622 0.015776780727989489
leaf_weight=0.14684088015962604 0.49751976246190643 0.091418462452080074 0.034035702879691598 0.060305709218472892 0.10308347239704219 0.023947252571815625 0.020722106743520707 0.034564623109361814 0.070116106092882546 0.23127962680513292 0.11076731370013704 0.077521721843209157 0.69017154000913039 0.017337209257675568 0.011442451000207576 0.063783308664397853 0.04233214387204487 0.12033144500036208 0.044460566966335935 0.045236893791383181 0.043960327307758007 0.1012713136833554 0.14843548171257481 0.048602666418751994 0.047613715684335034 5.5328961509967094 0.052806316577516332 0.78358231956275404 0.14808031166080582 0.62241428907304908
leaf_count=20000 512 494 33 16349 1753 7 58 24 307 245 157 9516 29625 20 1095 198 9 4101 23 567 94 72 1508 205 385 11753 24 400 97 277
internal_value=2.69818e-10 -0.000966157 -0.011726 -0.0281328 -0.000634831 0.00742617 4.57508e-05 -0.000332107 0.0161684 0.0119689 -0.00944169 -0.00892263 -0.000546186 -0.0239436 -0.0362673 -0.000400076 -0.00417503 -0.0117407 0.0013892 -0.0212191 0.00192108 0.00656762 -0.00331701 0.0131765 0.000622817 0.00158248 0.00288114 0.00163525 -0.00514481 0.0109903
internal_weight=10.0669 9.49925 0.816561 0.329356 0.487205 0.384122 8.68268 8.59127 0.567636 0.360174 0.182515 0.128895 8.5567 0.0948589 0.0717482 8.53598 2.9393 1.24562 1.69368 0.735408 0.510215 0.466255 0.364983 0.216548 0.167945 5.59668 1.64922 1.60688 0.931663 0.675221
internal_count=99908 99089 49175 37601 11574 9821 49914 49420 819 9814 17601 9569 49396 9536 17444 49338 37387 36557 830 30192 6365 6271 6199 4691 4486 11951 807 798 497 301
is_linear=0
shrinkage=0.05


Tree=161
num_leaves=31
num_cat=0
split_feature=10 8 12 5 8 8 13 8 2 13 13 6 6 8 13 12 12 1 4 2 13 8 12 0 4 0 0 0 2 1
split_gain=0.0593555 0.03946 0.0408167 0.0476252 0.0458901 0.0597213 0.0738954 0.0415112 0.0397401 0.0390155 0.0433707 0.0370036 0.0364422 0.0362389 0.0636584 0.0520933 0.040593 0.0357234 0.0533466 0.0886036 0.0375215 0.0423765 0.0498525 0.0513843 0.038461 0.0367647 0.035719 0.0335463 0.0330574 0.0329032
threshold=1.0000000180025095e-35 0.94281044602394115 4.5000000000000009 1.0000000180025095e-35 0.54006412625312816 0.76696833968162548 1.0000000180025095e-35 0.76696833968162548 0.23611111193895343 1.0000000180025095e-35 15.500000000000002 0.46583126485347753 0.68244633078575145 0.10960961133241655 39.500000000000007 25.500000000000004 11.500000000000002 0.82807883620262157 1.0000000180025095e-35 0.27922078967094427 4.5000000000000009 0.8603896200656892 8.5000000000000018 0.78319624066352855 1.0000000180025095e-35 0.76253134012222301 0.83910790085792553 0.63211598992347728 0.77500000596046459 0.90645834803581249
decision_type=2 2 2 2 2 2 2 2 2 2 2 2 2 2 2 2 2 2 2 2 2 2 2 2 2 2 2 2 2 2
left_child=1 2 7 -4 9 6 -6 8 -1 -5 11 -11 -8 14 16 -16 -12 18 -2 -20 24 22 -22 -24 25 -19 -9 -21 -14 -15
right_child=17 -3 3 4 5 -7 12 26 -10 10 13 -13 28 29 15 -17 -18 20 19 27 21 -23 23 -25 -26 -27 -28 -29 -30 -31
leaf_value=-0.030192422030163715 -0.033229365868023587 0.050301368424010486 -0.019972918424039709 0.028657369367095516 -0.03381099164228038 -0.020742662196001418 0.050200107449355637 0.0029169656559781608 0.00020126619400991959 -0.048613469104151867 0.024795602701663574 -0.014623917012689025 0.021678290424834625 -0.038849135433121504 -0.044515968423878852 0.19427510921935476 -0.052879256915195572 0.048612434884132964 0.052706560459291667 0.030500598356733483 0.014927577671525416 0.05221228946436493 0.014035228298054259 -0.044627063957392743 0.046101368045165216 -0.027251019186214549 0.040652038527566429 -0.023604183344078208 -0.017284050864730435 0.029859009705613716
leaf_weight=0.1095272777050712 0.10205756197369875 0.036732984518040079 0.55837945237734765 0.063502654378038481 0.068609152498538717 0.15273045673893648 0.090746219379070681 0.13573720784552268 5.9509790294484066 0.0923107083072503 0.11012701058577701 0.60408047149709443 0.3147291984041658 0.020077971412662876 0.10378290058172635 0.0023353391517026969 0.019852263745078425 0.025692581465989406 0.080641418473739179 0.037045970320658483 0.38091717787276025 0.052857849215797614 0.066355840947096567 0.085337565215013456 0.16666823396644759 0.042202060870067726 0.11656661589904616 0.1263993285717504 0.065826350662064215 0.13184767709454803
leaf_count=8672 658 100 26617 1007 25 73 34 78 31422 18203 3978 2238 89 762 1895 21 2108 65 119 50 508 117 63 24 507 60 147 127 32 109
internal_value=2.52942e-09 -0.00141246 -0.00163051 -0.00718237 -0.00330204 0.00686175 0.0146705 0.000479255 -0.000348018 -0.00943476 -0.0116654 -0.0191294 0.0217281 0.00173037 -0.010527 -0.0392609 0.012932 0.0105961 -0.00287338 0.00981906 0.0162817 0.00951196 0.00527426 -0.0189662 0.033179 0.00145711 0.0203509 -0.011341 0.0149388 0.0207788
internal_weight=9.91466 8.74848 8.71175 2.39894 1.84056 0.692641 0.539911 6.31281 6.06051 1.14792 1.08441 0.696391 0.471302 0.388023 0.236098 0.106118 0.129979 1.16618 0.346144 0.244087 0.820031 0.585468 0.532611 0.151693 0.234563 0.0678946 0.252304 0.163445 0.380556 0.151926
internal_count=99908 97610 97510 57191 30574 253 180 40319 40094 30321 29314 20441 155 8873 8002 1916 6086 2298 954 296 1344 712 595 87 632 125 225 177 121 871
is_linear=0
shrinkage=0.05


Tree=162
num_leaves=31
num_cat=0
split_feature=10 8 0 1 2 8 6 12 6 0 13 8 12 0 8 1 7 12 1 6 7 13 13 7 8 8 6 6 8 0
split_gain=0.0560079 0.0376901 0.0357244 0.140272 0.0456824 0.0492159 0.109682 0.0465778 0.0444209 0.0522998 0.0395003 0.0337484 0.0336709 0.0333634 0.0415233 0.0329322 0.0297917 0.0688721 0.0294763 0.0288181 0.0726058 0.0654726 0.0384429 0.0368448 0.0355638 0.0595631 0.0379613 0.0411051 0.0765077 0.0350744
threshold=1.0000000180025095e-35 0.94281044602394115 0.83910790085792553 0.85912698507308971 0.93750000000000011 0.17519181966781619 1.0000000180025095e-35 2.5000000000000004 0.49068179726600653 0.82426470518112194 106.50000000000001 0.73508772253990184 3.5000000000000004 0.43693181872367864 0.89181286096572887 0.93643954396247875 0.9765610694885255 7.5000000000000009 0.90070420503616344 0.80866709351539623 0.89753684401512157 6.5000000000000009 2.5000000000000004 0.94360822439193737 0.70294117927551281 0.67543861269950878 0.86501669883728038 0.90125367045402538 0.48913043737411505 0.87895438075065624
decision_type=2 2 2 2 2 2 2 2 2 2 2 2 2 2 2 2 2 2 2 2 2 2 2 2 2 2 2 2 2 2
left_child=1 2 4 -4 5 6 7 -1 -7 -10 11 19 -9 -2 -15 -11 -13 -18 -14 23 21 22 -21 -5 25 26 -22 -28 -29 -24
right_child=13 -3 3 10 -6 8 -8 12 9 15 -12 16 18 14 -16 -17 17 -19 -20 20 24 -23 29 -25 -26 -27 27 28 -30 -31
leaf_value=-0.052533067841803331 -0.048626218033165629 0.050284195362639887 0.050304249441853403 -0.00084414699453340316 0.025230211810444648 0.01545635722384704 -0.049481388819267794 0.047945332078411347 -0.0040930536414450621 -0.048726757648042227 0.055640133159369047 0.033870079827874634 0.028296732065766696 0.0092107495369941131 0.048993542793134809 -0.0070377419517035304 0.026093225671921245 -0.057393691138765329 -0.013237044651342726 -0.044044479599071366 0.034231962156759929 -0.065652852896204802 -0.027129032577004483 0.027499290303617165 -0.030559319379623053 0.053418406788594525 -0.033795419039296747 0.037300021942212866 -0.021541628246080493 0.027865946252343093
leaf_weight=0.039499137015805874 0.023377388387509579 0.035174919546648975 0.13919751922974644 4.3536944960344748 0.11206680705932104 0.25478056539235217 0.20639671231001344 0.039990244927139429 1.8556275177959496 0.1134949301614937 0.031140948529355117 0.12883113583620787 0.058573151261043677 1.0337215804247426 0.070034272752650284 0.081308966724463971 0.075011214879054933 0.036832583743489522 0.15781069898548594 0.067524612388751737 0.063822819330766833 0.091769314770090205 0.052379892018507235 0.11776132877486123 0.078566104330093367 0.057517796485626604 0.10457682444302918 0.098072126439319618 0.12649687983275726 0.064933095817536923
leaf_count=56 194 100 743 11334 765 1391 76355 20 6001 50 5 77 106 1776 328 40 112 11 70 23 41 17 8 84 39 11 33 27 51 40
internal_value=2.84308e-09 -0.00136712 -0.00157819 0.000729528 -0.00607429 -0.00732388 -0.0215063 -0.00199134 -0.00423374 -0.00668038 -0.000514077 -0.000830997 0.00579554 0.0104831 0.011735 -0.0313262 0.0174794 -0.00140082 -0.00199423 -0.00166608 -0.0103708 -0.0311294 -0.0139889 -9.76875e-05 0.00048254 0.00589633 -0.00105936 -0.0079025 0.00415526 0.00331086
internal_weight=9.76999 8.64285 8.60768 5.68813 2.91955 2.80748 0.50227 0.295873 2.30521 2.05043 5.54893 5.51779 0.256374 1.12713 1.10376 0.194804 0.240675 0.111844 0.216384 5.27712 0.805659 0.276607 0.184838 4.47146 0.529053 0.450486 0.392969 0.329146 0.224569 0.117313
internal_count=99908 97610 97510 12656 84854 84089 76607 252 7482 6091 11913 11908 196 2298 2104 90 200 123 176 11708 290 88 71 11418 202 163 152 111 78 48
is_linear=0
shrinkage=0.05


Tree=163
num_leaves=31
num_cat=0
split_feature=8 0 2 2 12 8 0 7 13 8 12 1 4 10 12 8 13 1 1 1 12 13 7 12 6 1 11 0 6 0
split_gain=0.055941 0.0447768 0.0456159 0.0387773 0.0561754 0.0467302 0.0464986 0.0355404 0.0323558 0.0313903 0.0309621 0.0285291 0.0444367 0.0272183 0.0285305 0.0517429 0.0338415 0.0325178 0.042948 0.0344601 0.0319731 0.0369092 0.031146 0.0312859 0.0287577 0.0274057 0.0255728 0.0253163 0.0251698 0.0238926
threshold=0.8441295623779298 0.64174234867095958 0.087121214717626586 0.31666667759418493 10.500000000000002 0.77097901701927196 0.62767899036407482 0.88478556275367748 103.50000000000001 0.56385868787765514 9.5000000000000018 0.91010102629661571 1.0000000180025095e-35 1.0000000180025095e-35 8.5000000000000018 0.46862745285034185 9.5000000000000018 0.95713412761688244 0.93908473849296581 0.86425063014030468 7.5000000000000009 22.500000000000004 0.5970856547355653 5.5000000000000009 0.69670170545578014 0.6900656819343568 1.0000000180025095e-35 0.60922586917877208 0.51382517814636242 0.74115687608718883
decision_type=2 2 2 2 2 2 2 2 2 2 2 2 2 2 2 2 2 2 2 2 2 2 2 2 2 2 2 2 2 2
left_child=1 3 28 4 -1 6 9 27 13 10 11 12 -5 25 17 16 -16 18 19 20 21 24 -19 -24 -15 -4 -27 -6 29 -3
right_child=-2 2 8 5 7 -7 -8 -9 -10 -11 -12 -13 -14 14 15 -17 -18 22 -20 -21 -22 -23 23 -25 -26 26 -28 -29 -30 -31
leaf_value=-0.049105803029290747 0.019323828018270692 -0.054909878102865455 -0.041515424178491349 -0.035642895575080727 -0.050279096753537159 -0.052732377465331465 -0.029730518726851368 0.010237454561649616 0.042557932099292706 0.030933148952879887 -0.035160955684154484 0.036592076726120207 0.028283162615239672 -0.057669669300293873 0.055385660647303193 -0.026817898628537659 -0.028927972495891387 -0.03988176841230992 -0.04244570398777936 0.031333775915499747 0.045101458462875534 0.029918760846344775 0.051452291573959974 0.010679113313952236 -0.0075088695811571064 -0.059962985923025562 -0.00084562606084160718 0.035222914510315818 0.052662747509260713 0.040980223662055122
leaf_weight=0.14146170743015307 0.36049446247659567 0.012658756703150753 0.0419514143928853 0.058567999815073435 0.05367605229267447 0.043116432669194182 0.091857632024139768 0.11176469617367957 0.044284145536665487 0.12004086122942681 0.050624672323909436 0.061533393627136945 0.050732787962953552 0.039858258028225069 0.040437201423017655 0.1248617748497054 0.016864906651605338 0.014951463442599788 0.042041920887186279 0.13089242424547365 0.031967076477201317 0.045903888953304772 0.1165484189703534 0.078896273625559843 0.10092463560795295 0.018337916091878514 7.4881928608854071 0.010322286639851797 0.063787552498126843 0.013343885642747466
leaf_count=20007 686 293 6204 2025 16349 23 1749 160 34 73 4797 376 2543 112 40 53 41 15 45 146 15 74 499 51 73 46 42080 1095 85 119
internal_value=5.15837e-09 -0.000752244 0.000312272 -0.0121079 -0.0256525 -0.00309018 0.00184891 -0.00677626 -6.76928e-05 0.0103432 -0.000817428 0.00935987 -0.00597113 -0.000294229 0.00857203 -0.0087655 0.0305708 0.0138185 0.00530037 0.0110431 -0.00110354 -0.00901539 0.0296723 0.0349932 -0.0217103 -0.00121527 -0.000990046 -0.0364885 0.0357608 -0.00570155
internal_weight=9.6209 9.2604 8.4667 0.793699 0.317225 0.476474 0.433357 0.175763 8.37691 0.3415 0.221459 0.170834 0.109301 8.33263 0.784148 0.182164 0.0573021 0.601984 0.391588 0.349546 0.218654 0.186687 0.210396 0.195445 0.140783 7.54848 7.50653 0.0639983 0.0897902 0.0260026
internal_count=99908 99222 50025 49197 37611 11586 11563 17604 49528 9814 9741 4944 4568 49494 1164 134 81 1030 465 420 274 259 565 550 185 48330 42126 17444 497 412
is_linear=0
shrinkage=0.05


Tree=164
num_leaves=31
num_cat=0
split_feature=8 0 2 2 1 8 7 0 12 12 8 13 10 7 7 0 7 1 1 0 8 1 0 13 1 8 7 12 2 2
split_gain=0.0504826 0.0426765 0.0429335 0.0362936 0.0678207 0.0415262 0.0372511 0.0352726 0.0333467 0.0356003 0.0327675 0.0296864 0.0263459 0.0272618 0.0327306 0.0347816 0.0385052 0.0257842 0.0601595 0.0588285 0.0612205 0.0443259 0.0465728 0.0359671 0.0604773 0.0350253 0.0476884 0.0550921 0.058481 0.041614
threshold=0.8441295623779298 0.64174234867095958 0.087121214717626586 0.44949495792388922 0.77015754580497753 0.77097901701927196 0.87198767066001903 0.51087471842765819 12.500000000000002 2.5000000000000004 0.74342104792594921 106.50000000000001 1.0000000180025095e-35 0.99783548712730419 0.9765610694885255 0.88273492455482494 0.5970856547355653 0.97182539105415355 0.96720427274703991 0.91945946216583263 0.3717105239629746 0.93643954396247875 0.94185259938240062 29.500000000000004 0.90521115064620983 0.21240601688623431 0.80101522803306591 2.5000000000000004 0.44949495792388922 0.36931818723678594
decision_type=2 2 2 2 2 2 2 2 2 2 2 2 2 2 2 2 2 2 2 2 2 2 2 2 2 2 2 2 2 2
left_child=1 3 -3 6 -5 7 -1 -6 9 -8 -9 12 17 14 15 -14 -17 18 19 20 23 -21 -23 25 -25 -4 27 28 -27 -29
right_child=-2 2 11 4 5 -7 8 10 -10 -11 -12 -13 13 -15 -16 16 -18 -19 -20 21 -22 22 -24 24 -26 26 -28 29 -30 -31
leaf_value=-0.039762093301115659 0.018486505253658189 0.03548180464123956 -0.051746512789430155 0.051993756359965199 0.046249987743280874 -0.067094158799629197 0.0063416849919578702 -0.016160223577006822 0.010695163774238096 -0.041568305132416196 0.059485619187462195 0.050802127909398011 0.0053857624002823668 0.051008653517513339 -0.023734311842819343 -0.04010867953708621 0.050710628717330966 0.00085436273217604376 -0.055741249318745092 0.030418141388530141 -0.00063396841890274393 -0.02838955319055067 0.016362281183504603 0.0025069093161210723 -0.053080864081207081 -0.055006799891438286 -0.049648352244699143 0.020097697979615799 0.038655613681928477 -0.055116291519828234
leaf_weight=0.16799237405166501 0.35549242181065288 0.085898495322129231 0.12100148283442358 0.054027886750162679 0.031858866562028965 0.027985395223367959 0.060734219890591135 0.18657749988489591 0.11506790860994442 0.1072355698985632 0.015505437835827252 0.028601619603421891 0.54320991962121201 0.0362084814262289 0.079397798292575317 0.013579614418318897 0.083031687076356775 5.1701109590500813 0.058025131198206625 0.19104921411216924 1.1145678672055224 0.097955472707781155 0.14301863799776982 0.2810943001498849 0.059242106951998608 0.020946023196003694 0.090155947302122286 0.025593175791399858 0.081554856195225511 0.06534082707847233
leaf_count=46465 686 497 27830 521 224 12 106 1386 148 328 7 24 566 105 35 13 445 11441 147 424 570 98 358 5979 548 226 89 416 52 162
internal_value=7.50348e-10 -0.000717715 0.000314384 -0.0120072 0.000987941 -0.00953306 -0.0211106 -0.00264729 -0.0100403 -0.0242451 -0.0103561 -4.94096e-05 -0.000225171 0.00867591 0.0065447 0.0103021 0.0379451 -0.00111938 -0.00546254 -0.0041894 -0.00805091 0.0124312 -0.00182925 -0.0191482 -0.00716921 -0.0292247 -0.0196152 -0.0056174 0.0195157 -0.0339475
internal_weight=9.51206 9.15657 8.38958 0.766985 0.315955 0.261927 0.45103 0.233942 0.283038 0.16797 0.202083 8.30369 8.27508 0.755428 0.719219 0.639821 0.0966113 7.51966 2.34955 2.29152 1.8595 0.432023 0.240974 0.744929 0.340336 0.404592 0.283591 0.193435 0.102501 0.090934
internal_count=99908 99222 50025 49197 2150 1629 47047 1617 582 434 1393 49528 49504 1164 1059 1024 458 48340 36899 36752 35872 880 456 35302 6527 28775 945 856 278 578
is_linear=0
shrinkage=0.05


Tree=165
num_leaves=31
num_cat=0
split_feature=8 1 2 0 0 10 8 0 7 0 12 7 8 1 2 8 0 1 8 8 8 0 7 1 2 1 12 12 2 5
split_gain=0.0466301 0.0355852 0.04552 0.0347192 0.0325786 0.027961 0.0324501 0.0322091 0.0353234 0.0292542 0.0347695 0.0456299 0.0264104 0.024993 0.0406706 0.0295529 0.0240671 0.122536 0.0406214 0.03823 0.0361255 0.0992992 0.0611918 0.0508297 0.0384173 0.0338368 0.0299914 0.069317 0.0418912 0.031502
threshold=0.81534090638160717 0.58885449171066295 1.0000000180025095e-35 0.91545844078063976 0.54923510551452648 1.0000000180025095e-35 0.7947368621826173 0.88273492455482494 0.5970856547355653 0.78830561041831981 7.5000000000000009 0.84243628382682811 0.39565217494964605 0.86616915464401256 0.27922078967094427 0.41885964572429663 0.83910790085792553 0.85912698507308971 0.78019323945045482 0.76330533623695385 0.54006412625312816 0.81120249629020702 0.99783548712730419 0.8874824345111848 0.93750000000000011 0.87007671594619762 5.5000000000000009 8.5000000000000018 0.64583334326744091 1.0000000180025095e-35
decision_type=2 2 2 2 2 2 2 2 2 2 2 2 2 2 2 2 2 2 2 2 2 2 2 2 2 2 2 2 2 2
left_child=1 2 4 -2 -1 16 7 9 -9 13 11 -11 -6 14 -7 -16 18 -18 20 25 24 22 26 -23 -3 -19 -22 28 -28 -29
right_child=3 5 -4 -5 12 6 -8 8 -10 10 -12 -13 -14 -15 15 -17 17 19 -20 -21 21 23 -24 -25 -26 -27 27 29 -30 -31
leaf_value=-0.021288550579973226 0.010000596845352136 -0.010644131934858104 -0.04318298807961355 0.050877683555112102 -0.010201676354738048 0.047352226925818308 -0.02769211261644125 -0.038034551897003617 0.050681773170408208 -0.031680236621759346 -0.026796797907337577 0.03335837698304988 0.050998412491915085 0.028866352286674769 0.027935262646286176 -0.022370664001459442 0.050052367483821296 -0.043011884094426509 -0.040521834671337797 0.033902700533115872 0.028734343661115741 -0.062621705770160671 -0.039656960308668943 -0.00049189362024406615 0.021561983715585736 -0.00060467355794015015 -0.053371486731052978 -0.011192804238783811 0.0047646588307596579 0.036942527733187694
leaf_weight=0.092980678558100993 0.4505784984281157 1.4428754867520783 0.11148832538335363 0.058714822733577421 0.031884647756654338 0.040966461325655845 0.056292044183010148 0.012974429745000293 0.082977819665899233 0.040213875105564512 0.11028116793593767 0.081872740229641749 0.039426217532309238 0.19049116204546834 0.039867336002311404 0.10905401424315642 0.12281206937274181 0.047469052006292034 0.079297738142486085 0.079698929439018573 0.28850642784527725 0.073415570495853899 0.051542731788458696 0.059680914362616022 0.098945268121042207 5.1807872813240099 0.058504795991439096 0.044546817189257126 0.06587751061306335 0.14342778706122772
leaf_count=2092 512 66054 15151 307 733 169 32 13 481 55 50 109 36 169 260 70 729 246 30 51 126 20 27 31 716 11503 31 37 18 50
internal_value=1.24967e-09 -0.000844017 -0.0185236 0.0147132 -0.00178966 -0.000277236 0.00884696 0.0117493 0.0386858 0.00753118 -0.00644679 0.0119354 0.0236345 0.0160701 0.00323321 -0.0089034 -0.00116783 0.000676631 -0.00533003 -0.000465793 -0.00413096 0.00459658 0.0126262 -0.0347625 -0.00857733 -0.000989703 0.0171111 0.00637533 -0.0225804 0.0255353
internal_weight=9.38745 8.87816 0.27578 0.509293 0.164292 8.60238 0.764991 0.708699 0.0959522 0.612747 0.232368 0.122087 0.0713109 0.380379 0.189888 0.148921 7.83739 5.43077 2.40662 5.30796 2.32732 0.785503 0.652406 0.133096 1.54182 5.22826 0.600863 0.312357 0.124382 0.187975
internal_count=99908 99089 18012 819 2861 81077 1408 1376 494 882 214 164 769 668 499 330 79669 12529 67140 11800 67110 340 289 51 66770 11749 262 136 49 87
is_linear=0
shrinkage=0.05


Tree=166
num_leaves=31
num_cat=0
split_feature=10 0 1 1 1 8 12 0 1 1 13 13 2 7 8 8 1 1 6 6 1 0 12 1 5 2 7 0 0 0
split_gain=0.043988 0.0348381 0.131432 0.0415482 0.0962236 0.0673537 0.0626175 0.0532056 0.0775743 0.0641096 0.0518642 0.0502217 0.0430471 0.0407525 0.0385521 0.0447618 0.0380905 0.0557607 0.0365816 0.0358724 0.0354273 0.0593355 0.0341569 0.0335572 0.0361619 0.0334546 0.0330829 0.0361376 0.0697758 0.0308355
threshold=1.0000000180025095e-35 0.83910790085792553 0.85912698507308971 0.97182539105415355 0.96720427274703991 0.1863425895571709 4.5000000000000009 0.77629500627517711 0.83047896623611461 0.90521115064620983 38.500000000000007 6.5000000000000009 0.44949495792388922 0.95904389023780834 0.77097901701927196 0.71825397014617931 0.77015754580497753 0.76123407483100902 0.86501669883728038 0.45341086387634283 0.70647653937339794 0.54923510551452648 24.500000000000004 0.86240702867507946 1.0000000180025095e-35 0.44949495792388922 0.94360822439193737 0.72834226489067089 0.76071646809577953 0.88273492455482494
decision_type=2 2 2 2 2 2 2 2 2 2 2 2 2 2 2 2 2 2 2 2 2 2 2 2 2 2 2 2 2 2
left_child=1 3 -3 4 5 10 -5 9 11 12 -1 25 16 14 15 22 17 20 26 -10 21 -7 -8 -12 -25 -9 27 -14 -29 -2
right_child=29 2 -4 6 -6 7 13 8 19 -11 23 -13 18 -15 -16 -17 -18 -19 -20 -21 -22 -23 -24 24 -26 -27 -28 28 -30 -31
leaf_value=-0.047575402803868572 0.0061180757421496939 0.050318636678482402 -0.00012748773414111096 0.031675575286891959 -0.10029165477260434 -0.029588555117319105 -0.011026706251208857 0.0051899959195219779 0.01697502078444614 0.050962784143150891 -0.038245114843025854 -0.028751556708981246 0.023397696745723954 0.023278030334140394 -0.07907591921607017 0.042795963579106255 -0.04135557604196427 0.045166893198194433 -0.018326883106425457 -0.038205575056788066 -0.043172407296995757 0.012510221265559625 0.086500430180080787 -0.054262114015877917 0.041726096961157706 0.060122701184137373 0.044963678194618495 -0.057195935066621253 0.039048248545598595 0.030344726407038267
leaf_weight=0.17774073914124189 0.86517967472841018 0.13229388956849764 5.3786683608716963 0.15588932395760924 0.029178341394697216 0.13878532010440892 0.58505651964217442 0.065596114199877209 0.032802163963424391 0.062607953096176061 0.039034072304251488 0.058098450796862267 0.14872608349287475 0.12380808708894619 0.018537704483605921 0.043889544987905538 0.083754137943650164 0.049985644076961933 0.082749879791663261 0.28845696462940396 0.069983410737794571 0.21086711639125788 0.0091176632420477688 0.012429776651277535 0.046588635351948682 0.047995813569684742 0.088454532002288033 0.046908112643222921 0.031463461643340906 0.15485001025787426
leaf_count=68181 1562 745 11970 947 14 2840 3738 42 14 41 4239 86 147 92 3 15 386 142 44 156 887 1652 213 394 486 14 44 54 24 736
internal_value=4.33502e-09 -0.00120977 0.0010835 -0.00580796 -0.0102267 -0.00875286 0.00274457 -0.00459593 -0.0180712 0.00195314 -0.0314709 0.00906085 -0.00127106 -0.00303449 -0.00799595 -0.00593086 -0.0102929 -0.00475302 0.0112633 -0.0325714 -0.0106993 -0.00419978 -0.00953014 -0.00227803 0.0215102 0.0284006 0.0190229 0.00891902 -0.0185572 0.00979591
internal_weight=9.2795 8.25947 5.51096 2.74851 1.81221 1.78303 0.936299 1.50724 0.49295 1.01429 0.275793 0.17169 0.951678 0.78041 0.656601 0.638064 0.553376 0.469621 0.398302 0.321259 0.419636 0.349652 0.594174 0.0980525 0.0590184 0.113592 0.315552 0.227098 0.0783716 1.02003
internal_count=99908 97610 12715 84895 79887 79873 5008 6573 312 6261 73300 142 6220 4061 3969 3966 5907 5521 313 170 5379 4492 3951 5119 880 56 269 225 78 2298
is_linear=0
shrinkage=0.05


Tree=167
num_leaves=31
num_cat=0
split_feature=4 7 6 6 1 7 0 7 2 1 6 0 1 13 7 7 12 13 1 1 0 1 0 12 12 7 0 6 13 2
split_gain=0.0533226 0.062118 0.0522324 0.149829 0.0795953 0.0467985 0.0508777 0.0451452 0.0441034 0.0438217 0.0637124 0.0477512 0.038384 0.0342001 0.121882 0.126666 0.0560904 0.0539897 0.0446914 0.0529075 0.0486497 0.0642621 0.0418343 0.0698121 0.0895749 0.0762198 0.0513085 0.0571074 0.0519407 0.0544297
threshold=1.0000000180025095e-35 0.99783548712730419 0.62303319573402416 0.52839964628219616 0.81892696022987377 0.72792208194732677 0.69416099786758434 0.99783548712730419 0.074175827205181136 0.8874824345111848 0.86501669883728038 0.70064935088157665 0.99473685026168834 2.5000000000000004 0.61826965212821972 0.80101522803306591 2.5000000000000004 1.0000000180025095e-35 0.77015754580497753 0.97182539105415355 0.87570226192474376 0.93908473849296581 0.89512962102890026 3.5000000000000004 5.5000000000000009 0.94360822439193737 0.7897985875606538 0.93728145956993114 20.500000000000004 0.73214286565780651
decision_type=2 2 2 2 2 2 2 2 2 2 2 2 2 2 2 2 2 2 2 2 2 2 2 2 2 2 2 2 2 2
left_child=2 13 3 5 8 12 -7 -5 -4 -6 -11 -12 -1 14 -2 16 -16 -17 -19 20 -20 -22 26 25 -25 -24 -15 28 -28 -30
right_child=1 -3 4 7 9 6 -8 -9 -10 10 11 -13 -14 22 15 17 -18 18 19 -21 21 -23 23 24 -26 -27 27 -29 29 -31
leaf_value=-0.037834750973772618 -0.052075431831336984 0.027298771581544996 -0.0027981254523942109 -0.041547053976514051 0.027993449168792251 -0.021815914275959414 0.039088311178614457 -0.096235503078485607 -0.045373984662238381 0.016032870663595523 0.019701367015769182 -0.037377246412902673 0.0099641131569775838 0.0020399319426019215 0.074963031399814459 -0.011541589154223438 0.019537785440414849 0.04909757300597116 -0.027373123942845648 0.022074666487900758 0.051286589764229375 -0.015962053962175881 -0.00053353766189299804 0.034625940037663283 -0.04702293531760128 0.050841047490937777 -0.020615781285813026 0.030880374165335896 -0.012150025845484054 0.030186536141845834
leaf_weight=0.11235130866318399 0.078729649668144996 0.22803466613225953 0.11224824473644546 0.10518107645497032 0.18732646490911975 0.052695046435754733 0.098178238947610907 0.058850607753583972 0.13277291768203803 0.24301929941995581 0.049473219036030969 0.14127842300501925 0.067075553735531201 1.164491682183469 0.1023581847247782 0.32591118236575745 0.082388863928283484 0.076692444747095578 0.14583087092432834 0.33927795126265892 0.063360315515978982 0.080861452271335565 3.3940702944866041 0.28290704537008782 0.038117115849971128 0.073764761098686793 0.95701706529762975 0.07271446009781346 0.22476617584155889 0.1146390177211174
leaf_count=27017 9668 631 484 3179 97 284 87 14 1939 173 50 121 1502 39952 53 150 115 33 60 223 34 36 7226 339 53 202 3734 39 2206 207
internal_value=3.65896e-09 0.00158453 -0.00913823 -0.0221064 -0.00173674 -0.00270785 0.0178165 -0.0611679 -0.0258693 0.00778349 -0.000944303 -0.0225734 -0.019966 0.000814801 0.00821608 0.0121175 0.0502459 0.00529133 0.0130617 0.0086702 -0.00700917 0.013582 -0.000701642 0.00262426 0.0249313 0.000559258 -0.00567529 -0.0122373 -0.0146557 0.00214976
internal_weight=9.20638 7.84593 1.36045 0.494332 0.866119 0.3303 0.150873 0.164032 0.245021 0.621097 0.433771 0.190752 0.179427 7.6179 1.29541 1.21668 0.184747 1.03193 0.706023 0.629331 0.290053 0.144222 6.32249 3.78886 0.321024 3.46784 2.53363 1.36914 1.29642 0.339405
internal_count=99908 64961 34947 32083 2864 28890 371 3193 2423 441 344 171 28519 64330 10372 704 168 536 386 353 130 70 53958 7820 392 7428 46138 6186 6147 2413
is_linear=0
shrinkage=0.05


Tree=168
num_leaves=31
num_cat=0
split_feature=5 6 8 1 12 10 0 8 2 2 2 13 8 7 0 0 0 13 12 0 0 13 7 7 13 0 0 12 2 1
split_gain=0.0529741 0.0611054 0.140801 0.0723389 0.0576609 0.0535351 0.040478 0.0381345 0.0381004 0.0406884 0.0370055 0.0364225 0.0370372 0.0376699 0.0526869 0.0360825 0.0354552 0.0338531 0.0403505 0.0346777 0.0315752 0.0311058 0.103844 0.145364 0.0851275 0.08357 0.0802294 0.0665657 0.0420647 0.0512601
threshold=1.0000000180025095e-35 0.62303319573402416 0.71008405089378368 0.81892696022987377 4.5000000000000009 1.0000000180025095e-35 0.94570022821426403 0.8603896200656892 0.074175827205181136 0.44949495792388922 0.44949495792388922 70.500000000000014 0.2709790319204331 0.55705243349075328 0.74115687608718883 0.44562648236751562 0.75147059559822094 4.5000000000000009 8.5000000000000018 0.77836257219314586 0.68801230192184459 2.5000000000000004 0.61826965212821972 0.80101522803306591 4.5000000000000009 0.91945946216583263 0.83910790085792553 2.5000000000000004 0.38750000298023229 0.9759001135826112
decision_type=2 2 2 2 2 2 2 2 2 2 2 2 2 2 2 2 2 2 2 2 2 2 2 2 2 2 2 2 2 2
left_child=1 2 10 8 6 21 -5 17 15 -10 11 12 -1 -14 -15 -3 -12 -7 -19 20 -20 22 -2 27 25 26 -23 -24 -25 -30
right_child=5 3 -4 4 -6 7 -8 -9 9 -11 16 -13 13 14 -16 -17 -18 18 19 -21 -22 24 23 28 -26 -27 -28 -29 29 -31
leaf_value=-0.050625155792921664 -0.050674578215617688 -0.025468102262265091 -0.07297868915569404 0.022548630095608774 -0.013019286165454209 0.0290274284918642 -0.034346930272279141 0.048284103600923278 -0.049208687834187706 0.0062280274067446394 0.020243155517132138 0.050383860728423414 0.144457501446805 -0.044277465940064466 0.054717198614657361 0.029286426879689128 -0.016403449984094608 0.012771890464838674 -0.03354369139838019 -0.043819912694439057 0.042226872410123864 -0.006570887343987611 0.076251994491950914 0.036261905315193042 0.0010111465665765659 0.018452483674071561 -0.046295433597267441 0.014147078333987501 -0.014580274229912671 0.010882557926137038
leaf_weight=0.10821485224568916 0.071022332331072024 0.063463675079191262 0.1077956373806046 0.42160437594418454 0.21637529033608871 0.18136930914845972 0.033764559455221388 0.075919776196087696 0.13683997804759684 0.043659489043420763 0.13762821552485249 0.014301129613178531 0.0040591554266029553 0.042231245036942866 0.019715229461212402 0.057213031522106661 0.12681872220115231 0.32508683413302109 0.024531100806608919 0.070553598155811414 0.031283574484632481 0.24267457660631286 0.11242819382233882 0.087999009014765761 5.084007551986601 0.12360003790777085 0.26688801157558295 0.070014906559343615 0.34871733766755142 0.45626999986012606
leaf_count=32010 8855 322 22 248 202 390 34 284 1935 33 2914 182 14 847 36 178 2472 543 54 26 34 5530 43 56 40688 1170 324 102 129 231
internal_value=2.77197e-09 -0.00847392 -0.0216198 -0.000896987 0.00823206 0.00171629 0.01833 0.0147992 -0.0212584 -0.0357996 -0.00939765 -0.0263238 -0.0326204 -0.00310208 -0.0127712 0.000491113 0.00266883 0.0107821 0.00345209 -0.0205234 0.00892496 0.000365328 0.00788202 0.0117492 -0.00114198 -0.0184306 -0.027377 0.0524184 0.00344014 -0.00014784
internal_weight=9.10605 1.53368 0.560764 0.97292 0.671744 7.57237 0.455369 0.708744 0.301176 0.180499 0.452969 0.188522 0.17422 0.0660056 0.0619465 0.120677 0.264447 0.632824 0.451455 0.126368 0.0558147 6.86362 1.14645 1.07543 5.71717 0.633163 0.509563 0.182443 0.892986 0.804987
internal_count=99908 41449 38497 2952 484 58459 282 1331 2468 1968 38475 33089 32907 897 883 500 5386 1047 657 114 88 57128 9416 561 47712 7024 5854 145 416 360
is_linear=0
shrinkage=0.05


Tree=169
num_leaves=31
num_cat=0
split_feature=8 0 1 0 12 2 1 1 12 7 2 13 13 0 7 7 6 13 6 8 12 2 0 13 8 8 2 1 2 13
split_gain=0.0403722 0.0366883 0.0843041 0.037154 0.0353126 0.0348348 0.0343295 0.073051 0.0678517 0.0555389 0.0475062 0.0438673 0.055194 0.0429619 0.0338904 0.0335475 0.0957051 0.037275 0.032472 0.0345234 0.0401372 0.0335691 0.0417662 0.0317258 0.0350234 0.0348462 0.0316647 0.0313643 0.0309868 0.0304668
threshold=0.8441295623779298 0.84877073764801036 0.85912698507308971 0.84660634398460399 2.5000000000000004 0.57738095521926891 0.96824595332145702 0.96720427274703991 3.5000000000000004 0.78886163234710704 0.64583334326744091 3.5000000000000004 4.5000000000000009 0.82426470518112194 0.93369963765144359 0.94360822439193737 0.90125367045402538 1.0000000180025095e-35 0.78696113824844371 0.17519181966781619 25.500000000000004 0.77500000596046459 0.63582888245582592 35.500000000000007 0.19677419215440753 0.22401433438062671 0.64583334326744091 0.90521115064620983 0.5634920895099641 106.50000000000001
decision_type=2 2 2 2 2 2 2 2 2 2 2 2 2 2 2 2 2 2 2 2 2 2 2 2 2 2 2 2 2 2
left_child=1 3 4 6 -3 -5 7 9 -8 10 23 -10 -13 27 -15 29 17 -17 19 20 -14 22 -21 24 -1 -26 -20 -11 -18 -4
right_child=-2 2 15 5 -6 -7 8 -9 11 13 -12 12 18 14 -16 16 28 -19 26 21 -22 -23 -24 -25 25 -27 -28 -29 -30 -31
leaf_value=-0.051070500308953597 0.017565935128417264 0.060675097828815451 -0.00057879941921591585 0.050924723622685832 0.0062310783549616236 -0.082048591539837457 0.034634631721845714 -0.082809842004288467 0.012475167997949345 -0.0018878497209409669 0.051942672123447532 -0.058190576037666142 -0.017888050848801296 8.8967549449444266e-05 -0.053617868780637651 -0.025069061053904686 0.049882380791301049 0.03971737086378184 0.011407022776268179 -0.029685461336183962 0.15283116510139091 -0.032487306069298165 0.034400134845946277 -0.0041252832285549323 0.015660944554495494 -0.030901348061869817 -0.029907289364308611 0.025246980731242638 -0.022068053913250507 0.054860480402615264
leaf_weight=0.14475595632992178 0.31549410529405086 0.084844501143475415 4.7450924795112179 0.006029954909607115 0.045892907016344964 0.02688279099770341 0.14441295687539923 0.032281849913488148 0.34703259443225298 1.2595866984508601 0.021379721625677917 0.053372451187540193 0.15270266773114827 0.051124456989782519 0.069041756822571188 0.024543157815060002 0.016603002094313979 0.23273597765074783 0.062183980993722798 0.030162664012891582 0.0035222956998648405 0.030065510558870301 0.16182987417209915 0.14158168173122121 0.053635927276721063 0.16018374538074553 0.18246553255630715 0.11632833041380752 0.15159154925191842 0.024911836837418266
leaf_count=68080 686 332 11432 53 119 128 819 9 948 2002 88 244 2867 34 29 8 33 306 27 36 149 16 101 6563 1623 2844 68 70 189 5
internal_value=4.10274e-09 -0.000646153 0.00190856 -0.00483218 0.0415635 -0.0576865 -0.00429154 -0.00818955 0.00255113 -0.00699563 -0.0210459 -0.00197648 -0.00939206 -0.00209768 -0.0307684 0.000910691 0.0143634 0.0335371 -0.00521103 0.0039695 -0.014039 0.016639 0.0243321 -0.0241659 -0.0320788 -0.0192214 -0.0194062 0.000406296 -0.0149656 -0.000289262
internal_weight=8.89227 8.57678 5.32622 3.25056 0.130737 0.0329127 3.21765 2.0499 1.16775 2.01762 0.521537 1.02334 0.676305 1.49608 0.120166 5.19548 0.425474 0.257279 0.622933 0.378283 0.156225 0.222058 0.191993 0.500157 0.358576 0.21382 0.24465 1.37592 0.168195 4.77
internal_count=99908 99222 12424 86798 451 181 86617 81342 5275 81333 79198 4456 3508 2135 63 11973 536 314 3264 3169 3016 153 137 79110 72547 4467 95 2072 222 11437
is_linear=0
shrinkage=0.05


Tree=170
num_leaves=31
num_cat=0
split_feature=7 13 8 1 0 0 8 1 1 4 0 7 13 12 12 12 13 13 1 13 11 1 0 6 13 8 13 6 7 0
split_gain=0.0380728 0.0435014 0.0453946 0.0373821 0.0599831 0.106662 0.076152 0.0444379 0.0423915 0.0400664 0.047868 0.0339261 0.0307969 0.0300519 0.0295964 0.0266448 0.0248437 0.0628886 0.0435147 0.043239 0.0271293 0.0234856 0.0356263 0.0407727 0.050698 0.0274876 0.023361 0.0212695 0.0211891 0.0207674
threshold=0.99783548712730419 9.5000000000000018 0.76696833968162548 0.855400711297989 0.836786448955536 0.82426470518112194 0.1863425895571709 0.84028983116149913 0.84475743770599376 1.0000000180025095e-35 0.73546314239501964 0.55705243349075328 1.0000000180025095e-35 5.5000000000000009 11.500000000000002 11.500000000000002 41.500000000000007 45.500000000000007 0.92403846979141246 49.500000000000007 1.0000000180025095e-35 0.87226107716560375 0.85857143998146068 0.71241438388824474 34.500000000000007 0.54006412625312816 30.500000000000004 0.62303319573402416 0.88478556275367748 0.61938297748565685
decision_type=2 2 2 2 2 2 2 2 2 2 2 2 2 2 2 2 2 2 2 2 2 2 2 2 2 2 2 2 2 2
left_child=3 2 27 4 5 6 -1 -7 9 10 11 -8 -11 29 -15 -13 21 18 -18 -19 -21 22 23 24 25 -5 -24 -2 -17 -4
right_child=1 -3 13 16 -6 7 8 -9 -10 12 -12 15 -14 14 -16 28 17 19 -20 20 -22 -23 26 -25 -26 -27 -28 -29 -30 -31
leaf_value=-0.045436496835484737 -0.074705829047863201 0.043362574247349954 -0.0086945402424416819 -0.058175125554668652 0.026647573452196923 -0.022902703139626095 0.093542326635554784 -0.10093054325313587 -0.040807916117535543 -0.031121547756651741 0.02009201009736418 -0.040123999585503396 0.0093623043162367123 -0.020077793427497659 0.043240053911679288 -0.050770330818520781 -0.042584542990543206 -0.033326520107957745 0.049447504188773604 -0.058793981529353147 0.0099222312486297853 -0.00086127668073586548 -0.036837466625306813 0.03257351072590324 0.055167072948586131 0.024037524920185061 0.052605985461669419 -0.0090156940410759771 0.0091778383128017626 0.050953130955027903
leaf_weight=0.1199400641967 0.021858715699637155 0.10417667549836551 0.01873158362286631 0.039413195655083721 0.11320580753961795 0.030897645475668756 0.005834130814136306 0.044566689186744668 0.070713323785696502 0.050855689179794439 0.074292421512133444 0.16299485656368695 0.61591647946458039 0.069357451948263815 0.02514694303044962 0.019340655448328192 0.014324451527308102 0.073937635500369581 0.12426750411380638 0.014826207493655374 0.46023638864365779 6.0803654177388076 0.047787671577715685 0.19417670057919167 0.020769345176141485 0.013701694093469996 0.0086164774456634063 0.028244987212872275 0.061966828996389722 0.066042049519779766
leaf_count=66524 4 263 19 2198 658 352 314 70 41 72 197 3425 1223 66 100 1167 219 401 211 20 1389 20033 164 69 157 9 22 43 130 348
internal_value=3.17011e-09 0.016569 0.00440042 -0.000653049 -0.00821258 -0.0113513 -0.00767135 -0.0689833 -0.00340589 -0.000737594 -0.0151491 -0.0256159 0.00627454 0.0161592 -0.00322937 -0.0284615 0.000807739 0.00983943 0.0399353 0.00224189 0.00777767 -0.00016186 0.012945 0.0205449 -0.0110677 -0.0369673 -0.0231738 -0.0376743 -0.00508207 0.0377734
internal_weight=8.79651 0.333558 0.229382 8.46295 1.37052 1.25732 1.18185 0.0754643 1.06191 0.991201 0.324429 0.250136 0.666772 0.179278 0.0945044 0.244302 7.09242 0.687592 0.138592 0.549 0.475063 6.40483 0.324465 0.268061 0.0738842 0.0531149 0.0564041 0.0501037 0.0813075 0.0847736
internal_count=99908 843 580 99065 74173 73515 73093 422 6569 6528 5233 5036 1295 533 166 4722 24892 2240 430 1810 1409 22652 2619 2433 2364 2207 186 47 1297 367
is_linear=0
shrinkage=0.05


Tree=171
num_leaves=31
num_cat=0
split_feature=7 1 13 8 0 12 2 12 8 1 1 0 0 7 1 1 0 12 0 10 13 1 13 0 7 13 13 13 8 8
split_gain=0.0402642 0.0405525 0.039729 0.0376444 0.0322551 0.0389561 0.0379734 0.0340383 0.0469262 0.0331044 0.0277318 0.0466398 0.104793 0.0381098 0.0431978 0.0354404 0.0308314 0.035667 0.033787 0.0447081 0.0291216 0.0289532 0.0285351 0.0416792 0.0337895 0.0268863 0.0324713 0.0262315 0.0250003 0.0277585
threshold=0.99783548712730419 0.55625879764556896 8.5000000000000018 0.94281044602394115 0.64174234867095958 25.500000000000004 0.087121214717626586 3.5000000000000004 0.56385868787765514 0.91010102629661571 0.855400711297989 0.836786448955536 0.82426470518112194 0.64418154954910289 0.84475743770599376 0.76123407483100902 0.7243877947330476 19.500000000000004 0.73375529050827037 1.0000000180025095e-35 29.500000000000004 0.70647653937339794 1.0000000180025095e-35 0.68457102775573742 0.88478556275367748 88.500000000000014 80.500000000000014 9.5000000000000018 0.84807693958282482 0.77097901701927196
decision_type=2 2 2 2 2 2 2 2 2 2 2 2 2 2 2 2 2 2 2 2 2 2 2 2 2 2 2 2 2 2
left_child=4 -2 3 -3 7 6 -6 8 9 -1 11 12 13 -8 15 21 17 20 19 -18 -12 27 -17 -24 -25 26 -20 -15 29 -9
right_child=1 2 -4 -5 5 -7 10 28 -10 -11 16 -13 -14 14 -16 22 18 -19 25 -21 -22 -23 23 24 -26 -27 -28 -29 -30 -31
leaf_value=-0.02414862538142391 -0.03266793383415071 -0.0018474323908266484 0.050447769931697133 0.050409455232298755 0.03604901734932528 0.15354651003187544 -0.039202871466905771 -0.018295454322790599 0.037407454384050041 0.030728969865163991 0.024539463347711309 0.02303745303914945 -0.071535960981969918 0.013418731000632962 -0.040481905216596933 -0.036244261032382145 -0.050885060815803178 -0.058920072546899183 0.00035849663912704635 0.054377863165434137 -0.020407853162139909 -0.046206583454076466 0.050979255495612136 -0.024391534570359745 0.015319636065538871 0.027845604534165347 -0.048869806887416219 -0.05336782012230832 0.043862704816999901 -0.064389058653835249
leaf_weight=0.11893659133561785 0.035848563772561515 0.14438228880948145 0.093518000101028065 0.045268271855832154 0.072940525691892577 0.0041407212265339713 0.081205012018508493 0.35815117573028088 0.071954144629103212 0.035738889276331065 0.28811859525904093 0.10218660170008675 0.0693347904107533 0.068983211947198697 0.067336234731101285 0.030947996481700102 0.061459685941004483 0.015405767191655428 6.2674794972034711 0.01206801342232211 0.041188692050850406 0.058623575919412474 0.062312534768516059 0.069936391793188335 0.22885588621238639 0.088510660505292438 0.033677317381048399 0.018684486132446665 0.014722338761202991 0.035940679757004546
leaf_count=7851 39 201 272 331 494 15 25441 41077 81 132 2067 614 395 193 35 17 439 81 18155 9 573 481 94 212 63 47 51 422 4 22
internal_value=2.03323e-09 0.0174345 0.0237773 0.0106259 -0.0006638 0.000224889 0.000142858 -0.0114932 0.00404927 -0.0114688 -0.000198768 -0.00866765 -0.0129519 -0.00703837 -0.002726 0.00199652 0.00086907 0.0154389 9.19904e-05 -0.0336084 0.0189176 -0.0190051 0.00983309 0.0137821 0.0060247 0.00047979 9.53898e-05 -0.000815387 -0.0201093 -0.0224991
internal_weight=8.69786 0.319017 0.283169 0.189651 8.37884 7.7434 7.73926 0.635444 0.22663 0.154675 7.66631 0.858407 0.75622 0.686885 0.60568 0.538344 6.80791 0.344713 6.4632 0.0735277 0.329307 0.146291 0.392053 0.361105 0.298792 6.38967 6.30116 0.0876677 0.408814 0.394092
internal_count=99908 843 804 532 99065 49898 49883 49167 8064 7983 49389 27967 27353 26958 1517 1482 21422 2721 18701 448 2640 1096 386 369 275 18253 18206 615 41103 41099
is_linear=0
shrinkage=0.05


Tree=172
num_leaves=31
num_cat=0
split_feature=8 0 12 2 13 8 8 6 8 2 0 1 13 13 8 0 13 6 6 6 13 5 0 13 6 12 0 13 8 13
split_gain=0.0367 0.0358181 0.0430772 0.0349664 0.0326891 0.037371 0.0290825 0.0235519 0.0231518 0.0395129 0.0566245 0.0229909 0.0228265 0.0213023 0.0210787 0.0644499 0.0585989 0.0520654 0.0439579 0.0623925 0.0608756 0.040677 0.0355609 0.0326307 0.109657 0.0624242 0.0523183 0.0500163 0.0479368 0.0324036
threshold=0.8441295623779298 0.64174234867095958 25.500000000000004 0.087121214717626586 6.5000000000000009 0.56385868787765514 0.73030304908752453 0.51382517814636242 0.78019323945045482 0.38750000298023229 0.54085850715637218 0.78086888790130626 106.50000000000001 5.5000000000000009 0.44222222268581396 0.9634092152118684 1.0000000180025095e-35 0.51871871948242199 0.78696113824844371 0.90125367045402538 1.0000000180025095e-35 1.0000000180025095e-35 0.75582656264305126 20.500000000000004 0.38967698812484747 1.5000000000000002 0.91024166345596325 15.500000000000002 0.2981481552124024 3.5000000000000004
decision_type=2 2 2 2 2 2 2 2 2 2 2 2 2 2 2 2 2 2 2 2 2 2 2 2 2 2 2 2 2 2
left_child=1 4 3 7 8 -6 -7 -3 9 -1 -11 -12 14 -2 18 16 -16 -18 20 21 -5 -20 -23 24 -22 27 -27 -26 -25 -19
right_child=13 2 -4 12 5 6 -8 -9 -10 10 11 -13 -14 -15 15 -17 17 29 19 -21 23 22 -24 28 25 26 -28 -29 -30 -31
leaf_value=-0.036623422343965928 0.0075181083594833987 -0.010922516247384091 0.13607906178361626 0.040641528583118855 -0.013514466152970485 0.040247232349231776 -0.010263414066920201 0.052832874925343311 -0.059093842735749275 0.050309465469221298 0.043895098775888597 -0.029629296523937466 0.049454056460344509 0.035745477473714087 -0.02328966043643188 0.043539216309029183 0.036114524827774601 0.011260694539682745 0.016946557082987521 0.016061639080111836 -0.051705547265778633 0.0002670462543397564 -0.044222683960622941 -9.2838566851274654e-05 0.01713642636518883 -0.0076894511808027026 -0.052418158956208299 -0.051483620384053741 0.039717261613134824 -0.0021105135086059803
leaf_weight=0.14258231997414705 0.19202344211535738 0.020125399657492937 0.0058409451069180154 0.087519415148205826 0.21464345982576249 0.075583447766121026 0.045744644161345605 0.051689340467689249 0.039646008022828028 0.040819965754590903 0.012207103596444391 0.082425661854228061 0.02317843655819718 0.10252453837063058 0.20974102097670844 0.096903433887732038 0.12206714514627526 0.69017598732682506 0.043025469499184399 0.10500123156151631 0.13313325391204278 0.056219935759145301 0.22336870236483719 3.502055895547834 0.35614099185558246 0.39458553262741747 0.07835925652484832 0.028694808279707829 0.077286261787662514 1.3190503560253999
leaf_count=19978 451 412 15 1368 26667 80 41 85 16 557 1023 835 24 235 110 430 57 357 31 54 20808 22 155 12687 3734 8246 84 411 169 766
internal_value=2.39146e-09 -0.000617122 0.000345911 0.000241845 -0.0118499 -0.000977057 0.0212031 0.034966 -0.0233487 -0.0182517 0.00108708 -0.0201451 -8.86006e-05 0.0173433 -0.000241235 0.00358118 0.00192718 0.00440877 -0.0020737 -0.0174159 -0.000665179 -0.0283119 -0.0352766 -0.00145619 -0.00948584 -0.00293306 -0.0151003 0.0120199 0.000766753 0.00248254
internal_weight=8.57236 8.27782 7.62416 7.61832 0.653653 0.335972 0.121328 0.0718147 0.317681 0.278035 0.135453 0.0946328 7.54651 0.294548 7.52333 2.43794 2.34103 2.13129 5.08539 0.427615 4.65778 0.322614 0.279589 4.57026 0.990914 0.857781 0.472945 0.384836 3.57934 2.00923
internal_count=99908 99222 50025 50010 49197 26788 121 497 22409 22393 2415 1858 49513 686 49489 1720 1290 1180 47769 262 47507 208 177 46139 33283 12475 8330 4145 12856 1123
is_linear=0
shrinkage=0.05


Tree=173
num_leaves=31
num_cat=0
split_feature=12 0 8 2 12 2 2 6 7 10 7 0 6 6 0 13 13 0 0 6 0 13 6 7 2 8 8 8 13 12
split_gain=0.0385904 0.0389883 0.049213 0.042277 0.0338598 0.0493035 0.031958 0.0399126 0.0474433 0.0273177 0.0271778 0.0253169 0.0239971 0.0237254 0.0223077 0.0272014 0.0264907 0.0488431 0.0395397 0.0462608 0.0394569 0.0223936 0.0259808 0.0227953 0.0223037 0.0207752 0.0204438 0.0197858 0.0683707 0.0509427
threshold=24.500000000000004 0.63453349471092235 0.91287881135940563 0.087121214717626586 3.5000000000000004 0.31666667759418493 0.73214286565780651 0.76552855968475353 0.96794739365577709 1.0000000180025095e-35 0.99783548712730419 0.62767899036407482 0.51382517814636242 1.0000000180025095e-35 0.88273492455482494 1.0000000180025095e-35 9.5000000000000018 0.84273937344551098 0.8019607961177827 0.57212206721305858 0.84877073764801036 8.5000000000000018 0.90125367045402538 0.60814762115478527 0.23611111193895343 0.78019323945045482 0.90692642331123363 0.63961037993431102 1.0000000180025095e-35 12.500000000000002
decision_type=2 2 2 2 2 2 2 2 2 2 2 2 2 2 2 2 2 2 2 2 2 2 2 2 2 2 2 2 2 2
left_child=1 4 3 12 5 -1 7 8 25 24 14 -9 -3 -2 15 -11 17 -17 19 -18 -19 -16 23 -23 -5 -6 27 -26 -29 -30
right_child=13 2 -4 9 6 -7 -8 11 -10 10 -12 -13 -14 -15 21 16 18 20 -20 -21 -22 22 -24 -25 26 -27 -28 28 29 -31
leaf_value=-0.048946738390594685 0.12327296835533051 -0.010294560382704213 0.04399164418402584 -0.03626294389878934 -0.039768085452509233 0.012995043441498775 -0.086758445673837142 0.0019093317773594251 0.031640488729327614 -0.039445418605433054 0.050715094107226258 -0.056170976762634051 0.053169449060224028 0.028654151802865159 0.05118649946978357 0.025071380342461494 0.039265803100055473 -0.056246659137109301 0.032806737813140634 -0.041949084000993203 0.00556838221149384 -0.034108232510384633 -0.044864704508999036 0.051015174645843313 -0.0016649918136341726 -0.098205216430856279 -0.05881982643476822 -0.027624362195477078 0.0087496380445938136 0.069153688696245039
leaf_weight=0.038378231051172551 0.0087516428902744137 0.020011075280994883 0.065245086353172499 0.044422734179231926 0.12752530332466927 0.1971815874406242 0.017657860668208514 0.19411872839016908 0.022278158184235508 0.035353824738876827 0.037548946906440506 0.020770132359075433 0.058262593764084158 0.02726665555686214 0.052614366924032652 0.26045444966206333 0.021649993104581711 0.037148807658923033 0.037296861890865785 0.092229001214718664 0.084615053740890289 0.010741706489099556 0.01745340875953616 0.029365208670014908 5.937468345336117 0.017268750816583633 0.015107976758372277 0.1297228220191754 0.7839208090248917 0.036531833618937526
leaf_count=5291 1 462 380 5425 38371 2200 32 412 18 21 173 11 99 1043 350 260 140 12 50 86 55 11 19 118 44258 2 6 74 514 14
internal_value=7.57448e-10 -0.000220334 0.000748851 0.000384422 -0.0121329 0.00290327 -0.0209961 -0.0179559 -0.0362863 1.10107e-05 0.00930664 -0.00370443 0.0369445 0.0516444 0.00701647 0.00302744 0.00584258 0.0128503 -0.0118751 -0.026509 -0.0132907 0.0276088 0.0060571 0.0282168 -0.00094766 -0.0467375 -0.000720388 -0.000592948 0.00610606 0.0114392
internal_weight=8.47836 8.44234 7.80716 7.74192 0.635179 0.23556 0.399619 0.381961 0.167072 7.66365 0.716472 0.214889 0.0782737 0.0360183 0.678923 0.568748 0.533394 0.382218 0.151176 0.113879 0.121764 0.110175 0.0575603 0.0401069 6.94717 0.144794 6.90275 6.88764 0.950175 0.820453
internal_count=99908 98864 52527 52147 46337 7491 38846 38814 38391 51586 1295 423 561 1044 1122 624 603 327 276 226 67 498 148 129 50291 38373 44866 44860 602 528
is_linear=0
shrinkage=0.05


Tree=174
num_leaves=31
num_cat=0
split_feature=13 0 13 13 1 8 2 2 0 8 7 10 7 6 1 2 1 0 1 0 0 0 7 2 6 1 0 7 13 1
split_gain=0.0499599 0.0431112 0.0454027 0.0605171 0.057751 0.0453606 0.0381862 0.0266113 0.0284888 0.0265038 0.032897 0.0259941 0.0253771 0.0248627 0.0243748 0.0622823 0.0602929 0.055939 0.0418284 0.0658987 0.0500357 0.0394165 0.0692494 0.0374991 0.0372484 0.0340171 0.0495145 0.0336699 0.0394931 0.0330483
threshold=103.50000000000001 0.63453349471092235 6.5000000000000009 3.5000000000000004 0.99473685026168834 0.91287881135940563 0.087121214717626586 0.43650794029235845 0.54085850715637218 0.56385868787765514 0.94360822439193737 1.0000000180025095e-35 0.99783548712730419 0.51382517814636242 0.97182539105415355 0.41428571939468389 0.97014260292053234 0.90521115064620983 0.88273492455482494 0.83910790085792553 0.82426470518112194 0.76986128091812145 0.77621760964393627 0.27922078967094427 0.76552855968475353 0.93643954396247875 0.94185259938240062 0.84243628382682811 34.500000000000007 0.98683983087539684
decision_type=2 2 2 2 2 2 2 2 2 2 2 2 2 2 2 2 2 2 2 2 2 2 2 2 2 2 2 2 2 2
left_child=1 2 3 7 -5 6 13 -1 -9 -4 -11 14 -13 -3 16 24 17 18 19 20 23 22 -20 -8 -16 -19 -27 28 -25 -17
right_child=-2 5 9 4 -6 -7 11 8 -10 10 -12 12 -14 -15 15 29 -18 25 21 -21 -22 -23 -24 27 -26 26 -28 -29 -30 -31
leaf_value=-0.022044390946994938 0.047689624356438171 -0.011341929184054895 -0.0099864341649196983 -0.024170447105098476 -0.085861414256525631 0.043279030869928209 -0.044964678786767465 0.051807409084078049 -0.0081566546672403872 0.053792289622324345 -0.00055002008864708297 0.0070664064021746884 0.050675470341232098 0.052805003150729626 -0.047234129949525527 0.041493505877442959 -0.080129016327692121 0.024223780078897011 -0.048970971550276472 0.025044316644669579 -0.048271058211500018 -0.025464896876750992 0.03743152006925176 -0.038068364294661143 0.087014745570893337 -0.030820349160499552 0.016026890483675334 0.0058832863891041566 0.010283726737002952 0.00011481894630266899
leaf_weight=0.10866437777908045 0.05456261813998331 0.020684579880537401 0.19494708985000386 0.10117881084805669 0.060692804036225567 0.062173765612527521 0.053441144516021 0.032784193398262218 0.050042150591822931 0.044790535371021178 0.073632803122904988 0.65660957187219882 0.035145840582913479 0.056004284672994231 0.0061788186756305255 0.048746926358731346 0.026705293271476083 0.23208391427946029 0.03490478124961971 0.17580389087182091 0.073032038028380875 0.48879993826079371 0.069097074878754938 0.11118215148889554 0.031547496560961008 0.094199797363145876 0.14057297939457669 0.45472014231998514 0.06809637521085854 4.7741212690590515
leaf_count=12225 40 462 25526 8699 317 384 8297 124 331 38 90 1122 173 99 129 175 52 679 1528 1213 708 2749 44 19381 2 154 435 310 3126 11296
internal_value=-1.17049e-09 -0.000310489 -0.0125085 -0.0247957 -0.0473011 0.00074382 0.0003982 -0.00577131 0.0155782 0.00134684 0.0200035 4.27982e-05 0.00928204 0.0355032 -0.000885733 0.00103364 -0.00549816 -0.00449961 -0.00912482 -0.00254455 -0.00892247 -0.0195177 0.00843338 -0.00474217 0.0650275 0.0106491 -0.00277001 -0.00135172 -0.0197025 0.000533052
internal_weight=8.43515 8.38058 0.666733 0.353362 0.161872 7.71385 7.65168 0.191491 0.0828263 0.31337 0.118423 7.57499 0.691755 0.0766889 6.88323 4.86059 2.02264 1.99593 1.52908 0.936276 0.760472 0.592802 0.104002 0.68744 0.0377263 0.466857 0.234773 0.633999 0.179279 4.82287
internal_count=99908 99868 47350 21696 9016 52518 52134 12680 455 25654 128 51573 1295 561 50278 11602 38676 38624 37356 33035 31822 4321 1572 31114 131 1268 589 22817 22507 11471
is_linear=0
shrinkage=0.05


Tree=175
num_leaves=31
num_cat=0
split_feature=12 0 0 2 8 6 2 1 8 8 6 6 6 0 13 2 1 13 6 6 2 0 12 12 0 13 8 8 0 0
split_gain=0.180405 0.094729 0.121909 0.0603595 0.0458847 0.0359443 0.0323841 0.0354014 0.0257374 0.0208225 0.092543 0.0994118 0.124424 0.0846349 0.0758398 0.0661175 0.0565604 0.0629138 0.0502359 0.0422278 0.0405366 0.036556 0.0363637 0.035121 0.103177 0.0613348 0.0448655 0.0675122 0.0389224 0.121728
threshold=25.500000000000004 0.48528139293193823 0.48313754796981817 0.44949495792388922 0.94281044602394115 1.0000000180025095e-35 0.074175827205181136 0.58885449171066295 0.2828571498394013 0.44222222268581396 0.78696113824844371 0.68244633078575145 0.69670170545578014 0.97014260292053234 1.0000000180025095e-35 0.84523808956146251 0.99473685026168834 31.500000000000004 0.90125367045402538 0.51871871948242199 0.5634920895099641 0.98717737197875988 1.5000000000000002 3.5000000000000004 0.90521115064620983 29.500000000000004 0.10960961133241655 0.38278388977050787 0.97726097702980053 0.88989898562431347
decision_type=2 2 2 2 2 2 2 2 2 2 2 2 2 2 2 2 2 2 2 2 2 2 2 2 2 2 2 2 2 2
left_child=1 2 3 -1 6 -2 8 -8 -3 10 11 16 -13 18 -11 19 17 21 -12 -16 -14 22 -9 28 26 -26 -25 -28 29 -18
right_child=5 4 -4 -5 -6 -7 7 9 -10 14 13 12 20 -15 15 -17 23 -19 -20 -21 -22 -23 -24 24 25 -27 27 -29 -30 -31
leaf_value=-0.02749621374782147 0.10297754238958293 -0.02910572229400914 -0.10229282697448117 0.05332811179039483 0.050997156268675237 0.024876369138790724 -0.039350197748470817 -0.007768575203745947 0.037967108723305693 -0.023191078959108824 -0.025471437325267805 0.089432028057786786 0.033016424489933686 -0.078412901218456732 0.033877446652502134 0.050527301859764909 0.023447657903362919 0.00082578171006633661 0.015359586303303505 0.0029709567307356338 -0.0053021875566892701 -0.13156475985106403 -0.036858950000721459 -0.019861297456172773 0.069696892577706934 0.0010864367903557406 0.024528275923142998 -0.051608604854940038 0.00037366219643401627 -0.046845965780683341
leaf_weight=0.12155990828953167 0.049424733966588863 0.017019237692482814 0.049985339720959532 0.028518740672069498 0.044149540035406498 0.02098736721836314 0.058148271776595872 0.18645931290302131 0.089598100326050201 0.24531635061873691 0.29651807286217025 0.063012118269458628 0.12383968997814598 0.060862886076080258 0.11610660509836712 0.080479423760820512 0.099976515449129333 0.39922283931788849 0.100986802639909 2.2967928403685676 0.15591289938038244 0.0081242868909612298 0.25344549297135899 0.175213414591746 0.10193917175811862 0.047870054380808824 0.20178607973665663 0.034025643282802776 2.7417793204850582 0.16039788079364214
leaf_count=10621 1 2030 314 184 333 849 9583 8862 178 153 176 79 268 65 61 559 758 7855 41 1463 127 2 44329 3361 134 24 278 12 6110 1098
internal_value=5.52043e-10 -0.000671335 -0.0346626 -0.0121375 0.000162153 0.0796983 -0.000114419 -0.000478873 0.0272603 -0.000194561 -0.00204957 1.9559e-05 0.0259576 -0.0235053 0.00333528 0.00594514 -0.00199635 -0.0136081 -0.0150982 0.00445815 0.0116605 -0.0264695 -0.0245286 0.000764823 0.0122502 0.0477731 -0.000697079 0.0135424 -0.00138077 -0.0198552
internal_weight=8.42946 8.35905 0.200064 0.150079 8.15898 0.0704121 8.11483 8.00822 0.106617 7.95007 5.21137 4.753 0.342765 0.458368 2.7387 2.49338 4.41024 0.847252 0.397505 2.4129 0.279753 0.448029 0.439905 3.56299 0.560834 0.149809 0.411025 0.235812 3.00215 0.260374
internal_count=99908 99058 11119 10805 87939 850 87606 85398 2208 75815 73579 73297 474 282 2236 2083 72823 61048 217 1524 395 53193 53191 11775 3809 158 3651 290 7966 1856
is_linear=0
shrinkage=0.05


Tree=176
num_leaves=31
num_cat=0
split_feature=12 0 2 2 2 10 12 0 1 2 13 7 7 0 13 6 6 8 0 2 12 7 12 0 13 13 8 8 6 0
split_gain=0.0662355 0.0423301 0.0464859 0.0384966 0.0665283 0.0338118 0.0303694 0.0390315 0.0290408 0.0276827 0.0533992 0.0459111 0.0319871 0.0319477 0.0280125 0.0396669 0.0384135 0.0461568 0.039638 0.0321822 0.0426256 0.0273783 0.0409857 0.0696604 0.0677182 0.0476207 0.0435574 0.0591731 0.0392569 0.045143
threshold=24.500000000000004 0.54923510551452648 0.080128207802772536 0.73214286565780651 0.44949495792388922 1.0000000180025095e-35 4.5000000000000009 0.65733855962753307 0.95040982961654674 0.77500000596046459 2.5000000000000004 0.92380261421203624 0.92380261421203624 0.87570226192474376 5.5000000000000009 0.88322511315345775 0.78696113824844371 0.11651583760976793 0.91945946216583263 0.6904762089252473 10.500000000000002 0.94360822439193737 3.5000000000000004 0.90521115064620983 11.500000000000002 29.500000000000004 0.32200460135936743 0.42582418024539953 0.90125367045402538 0.86616915464401256
decision_type=2 2 2 2 2 2 2 2 2 2 2 2 2 2 2 2 2 2 2 2 2 2 2 2 2 2 2 2 2 2
left_child=1 3 -3 4 -1 6 21 -8 -9 14 11 -11 -12 -14 15 19 17 18 -16 20 -10 22 -4 26 -25 -26 -24 -28 29 -23
right_child=-2 2 5 -5 -6 -7 7 8 9 10 12 -13 13 -15 16 -17 -18 -19 -20 -21 -22 28 23 24 25 -27 27 -29 -30 -31
leaf_value=-0.027337861702295043 0.057988576845795163 0.033393440674454621 -0.0021566826626176687 -0.074779416027979231 0.038692522298561745 0.0098851230147164112 -0.032229839158692507 -0.016769935239711528 0.025183182578488755 0.04718485232916457 -0.038252827181520635 -0.038167095015240293 -0.033270568371614358 0.038590744465810227 -0.011099673741476293 0.018243644659503438 -0.010795570200808822 0.036686164663624204 0.14372718964048548 -0.029793906550738766 -0.035957053065649107 0.0082667883568750822 -0.02838733507607661 -0.0015659654355715904 0.079561662616760009 0.02458010776597495 0.050697339933261712 -0.0095326078088524679 -0.0080562490237050307 0.047126097111934134
leaf_weight=0.18112983402368055 0.048950124537182726 0.10472755758200047 4.3537949449769258 0.028779253493155466 0.048324148048664917 0.75918809300054402 0.14176139127131859 0.37942777246276205 0.081288741633191108 0.05382964617801278 0.15880883888461028 0.022275170184002491 0.029738042614553706 0.032227485862676986 0.09863342734071523 0.1249177431109274 0.1214164946445635 0.19740353596803573 0.0043147292726644073 0.1669237248036417 0.043904191259493075 0.21480406832532128 0.11393585257320982 0.095833775087243112 0.077816458082679674 0.07973654182927703 0.06197680416417306 0.11922925499698067 0.1655816514021069 0.11461694021433289
leaf_count=23167 1044 1435 30520 33 498 1777 19244 13566 320 64 357 12 22 19 1176 38 48 127 3 140 125 137 5288 117 73 46 69 60 153 230
internal_value=-8.41297e-10 -0.000347167 0.000302529 -0.0202686 -0.0134315 -0.000141008 -0.00122004 -0.00714124 -0.00479382 -0.000792641 -0.0139142 0.0222031 -0.0263645 0.00410359 0.0038515 -0.00533748 0.0129374 0.0225313 -0.00461062 -0.0154215 0.00374178 0.000597646 -0.000533936 0.0123462 0.0315765 0.0517359 -0.00416356 0.0110675 0.0118044 0.0217873
internal_weight=8.2253 8.17635 7.91811 0.258233 0.229454 7.81339 7.0542 1.65687 1.51511 1.13568 0.296879 0.0761048 0.220774 0.0619655 0.838803 0.417034 0.421768 0.300352 0.102948 0.292117 0.125193 5.39733 4.90232 0.548529 0.253387 0.157553 0.295142 0.181206 0.495003 0.329421
internal_count=99908 98864 75166 23698 23665 73731 71954 35261 16017 2451 474 76 398 41 1977 623 1354 1306 1179 585 445 36693 36173 5653 236 119 5417 129 520 367
is_linear=0
shrinkage=0.05


Tree=177
num_leaves=31
num_cat=0
split_feature=7 1 13 8 0 2 13 13 6 2 7 12 7 2 7 8 13 7 12 13 12 0 8 0 7 13 0 13 7 13
split_gain=0.0340941 0.0340601 0.0332014 0.029652 0.0294544 0.0353524 0.0278299 0.0269886 0.0255296 0.0255107 0.0483491 0.0229356 0.0249987 0.0213095 0.0212611 0.0210277 0.0190223 0.136188 0.0843098 0.0694692 0.207872 0.103932 0.0595127 0.0997379 0.113268 0.0925182 0.0609784 0.0541384 0.0489984 0.0473951
threshold=0.99783548712730419 0.55625879764556896 8.5000000000000018 0.94281044602394115 0.54923510551452648 0.080128207802772536 88.500000000000014 80.500000000000014 0.51382517814636242 0.44949495792388922 0.96794739365577709 12.500000000000002 0.88478556275367748 0.16025641560554507 0.55705243349075328 0.89181286096572887 20.500000000000004 0.46882475912570959 1.0000000180025095e-35 29.500000000000004 3.5000000000000004 0.84273937344551098 0.44222222268581396 0.91024166345596325 0.77621760964393627 6.5000000000000009 0.90521115064620983 23.500000000000004 0.85798320174217235 3.5000000000000004
decision_type=2 2 2 2 2 2 2 2 2 2 2 2 2 2 2 2 2 2 2 2 2 2 2 2 2 2 2 2 2 2
left_child=4 -2 3 -3 9 8 7 13 -6 11 -11 -1 -13 -7 -10 16 17 -15 29 20 27 -22 23 26 -25 -26 -20 -18 -24 -19
right_child=1 2 -4 -5 5 6 -8 -9 14 10 -12 12 -14 15 -16 -17 19 18 22 -21 21 -23 28 24 25 -27 -28 -29 -30 -31
leaf_value=-0.050739858608270842 -0.031877028821426803 -0.00051286135315237993 0.050464551493908695 0.050347705286365375 -0.016958459834183141 -0.057086958367846531 0.025208282384937105 -0.048168960437637923 0.12325111434188679 0.03469553503906863 -0.067653025163641009 -0.050256761381977079 0.0094071853443618847 -0.0505487273370573 0.035441386995126521 0.052121651898698579 0.025658455302011513 -0.0013378985394244241 -0.0090578732523030319 -0.00031438131327691745 0.0044836561841841696 0.086409770473706932 0.02751536661422448 0.015947645237418605 -0.023096087298367467 -0.089856896066906014 0.04206048237309077 -0.035526138280421664 -0.0016540054469697412 0.028919933809462502
leaf_weight=0.071209497798052523 0.031157429454878982 0.12764890576141852 0.07825580340244187 0.036952964842399183 0.021722404198419087 0.016683005591660804 0.1040331491678862 0.029989389683130585 0.0077294983910460848 0.044738584828214023 0.015549383533652872 0.026962089433479886 0.050326046990164741 0.14537421498760084 0.063737117455685777 0.01892597842379462 0.05236315817786219 0.21346144624809671 0.70822183689006546 3.1959559331660579 0.056464713636129593 0.12312596091459937 0.15524966927654338 0.068462570523251998 0.098716539350391486 0.10941249362394956 0.063576525886730906 0.11679887437392722 1.9813139621639377 0.32871434212019679
leaf_count=13184 39 201 272 331 1241 3868 125 121 31 519 3 10758 87 42671 136 9 1070 535 7566 9516 3415 201 135 144 39 14 17 1617 1052 991
internal_value=-1.17467e-09 0.0173383 0.0236524 0.0109053 -0.000602242 -9.85001e-05 -0.000474467 -0.000831533 0.0305103 -0.019132 0.00829795 -0.0302682 -0.0114067 -0.000641052 0.0449385 -0.000514415 -0.000648723 -0.00307129 -0.00121946 0.00199787 0.0231872 0.0606516 -0.00432216 -0.0140792 -0.0398407 -0.0581919 -0.00484702 -0.0165868 0.000465536 0.017007
internal_weight=8.16283 0.274015 0.242858 0.164602 7.88882 7.68003 7.58684 7.48281 0.093189 0.208786 0.060288 0.148498 0.0772881 7.45282 0.0714666 7.43614 7.41721 3.8725 3.72713 3.54471 0.348753 0.179591 3.18495 1.04839 0.276592 0.208129 0.771798 0.169162 2.13656 0.542176
internal_count=99908 843 804 532 99065 74514 73106 72981 1408 24551 522 24029 10845 72860 167 68992 68983 53164 10493 15819 6303 3616 8967 7780 197 53 7583 2687 1187 1526
is_linear=0
shrinkage=0.05


Tree=178
num_leaves=31
num_cat=0
split_feature=7 1 13 8 0 2 13 2 12 12 7 13 13 8 2 2 2 0 12 8 13 2 13 0 8 8 13 13 8 13
split_gain=0.0315294 0.0300229 0.0322487 0.0282431 0.0241814 0.0423951 0.0304153 0.0235138 0.0391948 0.0251885 0.0262477 0.0198268 0.0243421 0.0197908 0.0195413 0.0397766 0.0189087 0.018874 0.0186257 0.0171803 0.0171279 0.0242062 0.0882206 0.0171099 0.0180889 0.0208631 0.0158428 0.0176114 0.0260583 0.0227777
threshold=0.99783548712730419 0.55625879764556896 8.5000000000000018 0.94281044602394115 0.55217784643173229 0.080128207802772536 6.5000000000000009 0.44949495792388922 9.5000000000000018 12.500000000000002 0.88478556275367748 88.500000000000014 80.500000000000014 0.89181286096572887 0.73214286565780651 0.44949495792388922 0.16025641560554507 0.87298336625099193 21.500000000000004 0.2709790319204331 67.500000000000014 0.93750000000000011 72.500000000000014 0.61620295047760021 0.76696833968162548 0.90692642331123363 60.500000000000007 49.500000000000007 0.19677419215440753 45.500000000000007
decision_type=2 2 2 2 2 2 2 2 2 2 2 2 2 2 2 2 2 2 2 2 2 2 2 2 2 2 2 2 2 2
left_child=4 -2 3 17 7 6 19 9 -9 -1 -11 12 13 16 15 -13 -7 23 20 -6 26 22 -22 -3 -25 -26 27 29 -29 -18
right_child=1 2 -4 -5 5 11 -8 8 -10 10 -12 14 -14 -15 -16 -17 18 -19 -20 -21 21 -23 -24 24 25 -27 -28 28 -30 -31
leaf_value=-0.050557016384550728 -0.029832380934214944 0.035597914709037018 0.050318426442458541 0.05033145469023851 -0.028321294265429293 -0.056709363862286977 0.00044281968222130425 0.039614043336261423 -0.041623609313478416 -0.050241639543303712 0.011306718430892343 0.073634804181608823 -0.047192235577300574 0.052013106918680843 0.041104321222265351 -0.033388281498276801 -0.00066499552623058942 0.049682534822450677 -0.056638543704756329 0.067345275842285654 0.04786492051482847 0.039498135216517877 -0.052292570345330996 -0.05283256966621485 0.023979127881410489 -0.032179538176878873 -0.02262482077228755 -0.007687402920272127 0.040765603459011118 -0.027754726665136523
leaf_weight=0.068110829567950781 0.030390404317586106 0.01872372519937926 0.073949958015901984 0.034808437952193572 0.0051988054838328903 0.015083735076154237 0.040145241339388793 0.038495881795865827 0.024169480790973807 0.025843523502946164 0.052532938482784175 0.01202763936686313 0.028210187034481637 0.017791650316212215 0.05614427023101598 0.031210071219547331 6.8466805227337266 0.016306318790498153 0.014834594380202293 0.048234462432844794 0.045116272680207348 0.06384603081937712 0.04288370231665084 0.025290723495345446 0.03426674467527846 0.031965610576662584 0.083015672006963359 0.05037785680868001 0.061775898987757927 0.078485824612564481
leaf_count=13848 39 19 272 331 552 3777 742 346 212 10937 88 46 121 9 16 62 64516 105 329 60 183 65 220 16 41 20 553 1441 62 880
internal_value=-4.03453e-10 0.016936 0.0229761 0.0104455 -0.00058062 -0.000115496 0.0333293 -0.0173508 0.00828139 -0.0283159 -0.00898798 -0.000535733 -0.000835758 -0.000657105 0.0216475 -0.00361716 -0.000785436 -0.000525163 -0.000669677 0.0580374 -0.000555505 0.0160609 -0.000943321 -0.00795125 -0.0168605 -0.00312463 -0.000909862 -0.000653702 0.0190012 -0.000972015
internal_weight=8.01592 0.265702 0.235312 0.161362 7.75022 7.54106 0.0935785 0.209153 0.0626654 0.146487 0.0783765 7.44748 7.3481 7.31989 0.099382 0.0432377 7.3021 0.126553 7.28702 0.0534333 7.27218 0.151846 0.088 0.110247 0.0915231 0.0662324 7.12034 7.03732 0.112154 6.92517
internal_count=99908 843 804 532 99065 73634 1354 25431 558 24873 11025 72280 72156 72035 124 108 72026 201 68249 612 67920 468 403 96 77 61 67452 66899 1503 65396
is_linear=0
shrinkage=0.05


Tree=179
num_leaves=31
num_cat=0
split_feature=7 1 13 8 0 2 1 2 12 12 0 12 8 8 2 11 13 8 0 6 2 1 8 0 6 7 12 0 7 13
split_gain=0.0317758 0.0276102 0.0289974 0.0262218 0.0198114 0.0498441 0.0371881 0.025687 0.028759 0.0240524 0.0263587 0.0235102 0.024647 0.019217 0.0172949 0.0173119 0.0177918 0.0272959 0.035697 0.0342713 0.0216077 0.0592223 0.0207723 0.0533813 0.0505159 0.10493 0.0582994 0.0761272 0.07926 0.0759099
threshold=0.99783548712730419 0.55625879764556896 8.5000000000000018 0.94281044602394115 0.55217784643173229 0.080128207802772536 0.66260164976120006 0.44949495792388922 9.5000000000000018 11.500000000000002 0.73546314239501964 12.500000000000002 0.44222222268581396 0.89181286096572887 0.16025641560554507 1.0000000180025095e-35 41.500000000000007 0.15707236528396609 0.70299971103668224 0.32735316455364233 0.31666667759418493 0.90259328484535228 0.44222222268581396 0.9634092152118684 1.0000000180025095e-35 0.46882475912570959 1.0000000180025095e-35 0.91024166345596325 0.77621760964393627 6.5000000000000009
decision_type=2 2 2 2 2 2 2 2 2 2 2 2 2 2 2 2 2 2 2 2 2 2 2 2 2 2 2 2 2 2
left_child=4 -2 3 -3 7 6 9 11 -9 10 -6 -1 -13 14 -7 -16 22 19 -19 20 -18 -22 24 -24 -17 -26 -27 -28 -29 -30
right_child=1 2 -4 -5 5 13 -8 8 -10 -11 -12 12 -14 -15 15 16 17 18 -20 -21 21 -23 23 -25 25 26 27 28 29 -31
leaf_value=-0.050207296070543209 -0.02793195995967071 0.00045324921801644948 0.05019492297061591 0.050316500175536995 -0.034740182322784523 -0.056256903092787747 0.081963309650381372 0.038186103315107522 -0.0342442370833679 0.059214645790979049 0.045740272788921399 -0.042592348753440958 0.015052167907969921 0.051947139437289694 -0.057748652259987238 0.00073028535206426902 0.059608702385598691 -0.031254244004364815 0.034042592988115995 -0.05244544814343334 -0.051702482668439201 0.0088455007094277137 0.0010481268786089778 0.04273189925863629 -0.050064021945492088 0.012622715902259985 -0.0043694370378586983 0.0091042535677475847 -0.020812478941085039 -0.08393938570507696
leaf_weight=0.063772533892848648 0.029657754989102503 0.12083195476407127 0.0696272833611431 0.033724663752508377 0.028609481037035311 0.014005158694859854 0.029923181224837947 0.037255817088587051 0.021679917272427573 0.020632995886696648 0.015788264047763789 0.031879599978009932 0.044326935813266743 0.017342975697829277 0.013247026733334333 2.7341192185175487 0.017172024248689577 0.02445807996532956 0.14513742540525243 0.027973971930309371 0.045198276793842584 0.37927679428484851 2.3254421538961982 0.079429502548506892 0.1515665281187194 0.31642660297184622 0.84062859670752732 0.073071816010880752 0.095936112536435303 0.094562487308394338
leaf_count=13848 39 201 272 331 921 3782 251 346 212 107 75 10920 105 9 124 289 269 190 151 2412 979 677 1374 394 50385 1203 9826 161 39 16
internal_value=-1.72016e-09 0.0174054 0.0234032 0.0113335 -0.000574626 -0.000161017 0.0358346 -0.0161487 0.0115421 0.014609 -0.00612056 -0.0278074 -0.00906235 -0.000623212 -0.000746791 -0.000641215 -0.000538295 0.00743247 0.0246259 0.00122338 0.00462277 0.00239833 -0.00129748 0.00242488 -0.00337625 -0.0105177 -0.00629851 -0.0117207 -0.0351668 -0.0521483
internal_weight=7.94271 0.253842 0.224184 0.154557 7.68886 7.48995 0.0949539 0.198915 0.0589357 0.0650307 0.0443977 0.139979 0.0762065 7.39499 7.37765 7.36365 7.3504 0.639217 0.169596 0.469621 0.441647 0.424475 6.71118 2.40487 4.30631 1.57219 1.42063 1.1042 0.26357 0.190499
internal_count=99908 843 804 532 99065 73634 1354 25431 558 1103 996 24873 11025 72280 72271 68489 68365 4678 341 4337 1925 1656 63687 1768 61919 61630 11245 10042 216 55
is_linear=0
shrinkage=0.05


Tree=180
num_leaves=31
num_cat=0
split_feature=2 1 1 7 13 0 7 10 1 13 7 12 2 2 0 13 13 12 0 13 2 1 6 10 0 1 13 4 13 0
split_gain=0.137269 0.191478 0.0402317 0.0428019 0.0290019 0.025794 0.0303416 0.0248039 0.0192706 0.0190149 0.124169 0.0708704 0.0991058 0.220415 0.0919398 0.0487498 0.0334932 0.147607 0.082351 0.0421685 0.0320671 0.0503944 0.0426479 0.042586 0.0349542 0.0353337 0.0343135 0.0539528 0.0312073 0.0456568
threshold=1.0000000180025095e-35 0.65419578552246105 0.58885449171066295 0.99783548712730419 8.5000000000000018 0.44562648236751562 0.88478556275367748 1.0000000180025095e-35 0.44590643048286444 20.500000000000004 0.46882475912570959 1.0000000180025095e-35 0.86607143282890331 0.93750000000000011 0.98648402094841015 3.5000000000000004 29.500000000000004 3.5000000000000004 0.84273937344551098 23.500000000000004 0.6904762089252473 0.95040982961654674 0.60041153430938732 1.0000000180025095e-35 0.90521115064620983 0.93405798077583324 8.5000000000000018 1.0000000180025095e-35 9.5000000000000018 0.66987180709838878
decision_type=2 2 2 2 2 2 2 2 2 2 2 2 2 2 2 2 2 2 2 2 2 2 2 2 2 2 2 2 2 2
left_child=1 5 -2 9 7 -1 8 -5 -7 10 -4 15 14 -14 20 -12 17 19 -19 -11 21 24 -23 26 25 28 27 -24 -13 -30
right_child=2 -3 3 4 -6 6 -8 -9 -10 16 11 12 13 -15 -16 -17 -18 18 -20 -21 -22 22 23 -25 -26 -27 -28 -29 29 -31
leaf_value=-0.02624942367397623 -0.036557319526294811 0.091602688806349891 -0.050524413910046632 -0.00089546657521531498 0.050622661881095793 0.038631060746989319 0.042903958285867239 0.050352810027440444 -0.037565875416670856 0.020543758389156966 -0.0039512513441437563 -0.0011444155050655406 -0.096138338188584346 0.028997610751695092 -0.092980330005487111 0.027496313823243558 -0.00028650575466062262 0.0044400617404777359 0.080381183581040919 -0.034475425766694809 -0.0098434810287328558 0.042733059662028845 -0.040631888661865248 0.042627128241310423 0.016197124738894179 -0.060545228383028664 0.033021278749832565 0.0052540740899925144 0.020790739264163374 -0.029422203739614124
leaf_weight=0.054808396149529037 0.079454041588797319 0.096690604196615126 0.13742555791818212 0.11596659383388885 0.060929149368803337 0.011723868316631636 0.050678590129791701 0.029646117187283494 0.028394206848648684 0.0513551291534734 0.20367966569343821 0.93984366992887014 0.086401961267711047 0.059370287039918423 0.028113606735132524 0.31203036179806887 3.2704205979432439 0.056978665011757856 0.095587229819464881 0.10820003674492229 0.9353317326004883 0.10095038798706202 0.080135434268186145 0.07406216363187923 0.18840698214999907 0.029955562525358803 0.074454645454352431 0.31936279087676667 0.055956099713192931 0.23705926950955858
leaf_count=927 15164 273 50340 198 259 463 80 321 1838 1086 540 6028 3 218 3 1004 10780 4102 201 1634 450 319 27 124 120 52 40 120 1752 1442
internal_value=-8.86874e-10 0.037058 -0.00116142 -0.000793867 0.0216582 0.000837028 0.0171875 0.00953846 -0.0152985 -0.00141673 -0.00385029 -0.0021284 -0.00489294 -0.0451728 -0.00297637 0.0150761 0.00120702 0.0168562 0.0520195 -0.0167667 -0.00214279 0.00128676 0.0128689 0.00736758 -0.0038926 -0.00688991 0.00185776 -0.0039502 -0.00558621 -0.0198332
internal_weight=7.97337 0.242296 7.73108 7.65162 0.206542 0.145605 0.0907967 0.145613 0.0401181 7.44508 3.86254 3.72511 3.2094 0.145772 3.06363 0.51571 3.58254 0.312121 0.152566 0.159555 3.03552 2.10019 0.648965 0.548015 1.45122 1.26281 0.473953 0.399498 1.23286 0.293015
internal_count=99908 3581 96327 81163 778 3308 2381 519 2301 80385 62582 12242 10698 221 10477 1544 17803 7023 4303 2720 10474 10024 630 311 9394 9274 187 147 9222 3194
is_linear=0
shrinkage=0.05


Tree=181
num_leaves=31
num_cat=0
split_feature=8 13 8 0 7 0 8 12 8 0 8 8 1 12 8 12 1 8 0 12 12 12 6 10 6 1 0 0 2 0
split_gain=0.0288475 0.039365 0.0331074 0.0276983 0.0342639 0.0400082 0.027487 0.0226905 0.0324662 0.0261285 0.0235411 0.0238544 0.0236741 0.0571205 0.0430389 0.0375752 0.0302924 0.0277982 0.0241686 0.0224171 0.0215345 0.033492 0.0204961 0.0195999 0.0435652 0.0691766 0.0559556 0.088581 0.0514893 0.0466788
threshold=0.61721614003181469 1.0000000180025095e-35 0.58578431606292736 0.88273492455482494 0.92380261421203624 0.7897985875606538 0.97499999403953563 1.0000000180025095e-35 0.63961037993431102 0.76253134012222301 0.67543861269950878 0.69615384936332714 0.9759001135826112 8.5000000000000018 0.82085561752319347 12.500000000000002 0.93063354492187511 0.84807693958282482 0.87007671594619762 4.5000000000000009 13.500000000000002 24.500000000000004 0.93728145956993114 1.0000000180025095e-35 0.74646764993667614 0.95488464832305919 0.90070420503616344 0.87895438075065624 0.6904762089252473 0.93908473849296581
decision_type=2 2 2 2 2 2 2 2 2 2 2 2 2 2 2 2 2 2 2 2 2 2 2 2 2 2 2 2 2 2
left_child=2 6 20 4 5 -3 -2 9 -9 -6 -10 -12 14 17 16 -15 -13 -14 -19 -5 23 -22 -16 24 -1 -26 27 28 -27 -28
right_child=1 3 -4 19 7 -7 -8 8 10 -11 11 12 13 15 22 -17 -18 18 -20 -21 21 -23 -24 -25 25 26 29 -29 -30 -31
leaf_value=0.0008170881104208954 -0.022762191171166023 0.052614000114629703 -0.034336481691090846 0.032011473637815709 0.051115105694052546 -0.0043746981972312979 0.025799849558759309 -0.030761889062287068 0.026750904302306325 -0.0016569919342142589 -0.039248454813202063 -0.010280068849947924 0.035734469712436781 -0.026477822283032051 0.037881655914745294 0.025013630679018892 -0.058733451886757285 0.031280686954766566 -0.053289185055716462 -0.0037253391960452424 -0.032084422591302918 0.035049744615567778 -0.0038869189552619026 0.013223995815323346 0.0019122711712628486 0.0056138508766325583 -0.069987619070845095 0.049460202985969919 -0.039278125302364457 -0.021921512414107603
leaf_weight=4.5299109115984004 0.17292733203639432 0.077563983323614027 0.076298851099465881 0.19227952843492335 0.049661518756693002 0.051078076457088173 0.035044016739888662 0.076641499508695921 0.094485037356889734 0.04444953529588247 0.036255153579986654 0.25722092273031194 0.18348276935034846 0.11645149856531134 0.065984876627226186 0.050923172618240642 0.03688242206681025 0.015940623671610865 0.01797381701589984 0.056858453323116009 0.11223531562112299 0.022262862162406805 0.052930524433804749 0.24105934059947109 0.55766124070808476 0.10419617048319196 0.093030824429661152 0.051855579318726086 0.16505187027655666 0.11051258418831367
leaf_count=81050 150 50 87 609 65 30 300 37 102 37 14 169 96 50 82 40 9 31 11 42 13823 1026 35 1132 558 39 19 25 83 107
internal_value=-4.83258e-09 0.0057873 -0.00160813 0.00865493 0.00557081 0.0299863 -0.0145793 0.00271362 0.000515571 0.0261903 0.00309723 0.000417621 0.00222022 0.0111439 -0.00609319 -0.0108117 -0.0163564 0.0280477 -0.0135393 0.0238556 -0.00119109 -0.020972 0.01929 -0.000736562 -0.0013362 -0.0103486 -0.0233811 -0.0103804 -0.0219054 -0.0438904
internal_weight=7.74911 1.68503 6.06408 1.47706 1.22793 0.128642 0.207971 1.09928 1.00517 0.0941111 0.928531 0.834046 0.797791 0.384772 0.413019 0.167375 0.294103 0.217397 0.0339144 0.249138 5.98778 0.134498 0.118915 5.85328 5.61222 1.08231 0.524647 0.321104 0.269248 0.203543
internal_count=99908 1959 97949 1509 858 80 450 778 676 102 639 537 523 228 295 90 178 138 42 651 97862 14849 117 83013 81881 831 273 147 122 126
is_linear=0
shrinkage=0.05


Tree=182
num_leaves=31
num_cat=0
split_feature=8 0 2 13 0 13 8 7 1 13 8 0 13 6 7 6 13 13 6 1 7 4 13 6 13 12 0 0 13 0
split_gain=0.028724 0.0183074 0.0324932 0.0284757 0.0211644 0.0192157 0.0295232 0.0266094 0.0235288 0.0180935 0.0156985 0.0470977 0.0384272 0.0811912 0.0418747 0.0457216 0.0846233 0.0517386 0.0430706 0.043703 0.0415271 0.043168 0.0368982 0.0389956 0.0350195 0.0410944 0.0331098 0.0786172 0.085017 0.0450557
threshold=0.8441295623779298 0.64174234867095958 0.087121214717626586 7.5000000000000009 0.72627374529838573 6.5000000000000009 0.56385868787765514 0.94360822439193737 0.74862638115882885 106.50000000000001 0.44222222268581396 0.9634092152118684 20.500000000000004 0.38967698812484747 0.80101522803306591 0.7278747856616975 6.5000000000000009 4.5000000000000009 0.68244633078575145 0.90366768836975109 0.80101522803306591 1.0000000180025095e-35 1.0000000180025095e-35 0.51871871948242199 1.0000000180025095e-35 4.5000000000000009 0.94804319739341747 0.90521115064620983 33.500000000000007 0.97726097702980053
decision_type=2 2 2 2 2 2 2 2 2 2 2 2 2 2 2 2 2 2 2 2 2 2 2 2 2 2 2 2 2 2
left_child=1 5 3 -3 -5 -1 -7 -8 -9 10 12 22 13 -4 18 24 17 -17 19 -15 21 -14 -12 -24 -16 -26 27 -23 -29 -28
right_child=-2 2 9 4 -6 6 7 8 -10 -11 11 -13 20 14 15 16 -18 -19 -20 -21 -22 26 23 -25 25 -27 29 28 -30 -31
leaf_value=-0.019686463606599792 0.017362758259387226 0.061420263148089863 -0.051465489412602844 -0.045300566145234582 0.050409039480655941 -0.012753384899539921 0.053188836404835682 -0.039956668375933424 0.02450292818824092 0.049199549342923733 -0.019649507477201344 0.042533884328675199 -0.041609327959640834 -0.037803074026404121 0.053167352589259254 -0.020084779605934546 -0.062291862464884398 0.032393103989848855 0.02394710366934823 0.0032938796770224862 0.026748700184655118 -0.0017851267009490119 0.034118429119115661 0.0022009864268401204 0.01560902214472986 -0.038982166541356285 -0.03424886186213482 0.070268267081977628 0.0036949659186116348 -0.00056981178069189333
leaf_weight=0.24709765424229868 0.23099210293133143 0.040033404658171956 0.10475048936942011 0.014562656415956887 0.0095732031309232468 0.17742629766324647 0.03942556081847215 0.022616584298305042 0.037846919640742271 0.018494113440453819 0.18201517104216769 0.073650687617018096 0.062091529898657849 0.081772738874485773 0.032724054580285156 0.26713648212566454 0.10616524246950121 0.05698763024244613 0.18570623706568412 0.30964626848038712 0.14816629750326615 0.38046530565210979 0.10121085910600403 1.7566584386291877 0.09636974373515983 0.053672212586320711 0.10341618713001244 0.097340632211199818 0.094525939643887114 2.4977814428683729
leaf_count=22409 686 239 21629 167 91 26667 41 49 31 24 110 430 3268 9467 5 183 79 42 232 3156 267 7924 57 1123 93 35 189 123 98 994
internal_value=-5.81751e-09 -0.000542036 0.000144858 0.0355582 -0.00733848 -0.00954703 -0.000512446 0.0212303 0.000391592 -0.000188798 -0.000323274 0.00325316 -0.00193887 -0.00926382 -0.00554955 -0.0146492 -0.0235483 -0.0108581 0.00411662 -0.00529183 0.000864288 -0.000321017 0.00183492 0.00393975 0.00630221 -0.00391905 0.000486807 0.0113746 0.0374699 -0.00190879
internal_weight=7.63032 7.39933 6.87492 0.0641693 0.0241359 0.524413 0.277315 0.0998891 0.0604635 6.81075 6.79225 2.11354 4.67872 1.29493 1.19018 0.613055 0.430289 0.324124 0.577125 0.391419 3.38379 3.23562 2.03988 1.85787 0.182766 0.150042 3.17353 0.572332 0.191867 2.6012
internal_count=99908 99222 50025 497 258 49197 26788 121 80 49528 49504 1720 47784 34921 13292 437 304 225 12855 12623 12863 12596 1290 1180 133 128 9328 8145 221 1183
is_linear=0
shrinkage=0.05


Tree=183
num_leaves=31
num_cat=0
split_feature=7 1 13 8 8 11 1 1 8 6 1 8 2 13 13 6 13 8 8 7 13 12 5 6 12 13 7 12 13 6
split_gain=0.0272748 0.0244271 0.0255387 0.0228847 0.0167587 0.0162157 0.016016 0.044988 0.0338563 0.0521549 0.0270832 0.0193093 0.0192905 0.0328335 0.0704027 0.0628163 0.0434984 0.0430946 0.0313197 0.0437756 0.0579646 0.0422596 0.0310235 0.0312449 0.029842 0.0250881 0.0397912 0.0324956 0.0209812 0.0198192
threshold=0.99783548712730419 0.55625879764556896 8.5000000000000018 0.94281044602394115 0.89181286096572887 1.0000000180025095e-35 0.99473685026168834 0.98683983087539684 0.15707236528396609 1.0000000180025095e-35 0.97182539105415355 0.15894736349582675 0.77500000596046459 34.500000000000007 29.500000000000004 1.0000000180025095e-35 35.500000000000007 0.21980676054954532 0.61721614003181469 0.85798320174217235 13.500000000000002 4.5000000000000009 1.0000000180025095e-35 0.93728145956993114 5.5000000000000009 3.5000000000000004 0.77621760964393627 7.5000000000000009 104.50000000000001 0.74646764993667614
decision_type=2 2 2 2 2 2 2 2 2 2 2 2 2 2 2 2 2 2 2 2 2 2 2 2 2 2 2 2 2 2
left_child=4 -2 3 -3 5 -1 7 8 9 -7 11 -10 13 14 15 -8 -15 -17 19 25 -21 -20 -23 29 -14 -19 -27 -28 -18 -24
right_child=1 2 -4 -5 -6 6 12 -9 10 -11 -12 -13 24 16 -16 17 28 18 21 20 -22 22 23 -25 -26 26 27 -29 -30 -31
leaf_value=-0.056915797427453299 -0.027282193732835809 0.00097713671011687869 0.050306257187643033 0.050311042439824906 0.051813845023106202 -0.0038096655776459227 0.063055923815268769 -0.066848734027041154 0.053373770123033008 -0.042665796330608463 0.045221464424416394 -0.0016690846760532973 0.00050240474889078437 0.16691529277762224 -0.049809226300164398 -0.04876009017204342 0.026216633452836598 0.032383538144043676 0.053651370212247355 -0.022584565906649257 0.037995999581781126 -0.018681935290139073 0.034241921452839073 0.052971838365245161 -0.017281467252429919 0.047226420489748781 0.0085563578736087675 -0.041509368858443724 -0.054524635896407381 0.0010310329854147553
leaf_weight=0.01278047835204521 0.027404944313616286 0.11125376208948978 0.060176001790068767 0.029804134494249013 0.015256386395776533 0.26351014699878395 0.046342485127752187 0.027938880596707238 0.016057194983702838 0.12846167357623972 0.031839977127219643 2.0641983681134315 3.101114977538542 0.0053529332853584624 0.059376834408650825 0.037909999553730311 0.15844276020621706 0.1031961200351359 0.063062104824439302 0.28299344875478027 0.045887999718615902 0.077805399643693818 0.060022535060852533 0.049678858737934206 0.25531449164886044 0.036908719074290275 0.08154547294088843 0.053788738523508073 0.0084764211205765605 0.17856876007226674
leaf_count=349 39 201 272 331 9 278 18 15 204 75365 39 8892 8478 31 170 3638 612 58 78 130 17 26 28 27 439 42 30 25 4 63
internal_value=8.19326e-10 0.0170039 0.023035 0.0114009 -0.000535072 -0.000645223 -0.00054586 -0.00375233 -0.00304834 -0.0165441 -0.000543744 -0.00124422 0.00117942 0.00622836 0.00324457 0.00606298 0.0266157 0.00359773 0.00551835 -0.0018166 -0.0141319 0.0158476 0.00933529 0.0168973 -0.000850366 0.0128882 0.00120796 -0.0113423 0.0221165 0.00938591
internal_weight=7.49447 0.228639 0.201234 0.141058 7.26583 7.25058 7.2378 2.53201 2.50407 0.391972 2.1121 2.08026 4.70579 1.34936 1.17709 1.11771 0.172272 1.07137 1.03346 0.60432 0.328881 0.429138 0.366076 0.28827 3.35643 0.275439 0.172243 0.135334 0.166919 0.238591
internal_count=99908 843 804 532 99065 99056 98707 84793 84778 75643 9135 9096 13914 4997 4350 4180 647 4162 524 302 147 222 144 118 8917 155 97 55 616 91
is_linear=0
shrinkage=0.05


Tree=184
num_leaves=31
num_cat=0
split_feature=10 0 7 8 13 13 13 12 0 8 12 12 12 13 6 6 6 2 1 0 8 7 2 0 8 13 8 2 8 13
split_gain=0.0258819 0.0222372 0.0203127 0.0186813 0.0180576 0.0260665 0.0205775 0.0201436 0.017526 0.0211577 0.0168068 0.0272794 0.0226666 0.0154334 0.0180342 0.0152867 0.0304019 0.0171012 0.0210388 0.0178851 0.0245322 0.0149316 0.0145137 0.0144153 0.0143256 0.0438313 0.0296149 0.0341447 0.0301625 0.0287655
threshold=1.0000000180025095e-35 0.88273492455482494 0.5970856547355653 0.94281044602394115 67.500000000000014 73.500000000000014 78.500000000000014 16.500000000000004 0.43693181872367864 0.89181286096572887 5.5000000000000009 11.500000000000002 1.0000000180025095e-35 59.500000000000007 0.92012271285057079 0.71241438388824474 0.63191848993301403 0.73214286565780651 0.86240702867507946 0.73942822217941295 0.52786380052566539 0.95904389023780834 0.44949495792388922 0.53144779801368724 0.63961037993431102 1.0000000180025095e-35 0.70294117927551281 0.57738095521926891 0.67543861269950878 1.5000000000000002
decision_type=2 2 2 2 2 2 2 2 2 2 2 2 2 2 2 2 2 2 2 2 2 2 2 2 2 2 2 2 2 2
left_child=3 8 -3 4 7 23 -7 24 -2 13 12 -12 -8 14 15 16 -10 18 19 20 -17 -19 -22 -6 -1 -26 27 28 -27 -28
right_child=1 2 -4 -5 5 6 10 -9 9 -11 11 -13 -14 -15 -16 17 -18 21 -20 -21 22 -23 -24 -25 25 26 29 -29 -30 -31
leaf_value=-0.0023159921524766982 -0.04877346033382491 -0.037900993128337168 0.03716403392014285 0.050314496542495979 0.12780681007229741 -0.03137319867714166 0.0024852847506271107 -0.026441228695139762 0.024723612066729579 0.049145530196114812 -0.046097255449960871 0.054473675992508921 0.048568389036063211 -0.05577915329284 -0.0063406339257646898 0.044213948405698214 -0.036696892428014154 0.013237761462924644 0.04604514319631111 0.031482472334583997 -0.040295494237861239 -0.037555636242779064 0.0068961944700310423 0.033271972028847303 -0.023164621493468762 0.019123246298279162 -0.025172099201783593 0.037951577126030228 -0.040611907883252731 0.0068748095269902075
leaf_weight=5.369332306019718 0.014619156545400247 0.0099476885567995055 0.095834998119627812 0.017700692283369679 0.0043262291358837626 0.035909094771451766 0.069412158580149708 0.080788235422763921 0.038857078675013312 0.027921424582949328 0.02557217814307311 0.0091570907673474977 0.043347139784327915 0.010396231127089095 0.20258835149479637 0.021685435789095209 0.041841918604575312 0.038112380318409578 0.07217570158354647 0.074932585056103562 0.033258328554211403 0.023322996582578526 0.031938422013809031 0.059401626110679118 0.1255921210741916 0.065544714853388086 0.08157147243093732 0.15022806309698922 0.03118758352502482 0.49458667615638774
leaf_count=88356 194 13 723 100 39 213 45 7502 583 181 96 68 126 18 142 54 82 50 116 52 44 20 26 266 112 62 44 95 17 469
internal_value=-3.78477e-09 0.00888823 0.030105 -0.000983619 -0.00112024 0.0121419 0.0025695 -0.00163243 0.00533505 0.00661702 0.0108335 -0.0195796 0.0202006 0.00460134 0.00568604 0.0121639 -0.00712253 0.0174321 0.0235962 0.0135832 -0.00185433 -0.00604517 -0.0171773 0.0396896 -0.00131521 0.00434885 0.00854688 0.023033 -0.000136041 0.00233766
internal_weight=7.40109 0.737433 0.105783 6.66366 6.64596 0.247126 0.183398 6.39883 0.63165 0.617031 0.147489 0.0347293 0.112759 0.589109 0.578713 0.376125 0.080699 0.295426 0.23399 0.161815 0.0868822 0.0614354 0.0651968 0.0637279 6.31804 0.948711 0.823119 0.24696 0.0967323 0.576158
internal_count=99908 2298 736 97610 97510 853 548 96657 1562 1368 335 164 171 1187 1169 1027 665 362 292 176 124 70 70 305 89155 799 687 174 79 513
is_linear=0
shrinkage=0.05


Tree=185
num_leaves=31
num_cat=0
split_feature=10 0 7 8 0 8 13 13 13 12 0 4 12 12 0 11 12 0 12 7 8 13 7 8 5 12 8 13 1 1
split_gain=0.0254139 0.0203041 0.0185273 0.0176519 0.0160215 0.0198989 0.0155981 0.024812 0.0181792 0.0179332 0.0153833 0.0148973 0.0145264 0.0231025 0.0202545 0.0140631 0.0138153 0.0181869 0.0174873 0.0137379 0.0207398 0.0171744 0.0194979 0.0331151 0.0182941 0.0170542 0.0169887 0.0256169 0.0219455 0.0160613
threshold=1.0000000180025095e-35 0.88273492455482494 0.5970856547355653 0.94281044602394115 0.43693181872367864 0.89181286096572887 67.500000000000014 73.500000000000014 78.500000000000014 16.500000000000004 0.53144779801368724 1.0000000180025095e-35 5.5000000000000009 11.500000000000002 0.96609193086624157 1.0000000180025095e-35 24.500000000000004 0.6832355558872224 17.500000000000004 0.95101958513259899 0.73030304908752453 4.5000000000000009 0.88478556275367748 0.34891304373741155 1.0000000180025095e-35 8.5000000000000018 0.74342104792594921 1.0000000180025095e-35 0.87298336625099193 0.79388421773910534
decision_type=2 2 2 2 2 2 2 2 2 2 2 2 2 2 2 2 2 2 2 2 2 2 2 2 2 2 2 2 2 2
left_child=3 4 -3 6 -2 19 9 10 -9 15 -8 -4 14 -14 -10 -1 17 -11 -19 20 21 -6 23 24 -23 -24 -21 -28 29 -29
right_child=1 2 11 -5 5 -7 7 8 12 16 -12 -13 13 -15 -16 -17 -18 18 -20 26 -22 22 25 -25 -26 -27 27 28 -30 -31
leaf_value=-0.056671291961655906 -0.047853691305797863 -0.036353400571696289 -0.0049741357137447935 0.050166554327301466 0.037787515933074896 0.049008178419490636 0.12473467545899425 -0.030375687352285182 0.051775156947033024 -0.053940610725812001 0.031436748795470357 0.046158098506865204 -0.044270590310090022 0.051350752748295259 0.0046572784120548268 -0.0011680371598586541 0.016922605835849969 -0.043491971337250787 0.048576606732572122 -0.021899366746940208 -0.025608714366759457 -0.037669155816468951 0.035476635949786124 -0.035741169334566787 0.044484730534273792 -0.0069039461441416719 -0.040043870273690149 0.0034473129683920628 -0.0066634201103708173 0.049287364701913694
leaf_weight=0.011433382244732893 0.013745694718267809 0.0096478956926802084 0.017581763564578523 0.016835783702475626 0.07047977183913634 0.026609730178506652 0.004787150756996871 0.035002938606002232 0.032377783826854856 0.043191705433775485 0.057327256006052707 0.075055618046199868 0.024241130767859609 0.0085427090964342867 0.077168595366856607 6.2744537386355077 0.015654623458541295 0.010186544321753033 0.010446819523576956 0.085444614254697626 0.032689274684798875 0.0087447723402913624 0.079522642661572718 0.049280679251126003 0.030103620650851148 0.033838409036434314 0.026691908715292811 0.031600533198798075 0.073663249985202128 0.048339066163862299
leaf_count=242 194 13 41 100 271 181 39 213 132 6272 266 682 96 68 39 88913 1000 89 141 100 15 298 87 71 180 29 12 26 72 26
internal_value=-4.94114e-09 0.00896894 0.0295862 -0.000965808 0.00551609 0.00674489 -0.00109615 0.0114319 0.00190617 -0.00156742 0.0386272 0.0364536 0.00984517 -0.0193539 0.0185835 -0.00126899 -0.0251691 -0.0354931 0.00312301 0.00477326 0.0120203 0.0165431 0.00911197 -0.00852847 0.0259919 0.022826 -0.00353518 0.0051679 0.0130245 0.0311666
internal_weight=7.33469 0.713039 0.102285 6.62165 0.610754 0.597008 6.60481 0.239448 0.177333 6.36537 0.0621144 0.0926374 0.14233 0.0327838 0.109546 6.28589 0.0794797 0.0638251 0.0206334 0.570399 0.304659 0.27197 0.20149 0.0881291 0.0388484 0.113361 0.265739 0.180295 0.153603 0.0799396
internal_count=99908 2298 736 97610 1562 1368 97510 853 548 96657 305 723 335 164 171 89155 7502 6502 230 1187 951 936 665 549 478 116 236 136 124 52
is_linear=0
shrinkage=0.05


Tree=186
num_leaves=31
num_cat=0
split_feature=10 0 13 6 7 8 0 8 0 1 1 8 7 12 1 12 8 13 0 12 1 12 1 6 1 13 1 5 12 7
split_gain=0.0250563 0.0191957 0.0172767 0.0175882 0.019119 0.0164298 0.0148748 0.018768 0.014135 0.0474818 0.0219159 0.0300398 0.0328237 0.0374411 0.0203615 0.0335602 0.0312011 0.0357982 0.0279525 0.0414933 0.0384929 0.038409 0.0327246 0.0398941 0.0272332 0.0259649 0.0246635 0.0246092 0.0222447 0.0234136
threshold=1.0000000180025095e-35 0.88273492455482494 8.5000000000000018 0.90125367045402538 0.60814762115478527 0.94281044602394115 0.43693181872367864 0.89181286096572887 0.83910790085792553 0.85912698507308971 0.87007671594619762 0.73508772253990184 0.9765610694885255 7.5000000000000009 0.97182539105415355 4.5000000000000009 0.1863425895571709 38.500000000000007 0.76986128091812145 1.0000000180025095e-35 0.83047896623611461 7.5000000000000009 0.81530213356018078 0.76552855968475353 0.90645834803581249 67.500000000000014 0.86240702867507946 1.0000000180025095e-35 6.5000000000000009 0.94360822439193737
decision_type=2 2 2 2 2 2 2 2 2 2 2 2 2 2 2 2 2 2 2 2 2 2 2 2 2 2 2 2 2 2
left_child=5 6 -3 4 -4 8 -2 -8 14 -10 -11 -12 -13 -14 16 -16 17 -1 19 -18 22 -22 23 -20 25 -21 -19 -28 29 -17
right_child=1 2 3 -5 -6 -7 7 -9 9 10 11 12 13 -15 15 28 18 26 20 24 21 -23 -24 -25 -26 -27 27 -29 -30 -31
leaf_value=-0.04665313007661806 -0.046936900179978869 0.050914249296985563 -0.033780569416493704 -0.03641364181609507 0.050780170962787766 0.049774002640114286 0.0049444306164532544 0.048862416830935021 0.037686216039378551 -0.041678497689516841 -0.00071959958208309637 0.044050777768301463 0.021929970838803502 -0.057170012754866495 0.02755834427485343 -0.040896150280270119 0.038151025485011397 -0.039295958799536089 0.033876206870821234 -0.0067978072237547165 -0.033072350942024618 0.027651683241544645 0.031546811833417635 -0.042984114033573578 0.047605104127995262 0.069189415671149057 -0.053145182709491624 0.040729089857308914 0.0011289619061886614 0.044177688977182786
leaf_weight=0.10401616950234993 0.013131935685373963 0.048203236849268194 0.0090752441137098572 0.014966750160340325 0.025374052167549621 0.015926781869666118 0.55218472315541156 0.025447152333029521 0.08396808725227245 0.031712789467048697 4.3699047711323384 0.079497625060184762 0.047401373794542678 0.021858919804344623 0.11056406409037611 0.059169901761677579 0.067552799191940904 0.025743567622730446 0.025600241457677697 0.57745794139928597 0.24216164674334095 0.02917831846824015 0.06543277352699306 0.049579292878661363 0.025353946430641372 0.011465277930298612 0.0086902922737257526 0.035503387610224202 0.49401355862114693 0.0093679648543911753
leaf_count=68194 194 508 11 43 174 100 1187 181 743 248 11468 75 111 11 941 284 291 4239 106 5846 149 35 30 28 28 46 394 486 3743 14
internal_value=-4.76524e-09 0.00907699 0.0296168 0.00884202 0.0285037 -0.000948015 0.00568294 0.00687921 -0.00107088 0.000429378 -0.000258123 3.2573e-05 0.0221284 -0.00303441 -0.00465317 0.0023751 -0.00838489 -0.0280542 -0.00525671 0.000956271 -0.0155399 -0.0265424 0.00569162 -0.0168115 -0.00313408 -0.00531847 -0.000392419 0.0222696 -0.00257442 -0.029268
internal_weight=7.2795 0.688383 0.0976193 0.049416 0.0344493 6.59112 0.590764 0.577632 6.57519 4.63434 4.55038 4.51866 0.148758 0.0692603 1.94085 0.673115 1.26774 0.173953 1.09378 0.68183 0.411952 0.27134 0.140612 0.0751795 0.614277 0.588923 0.0699372 0.0441937 0.562551 0.0685379
internal_count=99908 2298 736 228 185 97610 1562 1368 97510 12656 11913 11665 197 122 84854 4982 79872 73313 6559 6211 348 184 164 134 5920 5892 5119 880 4041 298
is_linear=0
shrinkage=0.05


Tree=187
num_leaves=31
num_cat=0
split_feature=7 13 0 8 0 2 13 0 0 7 1 0 12 2 0 13 2 8 0 10 1 0 0 1 1 0 12 1 10 13
split_gain=0.0245133 0.0219269 0.0182813 0.0146163 0.0142179 0.0205726 0.0218471 0.0185106 0.017635 0.0200254 0.0196266 0.023669 0.0262376 0.027329 0.0264593 0.0335442 0.0252179 0.0285682 0.0236492 0.0320843 0.0230208 0.0518127 0.0473359 0.036905 0.0339565 0.073842 0.0319526 0.0293734 0.0251905 0.0251401
threshold=0.99783548712730419 9.5000000000000018 0.87298336625099193 0.89181286096572887 0.64174234867095958 0.087121214717626586 7.5000000000000009 0.62767899036407482 0.65599384903907787 0.88478556275367748 0.81892696022987377 0.7243877947330476 4.5000000000000009 0.73214286565780651 0.68801230192184459 26.500000000000004 0.38750000298023229 0.39565217494964605 0.73046398162841808 1.0000000180025095e-35 0.99473685026168834 0.98648402094841015 0.91945946216583263 0.92403846979141246 0.94570022821426403 0.88633695244789135 7.5000000000000009 0.93643954396247875 1.0000000180025095e-35 32.500000000000007
decision_type=2 2 2 2 2 2 2 2 2 2 2 2 2 2 2 2 2 2 2 2 2 2 2 2 2 2 2 2 2 2
left_child=3 2 -2 4 7 6 -6 -1 9 -7 -10 12 -12 14 -14 -16 17 -13 19 -18 21 22 23 -20 26 -26 28 29 -25 -24
right_child=1 -3 -4 -5 5 8 -8 -9 10 -11 11 16 13 -15 15 -17 18 -19 20 -21 -22 -23 27 24 25 -27 -28 -29 -30 -31
leaf_value=-0.0047915988170219694 -0.00068532066789084615 0.04215488084430797 0.049892614331759184 0.051572613815736669 0.056096104094426925 -0.0095691984228842269 -0.0091586447522211799 -0.032437659164423017 -0.012190890822195953 0.050086950906165641 0.034912690505771678 -0.01199144290181486 -0.013215187134819055 -0.056208205835056806 0.037848281893092056 -0.055237679557520215 -0.055670457486019814 0.035522165890529589 -0.0068697256676724036 0.053189501654888116 0.00099991085730483879 -0.081706972906653921 0.014974222185357933 -0.049338501468444595 0.049193382739131132 -0.11135157175167676 0.010497893954210719 -0.00039212539910984538 -0.12769384069668668 0.063801403366936751
leaf_weight=0.39034359818915232 0.12625732843459037 0.060870365043072638 0.020810706049282146 0.013447987214021739 0.033003458815655029 0.023009348000058938 0.020980378338303129 0.071662957408671013 0.34052763160482857 0.036197331376484954 0.099629155564167182 0.04684960408022476 0.073108320625169254 0.017591370409784091 0.082557168784024526 0.01096330210811125 0.038468948835517547 0.097425503841719774 0.75669631631539125 0.0082137559948023409 4.2676316503645717 0.022552328999154159 0.091417001238880857 0.085758947036781663 0.027790300434027415 0.0096490775130746442 0.02012259938348393 0.24852144242018426 0.011651023492618151 0.037045219976903354
leaf_count=45384 302 263 278 9 239 4065 255 3782 20102 42 791 1235 1246 32 1080 388 364 62 7419 9 10655 15 274 437 135 36 252 708 8 41
internal_value=-2.75979e-09 0.0169173 0.00647166 -0.000503776 -0.000604262 -2.51653e-06 0.0307354 -0.00907985 -0.000259645 0.0269029 -0.000511157 0.000145848 0.0142416 0.00306231 0.00931963 0.0269359 -0.000547602 0.0200934 -0.00107697 -0.0365167 -0.000780418 -0.00657493 -0.00526006 -0.0114223 -0.0336518 0.00781688 -0.0468614 0.00964229 -0.0587104 0.0290547
internal_weight=7.19075 0.207938 0.147068 6.98282 6.96937 6.50736 0.0539838 0.462007 6.45338 0.0592067 6.39417 6.05364 0.283849 0.18422 0.166629 0.0935205 5.76979 0.144275 5.62552 0.0466827 5.57884 1.3112 1.28865 0.911668 0.154972 0.0374394 0.117533 0.376984 0.09741 0.128462
internal_count=99908 843 580 99065 99056 49890 494 49166 49396 4107 45289 25187 3537 2746 2714 1468 21650 1297 20353 373 19980 9325 9310 8287 868 171 697 1023 445 315
is_linear=0
shrinkage=0.05


Tree=188
num_leaves=31
num_cat=0
split_feature=8 0 13 13 0 13 2 12 13 13 12 1 2 2 0 12 0 0 12 2 8 13 2 7 6 0 0 12 6 13
split_gain=0.0222994 0.0188362 0.0162059 0.0255014 0.0160635 0.0159254 0.0226212 0.0183658 0.0275352 0.0147766 0.0146992 0.0144123 0.0181759 0.0171237 0.0145412 0.0143708 0.0258983 0.0174412 0.0228651 0.0143171 0.013235 0.0629299 0.0612701 0.0512819 0.0326226 0.0314015 0.026178 0.0260637 0.0237414 0.0451182
threshold=0.81534090638160717 0.91545844078063976 67.500000000000014 73.500000000000014 0.53144779801368724 85.500000000000014 0.73214286565780651 1.5000000000000002 81.500000000000014 78.500000000000014 25.500000000000004 0.58885449171066295 1.0000000180025095e-35 0.080128207802772536 0.68020617961883556 11.500000000000002 0.72627374529838573 0.44562648236751562 13.500000000000002 0.16025641560554507 0.20942982286214831 6.5000000000000009 0.93750000000000011 0.61826965212821972 0.53863716125488292 0.68801230192184459 0.56691542267799389 11.500000000000002 0.55891487002372753 25.500000000000004
decision_type=2 2 2 2 2 2 2 2 2 2 2 2 2 2 2 2 2 2 2 2 2 2 2 2 2 2 2 2 2 2
left_child=2 -2 11 4 -4 7 10 8 9 -5 -7 12 15 14 -13 16 -1 18 -17 -15 21 -21 24 -24 25 -22 -26 28 29 -23
right_child=1 -3 3 5 -6 6 -8 -9 -10 -11 -12 13 -14 19 -16 17 -18 -19 -20 20 22 27 23 -25 26 -27 -28 -29 -30 -31
leaf_value=-0.040885477439889226 0.009090259332907755 0.050689566499858257 0.11898016116435391 -0.0088607324865660406 0.031468473669770035 -0.026773566436545979 0.040306221271245925 -0.049822183563506574 -0.046427574125851641 0.049023367839859472 0.072319471964571794 -0.03356122613931245 -0.037161112060239053 -0.055938368877199121 0.060375643407569013 0.034600179578609558 0.043108044343631739 0.05829789298506155 -0.053281066937115353 -0.043174172020303291 -0.025715997654469559 -0.026584802508149371 -0.033678462854248206 0.04640483521766392 0.027787167973180184 0.018847027661520507 -0.0027844349435573405 -0.051203357952037842 0.034254333600402684 -0.0004040839511087611
leaf_weight=0.038590321317052645 0.27717531078881297 0.030174440853748763 0.0057694063544920784 0.019747005427593223 0.057562524260326597 0.028340300524659856 0.047788021346605092 0.023873016190485874 0.020583450124860292 0.024963267955826041 0.0043117343448102466 0.0052106425158270344 0.061668466008620415 0.011770670712270781 0.019677605530450393 0.016267929928994729 0.012040904375487216 0.016805798392420579 0.01358019962497925 0.094626907193756327 0.044751040337734138 0.17454987365915009 0.023923435835513263 0.12159364431887099 0.071982086069548035 0.33891832616430406 2.5726411981047228 0.026456188744551912 0.04608760487722019 2.8757844147117373
leaf_count=2198 512 307 39 55 273 166 22 269 23 22 1 429 15098 3406 246 89 60 305 192 27611 473 25260 19 660 404 407 2932 8588 459 9383
internal_value=-4.80364e-09 0.0131743 -0.00059373 0.0123673 0.0394406 0.00225799 0.0183889 -0.0122942 0.00142695 0.0234579 -0.0136882 -0.00105208 -0.015925 -0.000684296 0.0407089 -0.00246364 -0.0209105 0.0175558 -0.00538373 -0.000845188 -0.000743724 -0.00300351 0.00154718 0.0332389 2.4308e-05 0.0136492 -0.00195233 -0.00178629 -0.00136407 -0.00190223
internal_weight=7.12722 0.30735 6.81987 0.232939 0.0633319 0.169607 0.0804401 0.0891667 0.0652937 0.0447103 0.032652 6.58693 0.158954 6.42797 0.0248882 0.0972852 0.0506312 0.0466539 0.0298481 6.40309 6.39131 3.2175 3.17381 0.145517 3.02829 0.383669 2.64462 3.12288 3.09642 3.05033
internal_count=99908 819 99089 870 312 558 189 369 100 77 167 98219 17942 80277 675 2844 2258 586 281 79602 76196 71301 4895 679 4216 880 3336 43690 35102 34643
is_linear=0
shrinkage=0.05


Tree=189
num_leaves=31
num_cat=0
split_feature=10 0 13 13 0 8 13 8 0 12 12 12 0 13 13 13 1 8 7 8 13 13 0 0 13 12 13 2 13 0
split_gain=0.0222609 0.0184853 0.0158321 0.0254547 0.0177435 0.0162964 0.0345749 0.0345383 0.0288844 0.0615197 0.028643 0.0454595 0.0284613 0.0279814 0.0386521 0.0485525 0.0314255 0.0287249 0.0273854 0.0258252 0.0316209 0.0318341 0.0257351 0.0250658 0.0246158 0.0348451 0.0313007 0.0306687 0.0302842 0.0372928
threshold=1.0000000180025095e-35 0.88273492455482494 67.500000000000014 73.500000000000014 0.53144779801368724 0.63961037993431102 1.0000000180025095e-35 0.74342104792594921 0.87570226192474376 8.5000000000000018 6.5000000000000009 3.5000000000000004 0.81530213356018078 3.5000000000000004 29.500000000000004 21.500000000000004 0.93643954396247875 0.24568965286016467 0.94360822439193737 0.70294117927551281 2.5000000000000004 6.5000000000000009 0.91024166345596325 0.73735308647155773 34.500000000000007 2.5000000000000004 3.5000000000000004 0.6904762089252473 7.5000000000000009 0.82009246945381176
decision_type=2 2 2 2 2 2 2 2 2 2 2 2 2 2 2 2 2 2 2 2 2 2 2 2 2 2 2 2 2 2
left_child=2 -2 5 4 -4 8 7 12 24 10 11 18 23 -13 15 17 -16 -15 -10 20 -8 -22 -21 -7 25 28 -27 -28 29 -1
right_child=1 -3 3 -5 -6 6 19 -9 9 -11 -12 13 -14 14 16 -17 -18 -19 -20 22 21 -23 -24 -25 -26 26 27 -29 -30 -31
leaf_value=-0.0023176156404397488 0.0054514187620057619 0.029999955844751614 0.11445095988067469 0.0016204896169193296 0.029798017368156366 -0.035528312093471126 0.046301320531501142 0.021327318953039527 -0.0023094216516827922 0.075976277996848945 -0.043327583981167275 -0.002758100652841365 -0.061725790351363122 -0.053233376278160577 0.047095561241345049 0.079453508564272746 -0.028816341132975595 0.029813692859234683 0.054127836388011934 -0.00090178521422487341 -0.018117700181800846 0.029394751758264011 0.034065314922387582 0.042193812755406929 0.0061477370427338732 -0.0033747484366401913 -0.01676716810789473 -0.043693972310459336 -0.015347320746354382 0.037257679664754455
leaf_weight=0.16647002326699001 0.56893502793903294 0.088632609386088745 0.0069635153347101788 0.16020378668827595 0.055730242278736242 0.027605948360658661 0.088511288444237834 0.03779441745648171 3.2111481311080996 0.026466190775110365 0.038682247396049863 0.11919070759975614 0.048713607811919246 0.011556203831901257 0.019535679464269151 0.052588958209931036 0.045123927846788092 0.10519565347294701 0.021639309590369638 0.48627104868916149 0.063493357796687633 0.079268645088149015 0.059004403676496509 0.016618504249890975 0.25792702469871098 0.31591142410756701 0.47529715314430798 0.13600550212516094 0.1695058517100444 0.092662130894014538
leaf_count=7081 1562 736 39 548 266 46 64 92 9058 35 82 122 36 282 40 73 51 51 34 380 51 62 176 13 7571 16069 45883 524 8338 543
internal_value=-2.54192e-10 0.00876028 -0.000900767 0.0121905 0.0392006 -0.00137354 0.00481547 -0.0189733 -0.00244006 2.20913e-05 -0.000532504 -7.08694e-05 -0.0353621 0.016961 0.0270051 0.0395621 -0.00588099 0.0215936 -0.00193165 0.00882032 0.0228211 0.0082636 0.00288201 -0.00632217 -0.00801061 -0.010704 -0.0161539 -0.022758 0.00108507 0.011834
internal_weight=7.05265 0.657568 6.39508 0.222898 0.0626938 6.17219 0.907281 0.130732 5.26491 3.65113 3.62466 3.58598 0.0929381 0.353191 0.234 0.169341 0.0646596 0.116752 3.23279 0.776549 0.231273 0.142762 0.545275 0.0442245 1.61378 1.35585 0.927214 0.611303 0.428638 0.259132
internal_count=99908 2298 97610 853 305 96757 920 187 95837 9828 9793 9711 95 619 497 406 91 333 9092 733 177 113 556 59 86009 78438 62476 46407 15962 7624
is_linear=0
shrinkage=0.05


Tree=190
num_leaves=31
num_cat=0
split_feature=10 13 13 12 0 13 6 7 8 12 13 2 12 13 13 1 0 8 7 6 8 8 8 6 12 12 11 12 0 12
split_gain=0.0214395 0.0176245 0.0267365 0.0212145 0.0161946 0.0158436 0.015504 0.0165941 0.0148288 0.0161989 0.0146376 0.0205586 0.0160824 0.0241136 0.0138116 0.0135398 0.0133786 0.0167239 0.0138211 0.0266502 0.0276187 0.0189335 0.0188377 0.0213086 0.0287607 0.0202924 0.0124057 0.0124015 0.0149655 0.0148642
threshold=1.0000000180025095e-35 67.500000000000014 73.500000000000014 8.5000000000000018 0.88273492455482494 8.5000000000000018 0.90125367045402538 0.60814762115478527 0.94281044602394115 16.500000000000004 88.500000000000014 0.73214286565780651 1.5000000000000002 81.500000000000014 78.500000000000014 0.90366768836975109 0.43693181872367864 0.89181286096572887 0.95101958513259899 0.71241438388824474 0.73030304908752453 0.34698997437953955 0.74342104792594921 0.93728145956993114 7.5000000000000009 4.5000000000000009 1.0000000180025095e-35 24.500000000000004 0.6832355558872224 17.500000000000004
decision_type=2 2 2 2 2 2 2 2 2 2 2 2 2 2 2 2 2 2 2 2 2 2 2 2 2 2 2 2 2 2
left_child=1 8 3 15 16 -6 7 -7 9 26 12 -12 13 14 -4 -3 -2 18 19 21 -21 -18 -20 24 -24 -25 -1 28 -11 -30
right_child=4 2 10 -5 5 6 -8 -9 -10 27 11 -13 -14 -15 -16 -17 17 -19 22 20 -22 -23 23 25 -26 -27 -28 -29 29 -31
leaf_value=-0.056438533478038712 -0.04620012499384047 -0.019867009382040956 -0.0099106781695019672 0.10143889040058857 0.050834677062565829 -0.031928115418566688 -0.03517481700360902 0.050718359278296092 0.04951616700279355 -0.05364747049612148 -0.013268148744824662 0.0394614120702333 -0.049136821195082857 -0.045345676573881034 0.047810686621306213 0.040632273498605098 0.0081798768132533197 0.048619592754454044 -0.023182264997062465 0.029006740057131525 -0.023080632225200445 -0.043528835423540968 0.044987807660911372 -0.032805537454795315 -0.016859371141445118 0.017190536601602368 -0.001140054184521181 0.01646571754871206 -0.042709138300509611 0.046775113798428906
leaf_weight=0.010159410685550152 0.012220598411666006 0.012021358761544199 0.018742630745466116 0.011600791918948694 0.041939807630747339 0.0083617633985326734 0.014169167068729394 0.022194740016743708 0.014269937902149255 0.038159648854140582 0.03137566343273468 0.044993610848905519 0.022038295441538125 0.019456914531218672 0.023181926918198315 0.04008822114590771 0.042055851850302695 0.022801305285923945 0.082727494922210099 0.17865812233071665 0.029676877982183214 0.030571669745484087 0.05498288495050474 0.048498103420115513 0.028562387600914008 0.034901133163657505 6.0119476803199312 0.014234245709242144 0.0094836016793573563 0.0090878116390991082
leaf_count=242 194 150 52 99 508 11 43 174 100 6272 123 15 303 34 21 56 617 181 100 267 15 52 57 31 28 20 88913 1000 89 141
internal_value=3.66988e-09 -0.000889303 0.0129014 0.0402889 0.0086308 0.0287578 0.00805595 0.0281022 -0.00139397 -0.00151321 0.00198153 0.0177979 -0.0124981 0.000656627 0.022006 0.0266755 0.00554711 0.00668975 0.00488803 0.0124949 0.021587 -0.0135863 -0.00367215 0.00599588 0.0238435 -0.011883 -0.00123334 -0.0252623 -0.0357321 0.00107945
internal_weight=6.98316 6.33084 0.223499 0.0637104 0.652322 0.0866655 0.0447257 0.0305565 6.10734 6.09307 0.159789 0.0763693 0.0834198 0.0613815 0.0419246 0.0521096 0.565656 0.553436 0.530635 0.280963 0.208335 0.0726275 0.249672 0.166945 0.0835453 0.0833992 6.02211 0.0709653 0.0567311 0.0185714
internal_count=99908 97610 853 305 2298 736 228 185 96757 96657 548 138 410 107 73 206 1562 1368 1187 951 282 669 236 136 85 51 89155 7502 6502 230
is_linear=0
shrinkage=0.05


Tree=191
num_leaves=31
num_cat=0
split_feature=10 13 0 5 6 1 1 13 12 8 1 0 2 0 0 0 12 8 0 2 13 8 8 0 13 2 1 0 8 7
split_gain=0.0209583 0.0206675 0.0395158 0.018744 0.0334918 0.0262522 0.0261094 0.0231427 0.0241316 0.0188083 0.0186588 0.019351 0.0183185 0.0184302 0.0288192 0.0244626 0.0158647 0.0156229 0.0169771 0.023931 0.0153016 0.0142324 0.0464305 0.0300478 0.0274475 0.0304455 0.0295765 0.0277043 0.0228424 0.0294558
threshold=1.0000000180025095e-35 67.500000000000014 0.55848154425621044 1.0000000180025095e-35 0.93728145956993114 0.94570022821426403 0.855400711297989 4.5000000000000009 8.5000000000000018 0.81534090638160717 0.82807883620262157 0.65733855962753307 0.77500000596046459 0.8019607961177827 0.78319624066352855 0.68801230192184459 1.0000000180025095e-35 0.054804805666208274 0.92390406131744396 0.44949495792388922 5.5000000000000009 0.61721614003181469 0.58578431606292736 0.60814526677131664 1.0000000180025095e-35 0.77500000596046459 0.87585616111755382 0.8216732144355775 0.68990385532379161 0.96794739365577709
decision_type=2 2 2 2 2 2 2 2 2 2 2 2 2 2 2 2 2 2 2 2 2 2 2 2 2 2 2 2 2 2
left_child=1 21 -3 4 6 9 -2 10 -9 -6 11 -5 13 14 15 -10 -8 18 19 -4 -7 22 23 -1 25 -23 27 28 -26 -30
right_child=3 2 17 7 5 20 16 8 12 -11 -12 -13 -14 -15 -16 -17 -18 -19 -20 -21 -22 24 -24 -25 26 -27 -28 -29 29 -31
leaf_value=-0.022138836807152576 -0.016845427719996375 0.089907600870636858 0.051705644011569678 0.050905194723729702 -0.095203655845161411 0.051401931239674049 -0.016489985289985677 0.015993344824495614 -0.032185848900899781 -0.027495048840880651 0.045859871855693235 -0.012625585830700933 -0.05055785453252061 0.05134399226548491 -0.058645914847100994 0.04839588407373821 0.042508320225463379 0.037825356191295789 0.011753971378712851 -0.040661000320674844 -0.057863598126875304 -0.0056293769373071019 -0.046122051951194405 -0.0012212858538621708 0.024763534808546785 -0.067328711151923751 0.013478934110206267 -0.035653113950372309 -0.035930976800282836 0.0099902616917815264
leaf_weight=0.17798693494727125 0.052080009036293951 0.01598630774320664 0.0085844677989532769 0.017860091579234183 0.01831201796858295 0.010850004608698782 0.014427302394011576 0.21521318489807584 0.016748409428648969 0.02331574506843026 0.08419173457043172 0.03644362820530489 0.025277891838186406 0.013593784961813071 0.022041214169121304 0.021519292117943678 0.05420308119261108 0.036628109749178961 0.11958838538186001 0.038293750952219874 0.004546878521068721 0.1027771726059965 0.060236136156674891 4.8484277062072501 0.073911779437764835 0.024823224167661806 0.5962046039641038 0.062220885900842404 0.060603201379535676 0.082403189699448376
leaf_count=39127 682 136 195 31 18 71 34 635 59 33 495 42 12 10 9 38 124 196 90 236 5 146 61 56580 62 43 567 41 57 73
internal_value=2.88062e-09 -0.00086877 0.0142194 0.00869109 -0.00506912 -0.0366478 0.00984891 0.0140912 0.0065895 -0.05728 0.0311207 0.00826922 -0.013816 -0.00124873 -0.0131033 0.0131281 0.0301058 0.00826173 0.00175676 -0.0237466 0.0191346 -0.00141159 -0.00248493 -0.00196198 0.00403209 -0.0176323 0.00719015 -0.00624189 0.00219444 -0.00947023
internal_weight=6.9393 6.30868 0.219081 0.630624 0.177735 0.0570246 0.12071 0.452889 0.314394 0.0416278 0.138495 0.0543037 0.0991806 0.0739027 0.0603089 0.0382677 0.0686304 0.203095 0.166467 0.0468782 0.0153969 6.08959 5.08665 5.02641 1.00294 0.1276 0.875344 0.279139 0.216918 0.143006
internal_count=99908 97610 853 2298 967 127 840 1331 763 51 568 73 128 116 106 97 158 717 521 431 76 96757 95768 95707 989 189 800 233 192 130
is_linear=0
shrinkage=0.05


Tree=192
num_leaves=31
num_cat=0
split_feature=13 0 8 8 8 13 8 1 12 7 12 4 12 6 6 6 12 12 8 12 8 8 0 8 6 8 1 13 12 6
split_gain=0.120948 0.171435 0.0265363 0.218425 0.0560023 0.03305 0.0218533 0.0324553 0.0221314 0.0212127 0.0225328 0.0258294 0.0197456 0.0188576 0.0210239 0.0306215 0.0168807 0.0466302 0.0161142 0.0160249 0.0151565 0.0176288 0.030269 0.0237553 0.0207615 0.0277328 0.0178832 0.0167864 0.0166335 0.0151661
threshold=67.500000000000014 0.53144779801368724 0.61721614003181469 0.58578431606292736 0.58957219123840343 1.0000000180025095e-35 0.74342104792594921 0.90259328484535228 7.5000000000000009 0.88478556275367748 1.0000000180025095e-35 1.0000000180025095e-35 13.500000000000002 0.52839964628219616 0.60041153430938732 0.68244633078575145 12.500000000000002 11.500000000000002 0.054804805666208274 3.5000000000000004 0.63961037993431102 0.70294117927551281 0.74322345852851879 0.67543861269950878 0.846389800310135 0.81534090638160717 0.71834936738014232 9.5000000000000018 5.5000000000000009 0.92012271285057079
decision_type=2 2 2 2 2 2 2 2 2 2 2 2 2 2 2 2 2 2 2 2 2 2 2 2 2 2 2 2 2 2
left_child=2 -2 3 12 -5 6 8 -8 19 -7 11 -11 -1 -12 -15 -16 17 20 -3 -4 27 22 23 -22 28 -26 -27 -17 -23 -24
right_child=1 18 5 4 -6 9 7 -9 -10 10 13 -13 -14 14 15 16 -18 -19 -20 -21 21 24 29 -25 25 26 -28 -29 -30 -31
leaf_value=-0.00090769907886915327 0.096811740243167577 0.0013443200965815316 -0.020934092511905193 -0.094922997776698784 -0.028250156535553763 0.058495409099600208 -0.026101871616556738 0.038178755657072627 0.015650346330692174 -0.0092187163025665344 0.0513049211370247 0.042850850989972288 -0.023542248911698871 -0.022915867235584569 0.038473986788898365 0.0071123282898688514 0.02413113851760891 -0.04711227456870367 0.037510852181966758 -0.06803449129864185 0.024898812226226266 0.034965435253735466 0.039334019468804444 -0.045344289962976139 -0.013703795087268109 -0.02598050911448482 0.024264098407687243 -0.041293474696637689 0.00035884420750816135 0.0012309580088420164
leaf_weight=5.1132783833603446 0.075276677859552943 0.16130410796944705 0.035223973033850942 0.075403939685202093 0.054087134359434685 0.020226261492353959 0.042729259060635627 0.036334200352499124 0.018929265467903633 0.033492685887551832 0.021201329945597425 0.082443268821364768 0.098203709861749533 0.069437376023642861 0.065902262034114756 0.034518366279826296 0.087224200152377307 0.047471279739170313 0.038067443057730799 0.037057141211263911 0.021182662233968585 0.070389108092626884 0.11139374498699794 0.027875636807038973 0.26462973973620763 0.021581097178113851 0.098715461397354431 0.037225070102749669 0.068524558547778724 0.034112589578342067
leaf_count=82255 106 543 40 6 81 18 72 271 36 45 26 387 14737 38 53 34 83 27 221 31 39 101 71 15 241 23 188 26 44 50
internal_value=-2.33864e-10 0.0325232 -0.0013275 -0.00292808 -0.0670744 0.00483228 -0.0158005 0.00343877 -0.0324776 0.00771778 0.00685999 0.0278085 -0.00133422 0.00461409 0.00368038 0.0055444 0.00319791 0.00101806 0.00824986 -0.0450816 0.00390968 0.00609806 0.0189499 -0.0150143 0.00132464 -0.00465512 0.0152503 -0.0180037 0.0178944 0.0304011
internal_weight=7.00344 0.274648 6.72879 5.34097 0.129491 1.38782 0.170274 0.0790635 0.0912104 1.21755 1.19732 0.115936 5.21148 1.08138 1.06018 0.990746 0.924844 0.837619 0.199372 0.0722811 0.790148 0.718405 0.194565 0.0490583 0.52384 0.384926 0.120297 0.0717434 0.138914 0.145506
internal_count=99908 870 99038 97079 87 1959 450 343 107 1509 1491 432 96992 1059 1033 995 942 859 764 71 832 772 175 54 597 452 211 60 145 121
is_linear=0
shrinkage=0.05


Tree=193
num_leaves=31
num_cat=0
split_feature=7 6 0 0 4 2 2 8 1 0 0 1 0 12 6 6 1 1 0 13 8 2 13 13 6 13 8 8 7 13
split_gain=0.0209764 0.0253511 0.0187336 0.016773 0.0166483 0.0241529 0.0149419 0.0128318 0.013516 0.0501951 0.0380279 0.0471954 0.0521683 0.0369308 0.0333467 0.0332588 0.0448691 0.0319892 0.0295456 0.0273544 0.0490658 0.0249036 0.0362401 0.0533231 0.0691699 0.0446769 0.0357426 0.0260824 0.037955 0.0477652
threshold=0.99783548712730419 0.28490260243415838 0.87298336625099193 0.86706829071044933 1.0000000180025095e-35 0.52777779102325451 0.77500000596046459 0.89181286096572887 0.99473685026168834 0.98648402094841015 0.91945946216583263 0.92403846979141246 0.75147059559822094 7.5000000000000009 0.68244633078575145 0.86501669883728038 0.95040982961654674 0.93643954396247875 0.88633695244789135 32.500000000000007 0.36181819438934332 0.77500000596046459 34.500000000000007 29.500000000000004 1.0000000180025095e-35 35.500000000000007 0.21980676054954532 0.61721614003181469 0.85798320174217235 13.500000000000002
decision_type=2 2 2 2 2 2 2 2 2 2 2 2 2 2 2 2 2 2 2 2 2 2 2 2 2 2 2 2 2 2
left_child=7 -2 3 4 5 -3 -6 8 9 10 11 14 -13 15 18 16 -14 19 -1 20 -12 22 23 24 -10 -24 -26 28 -28 -30
right_child=1 2 -4 -5 6 -7 -8 -9 21 -11 17 12 13 -15 -16 -17 -18 -19 -20 -21 -22 -23 25 -25 26 -27 27 -29 29 -31
leaf_value=-0.015629661988937005 0.12403394716421437 -0.025103266121998959 0.050107577990318203 -0.049265873172858569 0.034559102715504629 0.04674389604418884 -0.032200136299505799 0.051424099234213864 0.067099896946561099 -0.080314827072128753 -0.022808902542879678 0.029591938941411822 -0.052801742749041182 0.01571484234644175 0.0022021522140723651 -0.08662704243792807 0.049879187626985899 0.00046793674507177203 0.022502987673957954 0.066208398652269768 0.048840924987593091 -0.0012289165572776357 0.13272056544181987 -0.047268695880841635 -0.048182273141795309 0.022765605885821577 0.013254190203717785 0.015932799850086922 -0.021365986825685954 0.036312612825740824
leaf_weight=0.58795714110230068 0.0053155389614402129 0.048457629031332772 0.029094066989138412 0.012451328717361321 0.06977185771679828 0.015419615049268032 0.0095258146494074936 0.01189109738334071 0.044766153328964275 0.021196628564211895 0.043403459475689021 0.029023119981487322 0.053645578826303719 0.021689416506538883 1.0192403000401968 0.049085116283549723 0.013271136657834859 0.23670376876682475 0.05560080270891099 0.039093033194802729 0.053157870706669996 3.2211576941257949 0.0098616626045407996 0.048602801805421425 0.032331414991422447 0.14615757921182748 0.2405573430986081 0.35177559345788723 0.25939719408643214 0.04165853141239495
leaf_count=80251 1 112 399 9 208 75 39 9 18 15 345 309 507 247 1898 21 51 818 488 46 62 8926 33 180 3667 650 155 222 130 17
internal_value=6.1594e-10 0.0163788 0.0132809 0.00639624 0.0112369 -0.00775976 0.0265395 -0.000469379 -0.000562602 -0.00373986 -0.0030027 -0.0059671 -0.0313292 -0.0441704 -0.00342427 -0.0553674 -0.0324377 0.0115624 -0.0123352 0.0309211 0.016635 0.00104405 0.0072746 0.00383895 0.00639846 0.0297156 0.00346305 0.00533208 -0.00155305 -0.0133847
internal_weight=6.82126 0.190036 0.18472 0.155626 0.143175 0.0638772 0.0792977 6.63122 6.61933 2.22307 2.20187 1.82951 0.166714 0.137691 1.6628 0.116002 0.0669167 0.372358 0.643558 0.135654 0.0965613 4.39627 1.17511 1.01909 0.970486 0.156019 0.92572 0.893389 0.541613 0.301056
internal_count=99908 843 842 443 434 187 247 99065 99056 85058 85043 83772 1135 826 82637 579 558 1271 80739 453 407 13998 5072 4389 4209 683 4191 524 302 147
is_linear=0
shrinkage=0.05


Tree=194
num_leaves=31
num_cat=0
split_feature=7 13 0 1 0 0 0 1 8 7 1 1 2 0 13 1 13 8 0 13 13 1 8 1 13 8 12 0 13 12
split_gain=0.0231414 0.0286397 0.0179916 0.0165893 0.0494167 0.0460907 0.0728301 0.0389735 0.0372474 0.0375191 0.0347552 0.0785038 0.0326899 0.0409553 0.0478866 0.0316966 0.0306296 0.044808 0.0303986 0.0253391 0.0208985 0.0204279 0.0172379 0.0351106 0.0253267 0.0243163 0.0228502 0.0191238 0.025913 0.023429
threshold=0.99783548712730419 71.500000000000014 0.87298336625099193 0.99473685026168834 0.98648402094841015 0.91945946216583263 0.91024166345596325 0.93643954396247875 0.1863425895571709 1.0000000180025095e-35 0.94392031431198131 0.93908473849296581 0.6904762089252473 0.90521115064620983 16.500000000000004 0.95488464832305919 32.500000000000007 0.36181819438934332 0.90521115064620983 85.500000000000014 80.500000000000014 0.90645834803581249 0.48913043737411505 0.89039039611816417 1.0000000180025095e-35 0.58957219123840343 1.0000000180025095e-35 0.84660634398460399 3.5000000000000004 1.5000000000000002
decision_type=2 2 2 2 2 2 2 2 2 2 2 2 2 2 2 2 2 2 2 2 2 2 2 2 2 2 2 2 2 2
left_child=3 2 -2 4 5 6 8 16 9 21 11 18 13 -5 -15 -8 17 -7 22 20 -14 -1 23 27 25 -24 -25 -10 -29 -30
right_child=1 -3 -4 12 -6 7 15 -9 10 -11 -12 -13 19 14 -16 -17 -18 -19 -20 -21 -22 -23 24 26 -26 -27 -28 28 29 -31
leaf_value=0.00018403463959876744 0.0063181484463390881 0.10850134876024185 0.05007317655004731 0.0070770385000162132 -0.07907578713193042 -0.021144001712248645 -0.021041451903809818 0.00020892346054299468 -0.0073957109845439037 -0.05010618233861474 0.050329628366748314 -0.088886998009659685 -0.00067356739337826174 0.0062473447546274891 0.085614618065983056 -0.10423315253995709 0.06662971034875427 0.048321575523925103 0.043026092691522348 0.037824503775940176 -0.052478277242548971 -0.048334178554660517 0.029385493360658561 0.026894658465088352 0.0047867505385493911 -0.035626154629987854 -0.039001411558327703 0.053633399531297601 0.033329288237232836 -0.03743162008980859
leaf_weight=0.1223606790174907 0.15023981424715049 0.0082413032120314256 0.027848624245308429 0.57223374301852548 0.021711073193728114 0.042211390257184678 0.020186782444640339 0.23392481810503085 0.38724732698418163 0.084714452235863269 0.030954481728713179 0.026260278595145681 3.6727759853937743 0.037813229338496512 0.038209352307148947 0.026453979291545693 0.046667035814550673 0.051582235752576366 0.037081288679246316 0.042625028590464242 0.019571552008301185 0.026370166772721859 0.017847865116063844 0.014775788661808065 0.75594568972236331 0.074092847667699857 0.11997829551827977 0.032752192098314481 0.021994786608956929 0.024987394432400833
leaf_count=209 441 5 397 4232 15 345 174 818 6089 76059 37 8 9691 32 9 5 46 64 31 22 15 21 23 13 807 93 148 13 25 21
internal_value=3.00635e-09 0.0173773 0.0131604 -0.00049034 -0.00401173 -0.0032704 -0.00655038 0.0127096 -0.0049319 -0.0235463 -0.00211734 -0.00319038 0.00129324 0.0116578 0.0461378 -0.0682266 0.0335284 0.0170589 -0.00167668 -0.000505673 -0.000948162 -0.00841831 -0.00282018 -0.00929235 0.00177305 -0.0230059 -0.0317759 -0.00280441 0.0194943 -0.00430478
internal_weight=6.78966 0.18633 0.178088 6.60333 2.2201 2.19839 1.824 0.374385 1.77736 0.233445 1.54392 1.51296 4.38323 0.648256 0.0760226 0.0466408 0.140461 0.0937936 1.4867 3.73497 3.69235 0.148731 1.44962 0.601736 0.847886 0.0919407 0.134754 0.466982 0.0797344 0.0469822
internal_count=99908 843 838 99065 85064 85049 83776 1273 83597 76289 7308 7271 14001 4273 41 179 455 409 7263 9728 9706 230 7232 6309 923 116 161 6148 59 46
is_linear=0
shrinkage=0.05


Tree=195
num_leaves=31
num_cat=0
split_feature=7 6 1 1 1 7 0 2 0 1 6 1 7 8 6 0 6 6 12 6 6 8 8 6 0 8 7 6 8 0
split_gain=0.0259224 0.0370384 0.0287884 0.0709606 0.109489 0.0745968 0.0690034 0.0509281 0.0931622 0.0492697 0.0605949 0.0359918 0.0346469 0.0289239 0.0456647 0.0282569 0.0266239 0.0245319 0.0227217 0.0384659 0.0206944 0.0200675 0.0206794 0.0198573 0.0280272 0.0255324 0.0227124 0.0186482 0.0180951 0.0175951
threshold=0.99783548712730419 0.28490260243415838 0.99473685026168834 0.95488464832305919 0.95713412761688244 0.56106334924697887 0.90521115064620983 0.6904762089252473 0.91024166345596325 0.92907443642616283 0.93728145956993114 0.93643954396247875 0.87198767066001903 0.48913043737411505 0.82621711492538463 0.97014260292053234 0.68244633078575145 0.93728145956993114 1.0000000180025095e-35 1.0000000180025095e-35 0.4259807169437409 0.42582418024539953 0.32200460135936743 0.56727004051208507 0.64174234867095958 0.21240601688623431 0.90976935625076305 1.0000000180025095e-35 0.22653958946466449 0.65599384903907787
decision_type=2 2 2 2 2 2 2 2 2 2 2 2 2 2 2 2 2 2 2 2 2 2 2 2 2 2 2 2 2 2
left_child=2 -2 3 6 -5 -6 9 8 17 16 12 18 -11 14 -13 -7 23 -4 20 -20 -8 22 -21 24 -1 27 28 -26 -25 -29
right_child=1 -3 7 4 5 15 11 -9 -10 10 -12 13 -14 -15 -16 -17 -18 -19 19 21 -22 -23 -24 26 25 -27 -28 29 -30 -31
leaf_value=-0.037414177762413924 0.11175546440551985 0.013063164747816831 0.0044947486890766835 -0.086875383937054518 -0.062470047586340088 0.051322023922005335 -0.03069319659932819 -0.00045978349843302289 0.059262334625248415 -0.041249631336758769 -0.094901257491745231 -0.0059526876235006417 0.028382027487849855 -0.033513122647759797 0.070230691239342044 -0.0094938234016597803 0.00069007120398130689 0.054055073627876642 0.089774010911193899 0.029546792695011231 0.028521074287398869 0.046904760818009067 -0.044592528553894367 0.011394542642628066 -0.0036893172835564987 0.012490878088643407 -0.0037364970297895164 0.025402387095445629 -0.047620663929318525 -0.050184542801936488
leaf_weight=0.06308222694845167 0.010047405026852974 0.17662182909191415 0.54729643535667971 0.065379332751177688 0.038704070117113076 0.040560106032884846 0.022659395741951971 3.7218959473447759 0.099075363335728639 0.045982809878020059 0.033674540114589036 0.074040103511597621 0.029214433845481835 0.046126652829343584 0.026785887917412765 0.036099023098699945 0.98438095459637198 0.026162717615989095 0.034017467929515988 0.024043220853729785 0.042298121492493124 0.057078570773484216 0.015448900803676224 0.014928020880730419 0.13053453535815152 0.17410504553078177 0.069441299800885758 0.0091802322760353716 0.099994045898212702 0.047719661317718209
leaf_count=43187 1 842 4212 56 490 78 289 9728 33 834 5 255 18 44 6 38 1874 28 6 286 79 59 8 1629 184 648 118 3751 1808 29314
internal_value=-6.1459e-09 0.0183752 -0.000518154 -0.00515147 -0.0351815 -0.00588521 -0.002497 0.0018283 0.0144909 -0.00661708 -0.0391595 0.0179801 -0.0141974 -0.000717199 0.0142865 0.0226837 -0.00439351 0.00675582 0.0320311 0.0440517 0.00786512 0.0279459 0.000544273 -0.0126108 -0.0066615 -0.0012957 -0.026313 -0.0141019 -0.0399548 -0.0379893
internal_weight=6.80658 0.186669 6.61991 2.22548 0.180743 0.115363 2.04474 4.39443 0.672535 1.70224 0.108872 0.342498 0.0751972 0.146953 0.100826 0.0766591 1.59337 0.573459 0.195546 0.130588 0.0649575 0.0965707 0.0394921 0.608985 0.424622 0.361539 0.184363 0.187434 0.114922 0.0568999
internal_count=99908 843 99065 85064 662 606 84402 14001 4273 83370 857 1032 852 305 261 116 82513 4240 727 359 368 353 294 80639 77084 33897 3555 33249 3437 33065
is_linear=0
shrinkage=0.05


Tree=196
num_leaves=31
num_cat=0
split_feature=13 12 13 0 7 13 6 4 8 10 13 0 2 1 12 13 0 13 7 1 0 2 6 8 12 13 7 0 13 6
split_gain=0.0521891 0.123991 0.104635 0.0910842 0.0623908 0.0335545 0.0309047 0.144245 0.0544363 0.0265744 0.0244711 0.0209211 0.0274104 0.0181143 0.0178293 0.0773578 0.0610102 0.0547329 0.063695 0.0525553 0.0370773 0.0356627 0.0279639 0.0321433 0.0417574 0.0296857 0.0264776 0.0628313 0.063946 0.0641654
threshold=32.500000000000007 1.0000000180025095e-35 36.500000000000007 0.82009246945381176 0.99783548712730419 50.500000000000007 0.95912683010101329 1.0000000180025095e-35 0.74342104792594921 1.0000000180025095e-35 35.500000000000007 0.94185259938240062 0.77500000596046459 0.90366768836975109 1.0000000180025095e-35 29.500000000000004 0.94804319739341747 21.500000000000004 0.46882475912570959 0.96490147709846508 0.89512962102890026 0.93750000000000011 0.51628047227859508 0.3717105239629746 4.5000000000000009 13.500000000000002 0.62345302104949962 0.94185259938240062 3.5000000000000004 0.76552855968475353
decision_type=2 2 2 2 2 2 2 2 2 2 2 2 2 2 2 2 2 2 2 2 2 2 2 2 2 2 2 2 2 2
left_child=6 5 3 10 11 -2 9 8 -8 14 -3 12 -4 -10 26 17 20 18 -16 -19 -17 -21 23 24 25 -20 -1 28 29 -28
right_child=1 2 4 -5 -6 -7 7 -9 13 -11 -12 -13 -14 -15 15 16 -18 19 22 21 -22 -23 -24 -25 -26 -27 27 -29 -30 -31
leaf_value=-0.0008151611266165289 -0.03179660795606834 -0.038541851231953278 0.0077481339872197538 0.078280874850291088 0.095362152059268721 0.0027875775379476789 -0.093894994167196266 0.016594272507425397 -0.037183943373492699 0.010688433297541169 0.043103512090723571 0.044422973778395658 -0.038297235274618292 0.046441004508939482 -0.050576231428523688 -0.051250988331355218 -0.090276707878925111 -0.020212578420427518 0.031273195305042016 0.058185162345857036 0.017408561998524971 -0.018059812351296601 -0.0053642617495608894 0.028573382486778012 -0.048069779993841183 -0.03858577199436633 0.034405953009583871 0.051637235960827088 0.02711459668462082 -0.055958716433221936
leaf_weight=2.3230808701603158 0.15111014488898789 0.02496953821675274 0.3240975169612671 0.12872216839134332 0.02088387551182791 0.13088177766788789 0.062049036924236023 0.11695198078985669 0.022937319128686795 0.44904429054982564 0.014511281492810446 0.033577809513701595 0.03590112482019947 0.0090232246298143082 0.073794444204723475 0.039498904254515632 0.044601623174159499 0.043378000442976794 0.061428190020788642 0.088736802954239025 0.039153892502874044 0.018541232233630467 2.0223843631519216 0.13811180579260451 0.040598931441779229 0.020210097354472656 0.027743252747104985 0.084028810655183861 0.10433785400844098 0.067295967959438485
leaf_count=9264 690 1392 7166 188 13 370 20 342 26 1778 421 98 62 65 53488 1716 22 5828 2183 394 25 89 7211 130 5680 539 80 323 254 51
internal_value=-1.61344e-09 0.0114717 0.0246437 0.0579038 0.0111456 -0.0157449 -0.00168207 -0.0204739 -0.0665884 -0.000984853 -0.00853288 0.00667688 0.00315623 -0.0135746 -0.00198579 -0.0048899 -0.0435622 -0.00298875 -0.00485667 0.0262288 -0.0170718 0.0450075 -0.00337868 0.0120453 -0.00662931 0.0139791 0.000945006 0.0153731 8.93578e-05 -0.02958
internal_weight=6.76159 0.864655 0.582663 0.168203 0.41446 0.281992 5.89693 0.210962 0.0940096 5.68597 0.0394808 0.393576 0.359999 0.0319605 5.23693 2.63044 0.123254 2.50718 2.35653 0.150656 0.0786528 0.107278 2.28273 0.260349 0.122237 0.0816383 2.60649 0.283406 0.199377 0.0950392
internal_count=99908 10400 9340 2001 7339 1060 89508 453 111 89055 1813 7326 7228 91 87277 77305 1763 75542 69231 6311 1741 483 15743 8532 8402 2722 9972 708 385 131
is_linear=0
shrinkage=0.05


Tree=197
num_leaves=31
num_cat=0
split_feature=13 0 12 13 0 1 13 2 6 4 12 12 8 13 8 0 8 13 6 6 0 0 13 0 2 13 13 0 13 2
split_gain=0.111783 0.16813 0.0862951 0.121635 0.0771283 0.0418138 0.0883514 0.13376 0.0740894 0.102451 0.0510295 0.0501904 0.0394128 0.0316817 0.0309772 0.0301048 0.0276463 0.0248559 0.0245262 0.0241865 0.0222939 0.0299985 0.0214558 0.0198624 0.0228698 0.0197412 0.0211667 0.018785 0.0181432 0.0242135
threshold=32.500000000000007 0.53144779801368724 1.0000000180025095e-35 36.500000000000007 0.82009246945381176 0.99473685026168834 16.500000000000004 0.57738095521926891 0.95912683010101329 1.0000000180025095e-35 1.5000000000000002 1.0000000180025095e-35 0.21240601688623431 71.500000000000014 0.2981481552124024 0.73942822217941295 0.82085561752319347 66.500000000000014 0.93728145956993114 0.92012271285057079 0.91024166345596325 0.91945946216583263 35.500000000000007 0.94185259938240062 0.77500000596046459 1.0000000180025095e-35 3.5000000000000004 0.92390406131744396 31.500000000000004 0.6904762089252473
decision_type=2 2 2 2 2 2 2 2 2 2 2 2 2 2 2 2 2 2 2 2 2 2 2 2 2 2 2 2 2 2
left_child=5 13 17 4 22 6 8 14 12 -10 11 -9 -1 -2 -8 -16 -14 -3 19 28 -20 -22 -4 24 -5 -11 -27 -12 29 -7
right_child=1 2 3 23 -6 18 7 10 9 25 27 -13 16 -15 15 -17 -18 -19 20 -21 21 -23 -24 -25 -26 26 -28 -29 -30 -31
leaf_value=-0.03668345784932641 -0.015742425377765972 -0.02341323684907869 -0.036747494177023776 0.0062248265992553373 0.074178238226756094 0.011279074782724061 -0.022516879564129538 0.018204621981023805 -0.071067065942252136 -0.029165928223686369 -0.036107291775160463 -0.094964433187866584 -0.00040252888595202749 0.096540825212931752 -0.012205565162145165 0.053272169043923782 0.030775987030635645 0.0088994402950243103 0.038119387514919729 -0.029200426431333627 -0.053796034472008897 0.050672556690322251 0.042234396530922709 0.042939228358580085 -0.036610083174576508 0.049807614067033421 -0.017247284797255354 0.046909237555621923 -0.028298974411715663 -0.00076407220114677076
leaf_weight=0.072057636011518933 0.0068919315618317647 0.1870406207315064 0.023255102482348633 0.31095762225911161 0.13272704701279991 0.48061375809451856 0.066121547622681409 0.010866776716971227 0.091899266390186196 0.024644656814601262 0.036746642438526322 0.099546086330052574 1.3877315806740065 0.071022722407516392 0.030928023663236104 0.040596995867872465 0.074938881651135492 0.087289416981578327 0.077666410434595323 0.07034801708205396 0.017723406908089601 0.011223294217707291 0.013643228740595648 0.032288689378042079 0.03463092974836357 0.032289921129795118 0.01851813604923791 0.0083656382815320285 0.05428578214213553 3.1715948209708644
leaf_count=57107 1366 922 1152 6061 188 3628 11967 162 52 79 1282 340 4705 77 414 48 184 123 198 118 9 165 347 102 62 55 20 21 78 8876
internal_value=-1.84871e-09 0.0164125 0.00975743 0.0212262 0.0564014 -0.00251196 -0.00839497 -0.0337466 -0.00402831 -0.0356189 -0.0655194 -0.0838264 -0.000583561 0.0866088 0.00215294 0.024959 0.00119488 -0.0131316 0.000510624 -0.000156976 0.0241608 -0.0132912 -0.00754379 0.00543634 0.0019324 0.00755589 0.025368 -0.0207127 0.000394259 0.00082075
internal_weight=6.77845 0.899747 0.821833 0.547503 0.169625 5.87871 1.99525 0.293172 1.70208 0.167352 0.155525 0.110413 1.53473 0.0779147 0.137647 0.071525 1.46267 0.27433 3.88346 3.77684 0.106613 0.0289467 0.0368983 0.377877 0.345589 0.0754527 0.0508081 0.0451123 3.70649 3.65221
internal_count=99908 10400 8957 7912 1687 89508 76436 14234 62202 206 1805 502 61996 1443 12429 462 4889 1045 13072 12700 372 174 1499 6225 6123 154 75 1303 12582 12504
is_linear=0
shrinkage=0.05


Tree=198
num_leaves=31
num_cat=0
split_feature=7 6 0 0 4 2 1 0 0 1 0 1 12 8 6 0 0 8 0 12 8 0 8 6 0 6 2 6 7 0
split_gain=0.0255156 0.0326748 0.0171188 0.0144389 0.0141549 0.0201103 0.0140344 0.0906032 0.0479328 0.0466422 0.0480649 0.036994 0.0336532 0.0243544 0.0333954 0.0241968 0.0235456 0.0228818 0.0215241 0.0299686 0.0275668 0.06578 0.0230521 0.0264972 0.0652293 0.0461514 0.0327226 0.0292792 0.0316553 0.0283997
threshold=0.99783548712730419 0.28490260243415838 0.87298336625099193 0.86706829071044933 1.0000000180025095e-35 0.52777779102325451 0.99473685026168834 0.98648402094841015 0.91945946216583263 0.92403846979141246 0.75147059559822094 0.93643954396247875 7.5000000000000009 0.1863425895571709 1.0000000180025095e-35 0.90070420503616344 0.92390406131744396 0.36181819438934332 0.90070420503616344 3.5000000000000004 0.71008405089378368 0.92390406131744396 0.60769233107566845 0.74646764993667614 0.93908473849296581 0.62303319573402416 0.81666666269302379 0.59384471178054821 0.80101522803306591 0.90521115064620983
decision_type=2 2 2 2 2 2 2 2 2 2 2 2 2 2 2 2 2 2 2 2 2 2 2 2 2 2 2 2 2 2
left_child=6 -2 3 4 5 -3 7 8 9 13 -11 16 -12 14 -1 -15 -10 -18 19 -8 22 -22 23 25 -25 27 -26 28 29 -20
right_child=1 2 -4 -5 -6 -7 18 -9 11 10 12 -13 -14 15 -16 -17 17 -19 20 -21 21 -23 -24 24 26 -27 -28 -29 -30 -31
leaf_value=-0.0054066154104233299 0.091673966605512677 -0.023604934073888948 0.05003242706515755 -0.047727176984710129 0.024876309828307862 0.045937756417434333 0.031648388873618247 -0.085440686305053026 0.071588595113785 0.029859160462488318 -0.053970530933643929 0.0012691087871479934 0.018312922243071603 -0.0021797303645183889 -0.050045070586446042 0.036505067475004024 0.0038485406865311936 0.052121163686868144 -0.062733193133961418 0.0042856435906397121 -0.064663284571470345 0.026346389213871214 0.053723801971964469 -0.058847178823647942 -0.034475909796488007 0.033364195259736232 0.045176272883961505 -0.050861857316077577 0.042896975232429732 -0.000632638786129248
leaf_weight=0.12709578568568364 0.014027366414666065 0.045971972192177191 0.025548987824304703 0.011652972681986284 0.074151832507084237 0.013433459644488721 0.11023918409916067 0.033505622188385931 0.032953296101396634 0.026503287736654779 0.11497401878922364 0.20867520174504683 0.018724732390966281 1.3310785726045846 0.062505494929715966 0.04168787013802 0.061856427876298525 0.040701923091788217 0.018537995162854926 1.0843448173923995 0.051246993559288856 0.032411616313023472 0.019613504177001917 0.062596602358212183 0.020477242855122313 0.10176337707152061 0.034818972474209176 0.029041281024319576 0.041589505420063122 2.6745627584174931
leaf_count=224 1 112 399 9 247 75 895 15 88 310 579 818 247 7186 75175 55 311 56 47 5129 26 143 108 31 7 82 191 17 63 7262
internal_value=-6.91382e-10 0.0183164 0.0122903 0.00564973 0.0103069 -0.00787912 -0.00053038 -0.00387814 -0.00255587 -0.00595956 -0.0316534 0.0144788 -0.0438471 -0.00332497 -0.0201225 -0.00100496 0.0348204 0.0230063 0.00111194 0.00681075 -0.00109359 -0.0294037 -0.000304914 -0.000660112 -0.0238913 0.000295671 0.0156796 -0.000921945 -0.000391604 -0.00106011
internal_weight=6.56629 0.184787 0.170759 0.14521 0.133557 0.0594054 6.38151 2.10026 2.06676 1.72257 0.160202 0.344187 0.133699 1.56237 0.189601 1.37277 0.135512 0.102558 4.28124 1.19458 3.08666 0.0836586 3.003 2.98339 0.117893 2.86549 0.0552962 2.76373 2.73469 2.6931
internal_count=99908 843 842 443 434 187 99065 85064 85049 83776 1136 1273 826 82640 75399 7241 455 367 14001 6024 7977 169 7808 7700 229 7471 198 7389 7372 7309
is_linear=0
shrinkage=0.05


Tree=199
num_leaves=31
num_cat=0
split_feature=8 13 0 13 0 0 0 8 13 8 6 8 13 2 0 0 1 1 13 0 13 6 8 0 13 6 8 0 13 1
split_gain=0.0184102 0.0198973 0.0451161 0.0509495 0.0710068 0.0344091 0.0375907 0.0255705 0.0233289 0.0261992 0.0225619 0.0172584 0.058283 0.0701574 0.0544164 0.102332 0.047221 0.124978 0.0378693 0.0727773 0.0364379 0.0422428 0.0397984 0.0379867 0.0351857 0.0302628 0.0262027 0.0261588 0.0247374 0.0330852
threshold=0.8441295623779298 32.500000000000007 0.99450549483299266 36.500000000000007 0.82009246945381176 0.8263767957687379 0.91945946216583263 0.15707236528396609 106.50000000000001 0.10960961133241655 0.32735316455364233 0.44222222268581396 1.0000000180025095e-35 0.77500000596046459 0.88273492455482494 0.88633695244789135 0.99473685026168834 0.98683983087539684 5.5000000000000009 0.92907443642616283 3.5000000000000004 0.846389800310135 0.71008405089378368 0.76689496636390697 2.5000000000000004 0.80866709351539623 0.57738095521926891 0.74115687608718883 8.5000000000000018 0.95488464832305919
decision_type=2 2 2 2 2 2 2 2 2 2 2 2 2 2 2 2 2 2 2 2 2 2 2 2 2 2 2 2 2 2
left_child=1 11 3 4 -3 -6 -7 10 9 -4 -5 16 13 -13 20 -16 17 -1 19 26 21 27 24 -22 -23 -20 -17 -14 -27 -30
right_child=-2 2 8 7 5 6 -8 -9 -10 -11 -12 12 14 -15 15 18 -18 -19 25 -21 23 22 -24 -25 -26 28 -28 -29 29 -31
leaf_value=-0.0097763909171917074 0.016547447914373913 -0.015373496379672733 -0.02282297910232237 0.00098549390463235844 0.10512645129286607 -0.026094278395282184 0.061196504895470571 0.02287652968842252 0.054517911982343292 0.050651291989638504 -0.051558766358944665 -0.0051626331576805889 -0.0019134580236411453 -0.073940956959355542 0.085717445382038959 -0.045624863283316719 -0.00070509421467837335 -0.097738886423395024 0.050504315912568577 0.028715889833126514 0.0044774941271879176 0.031043080354485005 -0.022934761984954113 -0.015996435181435412 -0.022019553393709673 0.045896004003267814 -0.00039354018899867858 0.044891662340248377 0.054837863343887766 -0.034384741076021394
leaf_weight=0.66276743285896778 0.16385492420259939 0.042192521973465458 0.17524181368107605 0.27137806698759526 0.031513103288432376 0.015642101940063213 0.058307734230709229 0.14198838639141176 0.011876156961079687 0.013035190293550158 0.02209301243366546 0.13109720465751795 0.040312158378153162 0.051699330582323455 0.052236024905596312 0.075563934208048522 2.8809983752927857 0.043001043331486244 0.085344343396343447 0.10982185655012344 0.45282320879815963 0.11218246343338478 0.11094937723919429 0.45338671144099862 0.04329965022276383 0.028475647686114769 0.055562863230733228 0.1150426735473502 0.013956575267457083 0.040660768099570532
leaf_count=74770 686 1911 394 2665 25 158 39 719 3 31 4455 161 109 30 17 27 11653 12 166 277 694 97 84 309 52 97 73 75 24 95
internal_value=-6.49123e-10 -0.000427498 0.00703335 0.0140638 0.039445 0.0613763 0.0427325 0.00545758 -0.0134488 -0.0177361 -0.00297013 -0.0014787 0.00227809 -0.0246148 0.00502501 0.019813 -0.00354462 -0.0151358 0.0114039 -0.00131077 -0.000115425 0.0120245 -5.83538e-05 -0.00576584 0.0162659 0.0295921 -0.0264588 0.0327465 0.00811329 -0.0115854
internal_weight=6.5063 6.34245 0.783268 0.583115 0.147655 0.105463 0.0739498 0.435459 0.200153 0.188277 0.293471 5.55918 1.97241 0.182797 1.78962 0.461622 3.58677 0.705768 0.409386 0.240949 1.328 0.421786 0.266431 0.90621 0.155482 0.168437 0.131127 0.155355 0.083093 0.0546173
internal_count=99908 99222 10400 9972 2133 222 197 7839 428 425 7120 88822 2387 191 2196 776 86435 74782 759 377 1420 417 233 1003 149 382 100 184 216 119
is_linear=0
shrinkage=0.05


Tree=200
num_leaves=31
num_cat=0
split_feature=13 0 12 0 13 7 0 0 0 13 7 8 2 0 2 13 8 2 7 7 6 13 12 2 8 6 6 12 0 13
split_gain=0.149982 0.215402 0.117081 0.207102 0.250115 0.139606 0.10276 0.0607952 0.158005 0.0510199 0.0487287 0.0440531 0.0879442 0.321378 0.0570298 0.0339713 0.033845 0.0334779 0.0265525 0.0259808 0.0244497 0.0226739 0.0253521 0.0360621 0.0331304 0.0217973 0.0408085 0.0215345 0.0367552 0.0211306
threshold=1.0000000180025095e-35 0.91945946216583263 6.5000000000000009 0.81872946023941051 7.5000000000000009 0.94360822439193737 0.92390406131744396 0.8216732144355775 0.88273492455482494 2.5000000000000004 0.92380261421203624 0.2709790319204331 0.73214286565780651 0.98213717341423046 0.86607143282890331 6.5000000000000009 0.58957219123840343 0.77500000596046459 0.63658976554870617 0.71654227375984203 0.40879945456981664 27.500000000000004 1.5000000000000002 0.61250001192092907 0.098387096077203764 0.80866709351539623 0.55891487002372753 1.0000000180025095e-35 0.91024166345596325 37.500000000000007
decision_type=2 2 2 2 2 2 2 2 2 2 2 2 2 2 2 2 2 2 2 2 2 2 2 2 2 2 2 2 2 2
left_child=1 16 11 19 9 7 -3 -6 17 -5 -11 12 13 21 18 -14 -1 -9 -13 -4 -21 22 23 24 -2 26 -17 -23 -29 -30
right_child=2 6 3 4 5 -7 -8 8 -10 10 -12 14 15 -15 -16 25 -18 -19 -20 20 -22 27 -24 -25 -26 -27 -28 28 29 -31
leaf_value=0.025718857286599839 -0.047487951740589979 -0.10119544678572823 -0.022877837792493222 0.027979082600666456 0.10158509538981442 -0.016750644555852939 -0.0069738971722564025 0.026439484549998549 0.09348676942127164 -0.050221229309511728 0.00829078312716733 0.063648218904548637 -0.035797007304447508 -0.094655075356896046 0.047570393247977689 -0.00071394745900303701 -0.014726056674931647 -0.040990147687769207 0.0022433876952287104 0.061520588748828223 -0.00048413743188145068 -0.023881617989044313 -0.038791282677218757 -0.053823849412112684 0.041703631374412797 -0.068625984160787953 0.053077554931921261 -0.0022604924959650006 0.063335676777406508 0.011155683529218396
leaf_weight=0.083735438115246086 0.013526247199620756 0.11208411916021532 0.1381340116691534 0.068882702033662202 0.11109929539430219 0.052019023274851861 0.039008704165354402 0.082092818156409564 0.1308615744553876 0.080406483554269492 0.063828333139099414 0.017797575738165761 0.069104785802080904 0.12227469319904571 0.074716768307535264 2.6257782737453708 0.13531155269732764 0.023728077249700164 1.6285363097760961 0.016373503088569663 0.5483493440264362 0.057875831059757021 0.081773946131366071 0.022049720488135804 0.045216143550958265 0.011618551183346315 0.035738326952497235 0.18633706796880811 0.041012011222399281 0.036821307657021407
leaf_count=3091 7840 13 42809 85 43 49 415 380 47 161 43 63 3153 37 734 4649 333 67 2588 46 1707 688 23467 104 1432 3 31 5721 49 60
internal_value=-2.73184e-09 -0.0309436 0.00179354 0.0150834 0.0363258 0.0596457 -0.0768696 0.0710725 0.0567499 -0.0074215 -0.0243279 -0.00165535 -0.00499636 -0.0222193 0.00484618 -0.00118474 0.000734884 0.0113198 0.0029072 -0.00344078 0.00131362 -0.00394267 -0.019165 0.000699855 0.021166 -0.000289959 8.35437e-06 0.00374141 0.00979321 0.0386504
internal_weight=6.75609 0.37014 6.38595 1.31578 0.612918 0.399801 0.151093 0.347782 0.236682 0.213118 0.144235 5.07018 3.34913 0.606887 1.72105 2.74224 0.219047 0.105821 1.64633 0.702857 0.564723 0.484612 0.162566 0.0807921 0.0587424 2.67314 2.66152 0.322046 0.26417 0.0778333
internal_count=99908 3852 96056 45437 875 586 428 537 494 289 204 50619 47234 39398 3385 7836 3424 447 2651 44562 1753 39361 32843 9376 9272 4683 4680 6518 5830 109
is_linear=0
shrinkage=0.05


Tree=201
num_leaves=31
num_cat=0
split_feature=10 13 13 0 12 0 13 8 0 2 12 0 7 0 13 6 13 6 13 8 0 2 7 6 6 8 12 1 6 13
split_gain=0.0206295 0.0252262 0.0442648 0.0571344 0.0307298 0.0474762 0.0295383 0.02678 0.0223098 0.0203764 0.0193573 0.0663638 0.0385781 0.0438738 0.0378303 0.0406384 0.0280179 0.0234162 0.0220795 0.0219033 0.0441636 0.0524876 0.0620413 0.0519795 0.0223847 0.0222438 0.0210343 0.0205275 0.0191859 0.0637457
threshold=1.0000000180025095e-35 33.500000000000007 35.500000000000007 0.82009246945381176 1.0000000180025095e-35 0.94185259938240062 36.500000000000007 0.10960961133241655 0.86706829071044933 0.5634920895099641 1.0000000180025095e-35 0.98529094457626354 0.62345302104949962 0.94185259938240062 3.5000000000000004 0.76552855968475353 6.5000000000000009 0.55891487002372753 10.500000000000002 0.21240601688623431 0.89512962102890026 0.93750000000000011 0.5970856547355653 1.0000000180025095e-35 0.49358868598937994 0.32200460135936743 2.5000000000000004 0.88067796826362621 0.63191848993301403 1.0000000180025095e-35
decision_type=2 2 2 2 2 2 2 2 2 2 2 2 2 2 2 2 2 2 2 2 2 2 2 2 2 2 2 2 2 2
left_child=1 10 3 -3 6 7 -4 9 -5 -6 12 19 16 14 15 27 -1 18 -18 20 -12 23 -23 -22 25 26 -21 -14 29 -26
right_child=-2 2 4 8 5 -7 -8 -9 -10 -11 11 -13 13 -15 -16 -17 17 -19 -20 24 21 22 -24 -25 28 -27 -28 -29 -30 -31
leaf_value=-0.043626744684633401 0.0092907006314680764 -0.033023286813887345 -0.064006298111023749 0.093371643162322229 0.013799761462599215 0.053813116363751828 -0.0049684037773613026 0.023078031562003117 0.026567436007337866 -0.018204257469436588 -0.036844889169292773 -0.072806585055903067 -0.043263557630659331 0.051500513491612138 0.026461397092847189 -0.045693869056228457 -0.055888078134305789 0.049182856121352758 -0.00039433900745787417 0.028009414975354016 0.038231733547212182 -0.064686844108519756 0.053818247079117504 -0.046204627058213002 -0.071900487872366817 0.026902794551499989 -0.040723418419932822 0.059155474605013962 -0.0016658334674114963 -0.0065332582666507728
leaf_weight=0.037967920123501364 0.54607533815694331 0.017742965620353712 0.023898983075610447 0.035937808208164057 0.080095458020982613 0.057887179448734116 0.18668786394196513 0.1256263188709078 0.019161052437841164 0.13120597120205435 0.14480108539860781 0.035755370793879027 0.0066672250996607776 0.075443190178503983 0.098076969514577783 0.051763311028082626 0.018068382981268338 0.023641867106445225 2.2471255912751866 0.018271969576775127 0.088979535996259074 0.046706362388468925 0.014465027168625966 0.022922421424206973 0.042569684018378573 0.11772287410458304 0.028482351900382064 0.018377463919819093 1.6826013003150539 0.30110430179644343
leaf_count=4220 2298 952 40 63 5111 96 817 1180 101 1303 69949 69 56 337 255 56 1715 46 3344 97 27 1284 2 898 96 147 473 24 2869 1983
internal_value=4.25474e-10 -0.000874764 0.00818668 0.0450112 0.00375596 0.0119831 -0.0116685 0.00479628 0.07014 -0.00607288 -0.00207477 -0.00516842 0.000979559 0.0196304 0.00588197 -0.0203961 -0.00102698 -0.000320321 -0.000836986 -0.00420438 -0.0164696 0.0005773 -0.0366643 0.0209355 -0.00242471 0.015315 -0.0138621 0.0318902 -0.00386468 -0.0146301
internal_weight=6.34583 5.79976 0.678244 0.0728418 0.605402 0.394815 0.210587 0.336928 0.0550989 0.211301 5.12151 2.54438 2.57713 0.250328 0.174885 0.076808 2.3268 2.28884 2.26519 2.50863 0.317874 0.173073 0.0611714 0.111902 2.19075 0.164477 0.0467543 0.0250447 2.02628 0.343674
internal_count=99908 97610 9663 1116 8547 7690 857 7594 164 6414 87947 77894 10053 728 391 136 9325 5105 5059 77825 72160 2211 1286 925 5665 717 570 80 4948 2079
is_linear=0
shrinkage=0.05


Tree=202
num_leaves=31
num_cat=0
split_feature=10 5 6 1 13 12 0 1 1 0 0 2 0 0 0 13 12 0 2 2 13 13 13 12 13 0 0 4 0 12
split_gain=0.0188891 0.0140754 0.0226399 0.0233662 0.0183141 0.0211441 0.0157741 0.0150887 0.014524 0.0161861 0.0143919 0.0139904 0.0147207 0.022799 0.0211377 0.0134948 0.0231907 0.0365959 0.0231001 0.0352236 0.0176114 0.0159436 0.015538 0.0152549 0.0144131 0.0156623 0.0170112 0.0153806 0.0142136 0.0572244
threshold=1.0000000180025095e-35 1.0000000180025095e-35 0.93728145956993114 0.86616915464401256 4.5000000000000009 8.5000000000000018 0.92907443642616283 0.94570022821426403 0.82807883620262157 0.65733855962753307 0.81120249629020702 0.77500000596046459 0.8019607961177827 0.78319624066352855 0.68801230192184459 33.500000000000007 1.0000000180025095e-35 0.94185259938240062 0.77500000596046459 0.73214286565780651 106.50000000000001 35.500000000000007 73.500000000000014 25.500000000000004 61.500000000000007 0.60814526677131664 0.61620295047760021 1.0000000180025095e-35 0.87570226192474376 8.5000000000000018
decision_type=2 2 2 2 2 2 2 2 2 2 2 2 2 2 2 2 2 2 2 2 2 2 2 2 2 2 2 2 2 2
left_child=15 2 3 10 8 -6 -5 -4 9 -3 -2 12 13 14 -7 28 20 18 19 22 -17 -21 24 -24 25 -18 -27 -28 -1 -30
right_child=1 4 7 6 5 11 -8 -9 -10 -11 -12 -13 -14 -15 -16 16 17 -19 -20 21 -22 -23 23 -25 -26 26 27 -29 29 -31
leaf_value=-0.0053963176121360366 -0.02243544150918262 0.050757588201333671 -0.047765933229301893 0.045848193867285163 0.016209973769133187 -0.03229153701275423 -0.034737662817623069 0.017075082252352613 0.045343562208200849 -0.011277020830776524 0.054243985213184347 -0.050255151783763177 0.051053158153386624 -0.057690930825859292 0.047605675245646219 -0.010446727341885363 -0.052146319621589388 0.05180113422985038 -0.034823965571613921 0.085676990463731784 0.054088739293242198 0.029256044301047508 -0.043313989597222095 0.068880144312306379 0.03225801420211772 0.057782008902279053 -0.03709461495436564 0.0067314840989033042 -0.00050199206011599024 0.061969661300466154
leaf_weight=1.7287578944271231 0.049125985303299591 0.015754039547969834 0.03691516625872282 0.042285894734128249 0.18716499483315108 0.0151666458061821 0.0070907547291163544 0.011852789222245974 0.06864891370715398 0.031620074546864885 0.0069899646092608228 0.02024402291590377 0.010669345865608193 0.018655351499091921 0.018226318282273724 0.20962013883284258 0.012685771064619655 0.052652982324218556 0.029973254687853057 0.017311936812937745 0.011132954503409564 0.045246351245353367 0.026676623369515706 0.0034179662766291577 0.047455551189057088 0.014247032390238168 0.023049294896540506 0.15228278371390402 3.2694837101973486 0.037072496382826503
leaf_count=78463 681 31 51 124 635 59 23 76 495 42 12 12 10 9 38 970 2218 99 65 10 3 83 440 3 712 152 1494 3414 9449 35
internal_value=9.10408e-09 0.00893268 -0.00383432 0.00918942 0.0140329 0.0068966 0.0342756 -0.0320067 0.0306477 0.0093523 -0.012884 -0.0141148 -0.00244937 -0.0134168 0.0113174 -0.00084971 0.00595515 0.0127841 0.00726674 0.0109516 -0.00719209 0.0448696 0.00336855 -0.0305716 0.00745879 0.00164038 0.00523954 0.00097007 -0.0017224 0.000198429
internal_weight=6.22148 0.54041 0.154261 0.105493 0.38615 0.270127 0.0493766 0.048768 0.116023 0.0473741 0.0561159 0.0829617 0.0627177 0.0520483 0.033393 5.68107 0.645753 0.425 0.372347 0.342373 0.220753 0.0625583 0.279815 0.0300946 0.24972 0.202265 0.189579 0.175332 5.03531 3.30656
internal_count=99908 2298 967 840 1331 763 147 127 568 73 693 128 116 106 97 97610 9663 8690 8591 8526 973 93 8433 443 7990 7278 5060 4908 87947 9484
is_linear=0
shrinkage=0.05


Tree=203
num_leaves=31
num_cat=0
split_feature=10 0 8 7 13 8 12 12 0 0 8 7 6 8 8 12 12 6 1 5 13 6 6 12 8 1 1 12 13 8
split_gain=0.0182262 0.0131735 0.0131243 0.0125161 0.0107439 0.0170279 0.0110154 0.0115521 0.0104404 0.00979879 0.0137701 0.0143605 0.0172847 0.0184859 0.0135068 0.0115723 0.0112232 0.0144339 0.0177082 0.0108284 0.02062 0.00967568 0.022547 0.00957422 0.0095043 0.0092826 0.0177065 0.0373698 0.0256865 0.0219089
threshold=1.0000000180025095e-35 0.88273492455482494 0.94281044602394115 0.5970856547355653 67.500000000000014 0.10960961133241655 16.500000000000004 24.500000000000004 0.6832355558872224 0.43693181872367864 0.8441295623779298 0.95101958513259899 0.71241438388824474 0.73030304908752453 0.34698997437953955 4.5000000000000009 3.5000000000000004 0.93728145956993114 0.86616915464401256 1.0000000180025095e-35 6.5000000000000009 0.846389800310135 0.78696113824844371 17.500000000000004 0.89181286096572887 0.84680575132370006 0.83047896623611461 1.5000000000000002 2.5000000000000004 0.3717105239629746
decision_type=2 2 2 2 2 2 2 2 2 2 2 2 2 2 2 2 2 2 2 2 2 2 2 2 2 2 2 2 2 2
left_child=2 9 4 -3 6 -6 25 8 -8 -2 11 12 14 21 -11 24 17 18 -13 -18 -21 22 -14 -10 -12 26 29 28 -28 -1
right_child=1 3 -4 -5 5 -7 7 -9 23 10 15 16 13 -15 -16 -17 19 -19 -20 20 -22 -23 -24 -25 -26 -27 27 -29 -30 -31
leaf_value=-0.019339420140452479 -0.045245619336622148 -0.032236702937128818 0.050313880209829999 0.037227934583058439 0.0040859862331928311 0.044985832158913303 -0.052736292716484848 0.018883336538705237 -0.039581270445659483 0.0091670709985398734 -0.017343335992178906 -0.011007171658967601 0.04796132011796353 -0.021195433847287781 -0.039385080201749863 0.050152934669983551 -0.044703076357790868 -0.019354025188547081 0.054741594394880744 0.030285707179072408 -0.028740102560297867 0.038427347348831895 -0.011600973772279297 0.044220634591648156 0.051424229301290696 -0.00035440035983638134 -0.050903807234557098 -0.05061807726702048 0.027750441272899513 0.0035878307523008559
leaf_weight=0.14486754669028645 0.0091785782594403509 0.0072768979810469139 0.012516460208921276 0.059554879789448734 0.14793848614432636 0.030735258238205887 0.029193880522521254 0.012437145387287796 0.0071772282978392887 0.03347800644844523 0.01630973016290227 0.018062151400499715 0.026672318321516286 0.023501346826378722 0.025037191142544657 0.031537294117590875 0.028518978261445227 0.029660758267027632 0.023650131219824289 0.02298874683071972 0.04151761605635329 0.078896791418713974 0.039298953829302263 0.0064904181364755509 0.0072615499771728756 4.7530826610875527 0.014217558180161127 0.062649177443957593 0.038457237088426854 0.37115088731193913
leaf_count=62847 194 13 100 723 729 124 6272 1000 89 617 21 25 71 15 52 137 34 28 31 28 47 136 60 141 66 22714 46 1945 410 1193
internal_value=6.79819e-09 0.00893409 -0.000828843 0.0296644 -0.000942777 0.0111215 -0.00133904 -0.0235412 -0.0358515 0.00589298 0.00694447 0.0036488 0.0118025 0.0199383 -0.0116072 0.0303445 -0.00760408 0.00731057 0.0262712 -0.0190472 -0.00770451 0.0266113 0.0124802 0.000214126 0.00384173 -0.00111102 -0.00680729 -0.0245196 0.00652072 -0.00284879
internal_weight=6.15332 0.522402 5.63091 0.0668318 5.6184 0.178674 5.43972 0.0552987 0.0428615 0.45557 0.446392 0.391283 0.226885 0.168369 0.0585152 0.0551086 0.164398 0.071373 0.0417123 0.0930253 0.0645064 0.144868 0.0659713 0.0136676 0.0235713 5.38443 0.631342 0.115324 0.0526748 0.516018
internal_count=99908 2298 97610 736 97510 853 96657 7502 6502 1562 1368 1144 951 282 669 224 193 84 56 109 75 267 131 230 87 89155 66441 2401 456 64040
is_linear=0
shrinkage=0.05


Tree=204
num_leaves=31
num_cat=0
split_feature=10 0 8 7 11 13 13 13 12 13 6 7 1 0 1 7 1 8 1 8 0 7 7 8 13 8 13 7 0 0
split_gain=0.0181605 0.0121919 0.0121597 0.0108166 0.00920692 0.0114784 0.0179107 0.0129926 0.0291762 0.0124962 0.0122581 0.0118418 0.0152484 0.0115147 0.0106609 0.0298816 0.017148 0.0365548 0.0186142 0.0298966 0.0165942 0.0149263 0.0149489 0.0231385 0.0194757 0.019067 0.0171895 0.0254558 0.0159617 0.015651
threshold=1.0000000180025095e-35 0.88273492455482494 0.94281044602394115 0.5970856547355653 1.0000000180025095e-35 49.500000000000007 45.500000000000007 41.500000000000007 2.5000000000000004 39.500000000000007 0.49358868598937994 0.87198767066001903 0.90259328484535228 0.70438539981842052 0.85145786404609691 0.55342859029769909 0.83438816666603099 0.68585526943206798 0.81892696022987377 0.64495798945426952 0.836786448955536 0.55705243349075328 0.96794739365577709 0.67543861269950878 1.0000000180025095e-35 0.61721614003181469 2.5000000000000004 0.85798320174217235 0.65733855962753307 0.63859337568283092
decision_type=2 2 2 2 2 2 2 2 2 2 2 2 2 2 2 2 2 2 2 2 2 2 2 2 2 2 2 2 2 2
left_child=2 -2 4 -3 -1 6 7 9 -9 14 -8 12 13 -7 15 -6 18 20 21 -20 -18 -17 23 24 -23 26 27 -26 -29 -24
right_child=1 3 -4 -5 5 11 10 8 -10 -11 -12 -13 -14 -15 -16 16 17 -19 19 -21 -22 22 29 -25 25 -27 -28 28 -30 -31
leaf_value=-0.054754116078288298 0.0061244354188490745 -0.029852718872602931 0.049981459302146473 0.036577584915034565 -0.047720726257821755 0.018891908286091465 -0.038046973327800826 -0.016487635410783959 0.04677820958995775 -0.035643286925778332 0.042807372653235913 0.036620941250872473 0.010067014033937245 -0.044098768083643602 -0.00036528137109713275 0.072488739422407966 -0.053408841544973863 0.031339019243646259 0.041353782743727391 -0.040142035925520389 0.006350099934237111 -0.052895975266957801 -0.0066472854368265707 -0.041082099043509845 -0.044969222980989675 0.031394018817843962 -0.013696098397050233 -0.0066546250337182191 0.058481346236382015 0.044520470518704246
leaf_weight=0.0079322599822385653 0.43922066015209527 0.0068622765794188459 0.011755353890975928 0.057243962443504159 0.042718273737782142 0.010288802393312646 0.048213419387703627 0.031893790249907794 0.042516421903915802 0.026477483885619324 0.0051925101708407686 0.033932625935818805 0.2186928565362467 0.024604806353922815 4.5225763801809675 0.0062003796419490267 0.057337910238882905 0.022814083786215633 0.05263571355050356 0.014313907209725585 0.014568535343641997 0.019301404128057698 0.031866457035505391 0.050160155274340923 0.012311658042605256 0.039114977961446584 0.18148866696075888 0.014122111900398693 0.028160271831438877 0.028143750142589852
leaf_count=349 1562 13 100 723 60534 1260 1018 352 977 794 62 57 846 1155 21910 194 120 16 159 10 21 342 45 62 1085 51 5995 50 12 34
internal_value=6.82154e-09 0.0090974 -0.000817762 0.0294665 -0.000924636 -0.000848109 -0.00137671 -0.00108302 0.0196611 -0.00138191 -0.0301857 0.00888137 0.00516951 -0.0255252 -0.00120534 -0.00738039 -0.00437053 -0.0238055 -0.000517836 0.0239299 -0.0413014 -0.0045015 -0.00568115 -0.00969112 -0.00434449 -0.000939262 -0.00629635 0.0183029 0.0367262 0.0173495
internal_weight=6.10266 0.503327 5.59933 0.0641062 5.58758 5.57965 5.29213 5.23872 0.0744102 5.16431 0.0534059 0.287519 0.253586 0.0348936 5.13783 0.615258 0.57254 0.0947205 0.477819 0.0669496 0.0719064 0.41087 0.404669 0.344659 0.294499 0.275198 0.236083 0.054594 0.0422824 0.0600102
internal_count=99908 2298 97610 736 97510 97161 93843 92763 1329 91434 1080 3318 3261 2415 90640 68730 8196 157 8039 169 141 7870 7676 7597 7535 7193 7142 1147 62 79
is_linear=0
shrinkage=0.05


Tree=205
num_leaves=31
num_cat=0
split_feature=10 5 6 1 8 12 13 0 1 1 12 6 6 0 8 8 1 13 7 12 0 7 12 6 0 0 6 12 2 0
split_gain=0.0168253 0.0116179 0.0179013 0.0200646 0.0160745 0.0164788 0.0230709 0.015755 0.0143104 0.0130381 0.0151516 0.0150571 0.0194758 0.0126119 0.0114167 0.0109236 0.01028 0.00978825 0.00961399 0.00957809 0.00908644 0.00865343 0.0242219 0.0311427 0.0218762 0.0303361 0.0245761 0.0208533 0.0197558 0.0166386
threshold=1.0000000180025095e-35 1.0000000180025095e-35 0.93728145956993114 0.86616915464401256 0.84807693958282482 8.5000000000000018 6.5000000000000009 0.94804319739341747 0.94570022821426403 0.89825496077537548 4.5000000000000009 0.90125367045402538 0.80866709351539623 0.81120249629020702 0.94281044602394115 0.35504202544689184 0.88067796826362621 5.5000000000000009 0.5970856547355653 5.5000000000000009 0.78319624066352855 0.94360822439193737 5.5000000000000009 0.6157280206680299 0.86240702867507946 0.77232852578163158 0.90125367045402538 2.5000000000000004 0.6904762089252473 0.7897985875606538
decision_type=2 2 2 2 2 2 2 2 2 2 2 2 2 2 2 2 2 2 2 2 2 2 2 2 2 2 2 2 2 2
left_child=14 2 3 13 5 9 16 -5 -4 10 11 12 15 -2 21 -3 -7 -10 -11 -20 -8 -1 24 -24 25 27 -26 -23 -28 -27
right_child=1 4 8 7 -6 6 20 -9 17 18 -12 -13 -14 -15 -16 -17 -18 -19 19 -21 -22 22 23 -25 26 29 28 -29 -30 -31
leaf_value=-0.0015905094307772209 -0.021105345285745258 0.029246740657842475 -0.046221136893622811 0.045269987626561259 0.043047119100293671 -0.016357192514843567 -0.0018235754068016273 -0.041581373540467592 0.050872201725406324 -0.02484121202655434 0.043750641568616605 -0.024238406645222248 0.048822251752486494 0.053979480097178949 0.049710926674760639 -0.021853423903213931 0.041109613527553379 -0.052526328334962562 0.050669643236207984 0.016481418484579246 -0.045789988313035837 0.034818794393162954 0.037195677089484895 -0.014073635777255542 0.044611685550333312 -0.047828664993506222 0.036510564074351125 -0.0077322624950351589 -0.031566253587613426 -0.003526432599808164
leaf_weight=4.921978034616572 0.046749797168409102 0.01542655311633867 0.033035484688980432 0.03831427693977929 0.041022065766393112 0.011569689557826113 0.01821090923227997 0.0060455293015557734 0.0076290280127295773 0.0069874690171900502 0.023475432158525322 0.041876320999762129 0.025317621530575707 0.0063525686446155296 0.011168388912046967 0.032473246526933508 0.023771960938308467 0.0032698596578484285 0.048406655823303169 0.035518270067314006 0.03313049476219021 0.08291724402664602 0.034253538221037161 0.21895099223324621 0.087473043597583455 0.030035370472432987 0.019097654051932977 0.044111434260528881 0.024112506213214147 0.071994926566048889
leaf_count=96690 681 86 51 129 308 24 70 18 71 16 68 40 39 12 100 24 36 5 545 54 21 99 39 218 211 13 47 80 41 72
internal_value=-2.61308e-09 0.00879812 -0.00333277 0.00861199 0.0136003 0.00977957 -0.00879348 0.0334335 -0.0298305 0.0167952 0.00714183 -0.000325189 0.0133519 -0.012123 -0.000790937 -0.00539617 0.0222969 0.0198508 0.031509 0.0362007 -0.030195 -0.00089284 0.00470947 -0.00713792 0.0130482 0.00373511 0.0293721 0.0200427 -0.00147825 -0.016568
internal_weight=6.04468 0.498583 0.141397 0.0974622 0.357187 0.316165 0.0866831 0.0443598 0.0439344 0.229482 0.138569 0.115094 0.0732174 0.0531024 5.54609 0.0478998 0.0353417 0.0108989 0.0909124 0.0839249 0.0513414 5.53492 0.612947 0.253205 0.359742 0.229059 0.130683 0.127029 0.0432102 0.10203
internal_count=99908 2298 967 840 1331 1023 151 147 127 872 257 189 149 693 97610 110 60 76 615 599 91 97510 820 257 563 264 299 179 88 85
is_linear=0
shrinkage=0.05


Tree=206
num_leaves=31
num_cat=0
split_feature=10 0 7 12 6 1 8 0 12 0 6 12 6 6 8 13 8 13 8 0 0 2 7 8 1 0 0 6 13 0
split_gain=0.0172454 0.0111205 0.0108984 0.0203663 0.0259252 0.0191294 0.0155439 0.0151365 0.0169422 0.0163579 0.0147453 0.0222982 0.0134998 0.0136018 0.0152419 0.0174971 0.0117516 0.0549614 0.0367903 0.0169754 0.0509893 0.0314036 0.0246461 0.0280785 0.0268956 0.0202153 0.0197979 0.0255199 0.017866 0.0172555
threshold=1.0000000180025095e-35 0.88273492455482494 0.94360822439193737 5.5000000000000009 0.6157280206680299 0.90366768836975109 0.76330533623695385 0.77232852578163158 2.5000000000000004 0.836786448955536 0.90125367045402538 2.5000000000000004 0.93728145956993114 0.90125367045402538 0.56385868787765514 2.5000000000000004 0.71008405089378368 1.5000000000000002 0.69615384936332714 0.82009246945381176 0.8216732144355775 0.36931818723678594 0.90976935625076305 0.61721614003181469 0.84028983116149913 0.5604878067970277 0.84877073764801036 0.69670170545578014 5.5000000000000009 0.83910790085792553
decision_type=2 2 2 2 2 2 2 2 2 2 2 2 2 2 2 2 2 2 2 2 2 2 2 2 2 2 2 2 2 2
left_child=2 -2 6 5 -5 7 16 8 -4 -9 -7 -12 13 14 -6 -16 18 -18 19 22 -21 -22 23 -1 25 -24 27 29 -29 -23
right_child=1 -3 3 4 12 10 -8 9 -10 -11 11 -13 -14 -15 15 -17 17 -19 -20 20 21 26 24 -25 -26 -27 -28 28 -30 -31
leaf_value=-0.005631044069006338 0.0062449418833368676 0.029406528381554383 0.030286582852129474 0.035362813434558417 -0.054612117518235553 0.037394105271476179 0.054369242891619485 -0.027809276335928071 -0.0099027244845492825 0.019628299041780151 0.048819799444667911 -0.019331854593300644 0.015606102219154264 -0.05023238925203647 0.024465223287985949 -0.016228119374024269 -0.056393220341343468 0.02072348611431063 0.053737310218830894 0.068490442781385039 0.031268717106526726 0.017351512190778479 -0.042866316321673203 0.047844371042429557 -0.038081091795336398 0.021120001815270503 -0.00059223217111674181 -0.0057422111942958586 -0.051003514712008369 -0.036269738659917609
leaf_weight=0.7061678463422173 0.41878877674740866 0.059142062986648369 0.069186402185067553 0.034140576423823177 0.018124533500390783 0.10320131849181635 0.012385978706333733 0.058197927968876684 0.042229483373994015 0.026423880688980717 0.01859630084307895 0.033846889787014334 0.038199784007076687 0.026455115715862121 0.035439760849016011 0.10373842424479562 0.048112778130643963 0.044451052661315771 0.0300929448262649 0.026773421525279395 0.075071342752076275 0.057587871200131313 0.017291279433052864 0.025431452009513578 0.12016339860269909 0.043140297862834132 3.5823013904925256 0.033550608155678674 0.062267401244753273 0.02028972840885368
leaf_count=82463 1562 736 67 47 26 287 8 37 70 50 82 39 47 32 38 98 29 34 9 170 1119 1094 121 22 71 84 10807 29 26 604
internal_value=-3.20187e-09 0.0091111 -0.000789879 0.00552569 -0.00519997 0.0133362 -0.00157243 0.00294559 0.0150538 -0.0129965 0.0264235 0.00483465 -0.0114392 -0.0170614 -0.0114827 -0.00586613 -0.00171405 -0.0193602 -0.00137377 -0.00172145 -0.000271038 -0.000751578 -0.00785551 -0.00377216 -0.0243974 0.0028116 -0.00139157 -0.0178771 -0.0351553 0.00338138
internal_weight=5.99079 0.477931 5.51286 0.60778 0.256098 0.351682 4.90508 0.196038 0.111416 0.0846218 0.155645 0.0524432 0.221958 0.183758 0.157303 0.139178 4.89269 0.0925638 4.80013 4.77004 3.85784 3.83107 0.912194 0.731599 0.180595 0.0604316 3.756 0.173696 0.095818 0.0778776
internal_count=99908 2298 97610 920 288 632 96690 224 137 87 408 121 241 194 162 136 96682 63 96619 96610 13849 13679 82761 82485 276 205 12560 1753 55 1698
is_linear=0
shrinkage=0.05


Tree=207
num_leaves=31
num_cat=0
split_feature=7 2 6 0 0 13 6 1 8 2 7 13 8 8 7 1 1 1 1 13 1 7 13 7 0 8 8 13 6 13
split_gain=0.0173452 0.0334206 0.0229925 0.022061 0.0187779 0.0430711 0.037817 0.0359016 0.0448558 0.0358088 0.0355353 0.0258039 0.0228253 0.0314398 0.02592 0.0214168 0.0204177 0.0190422 0.0206168 0.0217515 0.0192411 0.0233863 0.019593 0.0167659 0.0179495 0.0160221 0.0149144 0.0275545 0.0181406 0.0453425
threshold=0.89753684401512157 0.84523808956146251 0.53863716125488292 0.68457102775573742 0.88273492455482494 5.5000000000000009 0.90125367045402538 0.93643954396247875 0.48913043737411505 0.77500000596046459 0.95101958513259899 1.0000000180025095e-35 0.63961037993431102 0.31009615957736975 0.92380261421203624 0.84028983116149913 0.81892696022987377 0.96824595332145702 0.93908473849296581 1.0000000180025095e-35 0.87585616111755382 0.95904389023780834 4.5000000000000009 0.96794739365577709 0.78007438778877269 0.61721614003181469 0.55902779102325451 1.0000000180025095e-35 0.78696113824844371 6.5000000000000009
decision_type=2 2 2 2 2 2 2 2 2 2 2 2 2 2 2 2 2 2 2 2 2 2 2 2 2 2 2 2 2 2
left_child=26 2 3 -2 9 7 -7 -6 -9 12 -10 -12 13 -4 -14 16 25 18 19 -16 21 -21 -23 -22 -25 -15 28 -28 -1 -30
right_child=1 -3 4 -5 5 6 -8 8 10 -11 11 -13 14 15 17 -17 -18 -19 -20 20 23 22 -24 24 -26 -27 27 -29 29 -31
leaf_value=-0.0010776635317922764 -0.015346129938332906 0.047160651965614753 0.054918905669644413 0.040429610136137516 0.033341254649843596 0.05368678190183275 -0.014951448346235208 0.022902160825407365 -0.040424688259059011 -0.031526130564719389 -0.040494657184117953 0.048924476523124712 0.041755747246808084 -0.013771027602400799 -0.030196588794796919 -0.024338239604240343 0.043850091056626218 0.014195655418402212 -0.044209607549791363 -0.020496217288817318 0.050812746228613731 0.035641059077358768 -0.0014281110317885171 0.047652172726349466 -0.016852041925506735 0.051880966860665602 -0.048261817658079104 0.038648270098207857 -0.0023323399913429996 -0.043361817915079759
leaf_weight=3.8040760746588607 0.023439807772575594 0.044215604632126815 0.017737387538047988 0.072761921965593501 0.064274114601094001 0.084951432769351243 0.026274176076583444 0.071475279575679451 0.10465703392924297 0.091508666418576357 0.01243493088074743 0.022973577877060336 0.047173475768715889 0.094703506291786255 0.052218970362169159 0.18629875381350303 0.023928926372263959 0.26064176272372563 0.02819384011195325 0.10594495598959952 0.036453882388741476 0.050226270443886278 0.12279732304357083 0.016588532106879939 0.030826737978486562 0.010304301323003529 0.011154905098919587 0.049992594179229854 0.25996640972792295 0.090875730486610351
leaf_count=96493 45 616 16 91 93 153 60 15 69 56 48 72 39 336 121 150 15 324 20 107 25 67 142 32 22 24 13 100 407 137
internal_value=-1.27139e-09 0.00425871 0.00311514 0.0268397 0.00165452 0.011207 0.0374728 0.000614949 -0.00932854 -0.00149054 -0.0257758 0.0175218 0.0010449 -0.0098517 0.00587573 -0.0134962 0.00216942 0.00347112 -0.00283516 -2.46915e-05 0.0043176 -0.00199564 0.00933254 0.0253169 0.00571517 -0.00732867 -0.00172023 0.0227936 -0.002081 -0.0129599
internal_weight=5.91907 1.70301 1.65879 0.0962017 1.56259 0.387041 0.111226 0.275815 0.211541 1.17555 0.140066 0.0354085 1.08404 0.332973 0.751066 0.315235 0.128937 0.703892 0.443251 0.415057 0.362838 0.278969 0.173024 0.0838692 0.0474153 0.105008 4.21607 0.0611475 4.15492 0.350842
internal_count=99908 2758 2142 136 2006 510 213 297 204 1496 189 120 1440 541 899 525 375 860 536 516 395 316 209 79 54 360 97150 113 97037 544
is_linear=0
shrinkage=0.05


Tree=208
num_leaves=31
num_cat=0
split_feature=8 13 8 2 8 0 6 7 0 6 6 6 2 0 8 7 12 12 12 13 8 13 0 2 0 12 7 5 7 2
split_gain=0.0166582 0.0200854 0.0168887 0.0145517 0.0143597 0.0170096 0.0132274 0.0122665 0.0221305 0.0120698 0.013184 0.0203004 0.0241067 0.0261775 0.0143082 0.0135417 0.0120054 0.0158033 0.0109948 0.010849 0.0237376 0.0269597 0.020153 0.0204498 0.0175924 0.0153098 0.0123543 0.0197478 0.0104498 0.0230809
threshold=0.61721614003181469 1.0000000180025095e-35 0.58578431606292736 0.84523808956146251 0.74342104792594921 0.76506900787353527 0.86501669883728038 0.92380261421203624 0.7897985875606538 0.5427464246749879 0.60041153430938732 0.66821706295013439 0.77500000596046459 0.87298336625099193 0.81534090638160717 0.9765610694885255 13.500000000000002 24.500000000000004 26.500000000000004 11.500000000000002 0.78019323945045482 9.5000000000000018 0.84273937344551098 0.57738095521926891 0.71248623728752147 2.5000000000000004 0.9765610694885255 1.0000000180025095e-35 0.92380261421203624 0.77500000596046459
decision_type=2 2 2 2 2 2 2 2 2 2 2 2 2 2 2 2 2 2 2 2 2 2 2 2 2 2 2 2 2 2
left_child=2 4 16 7 -2 6 -6 8 -3 -9 -11 -12 13 14 19 -16 28 -18 -19 20 21 22 23 24 25 -13 27 -21 -1 -30
right_child=1 3 -4 -5 5 -7 -8 9 -10 10 11 12 -14 -15 15 -17 17 18 -20 26 -22 -23 -24 -25 -26 -27 -28 -29 29 -31
leaf_value=-0.0011978775860135476 -0.026953508451974518 0.049217823792683385 -0.030456841724342487 0.050628469088833561 0.052536312435160673 0.034458011207022271 -0.035232369022945915 0.048404090528127663 0.001330282550840388 -0.019931807562783444 0.037522416923194926 0.050423935036561507 -0.025561834175726675 0.033739885167684586 0.049180306633381583 0.0093084161121941549 -0.030318707694833049 0.053086686322273868 -0.047740889031384195 0.033361442625753503 -0.041360928768860251 -0.042769395213873178 -0.022018813789856845 0.025809576296367567 -0.025832770277307394 -0.0034852165184832669 0.048341792438575747 -0.021657923480695691 0.0028561062145774328 0.045140731519679601
leaf_weight=4.3809874381203695 0.075280116419818688 0.046042468158589145 0.049051450000959451 0.019774306309486178 0.0051975955769307794 0.027681755082078041 0.024657868794136562 0.015930902102695654 0.050684675555828562 0.051863126872149223 0.048210197792371901 0.019610492876267926 0.062881280146214635 0.079483008569809499 0.027403852470342827 0.095528408869995474 0.066539939189410591 0.010694423864861968 0.0036186113108227511 0.030723415278316679 0.039721466467653954 0.033532525662508306 0.056780169855585427 0.11733671815181879 0.050690337100604665 0.040100701346815981 0.020857644165801048 0.03476154689269606 0.21041197619367569 0.038118586288632628
leaf_count=82632 107 48 87 387 22 221 100 32 52 32 44 21 63 279 31 169 13823 361 665 26 30 27 43 55 45 67 34 24 288 93
internal_value=-3.6921e-09 0.0056224 -0.00126961 0.00818913 -0.0125804 0.00622494 -0.0199525 0.00727907 0.0241249 0.00530497 0.00445677 0.00612629 0.00399267 0.00686713 0.00310038 0.0181966 -0.000965668 -0.0200664 0.0275955 -0.00107829 -0.00491736 -0.000365917 0.00463164 0.0112762 -0.00417017 0.0142198 0.0148294 0.00415537 -0.00063208 0.00934155
internal_weight=5.83416 1.07473 4.75942 0.941917 0.132817 0.0575372 0.0298555 0.922143 0.0967271 0.825416 0.809485 0.757622 0.709412 0.64653 0.567047 0.122932 4.71037 0.080853 0.014313 0.444115 0.357772 0.318051 0.284518 0.227738 0.110402 0.0597112 0.0863426 0.065485 4.62952 0.248531
internal_count=99908 1959 97949 1509 450 343 122 1122 100 1022 990 958 914 851 572 200 97862 14849 1026 372 288 258 231 188 133 88 84 50 83013 381
is_linear=0
shrinkage=0.05


Tree=209
num_leaves=31
num_cat=0
split_feature=10 5 8 1 1 1 12 13 1 12 0 8 13 8 1 7 12 0 12 0 13 13 12 0 8 7 2 13 7 12
split_gain=0.0168264 0.0111165 0.0128924 0.0124832 0.0188279 0.0201157 0.0123404 0.0188535 0.0112654 0.0121485 0.0106979 0.00994805 0.0187958 0.0187868 0.016341 0.0169523 0.0231786 0.0153661 0.0297964 0.0248628 0.0178473 0.0297025 0.0292916 0.038348 0.0371278 0.025214 0.0215309 0.0259134 0.019608 0.0199155
threshold=1.0000000180025095e-35 1.0000000180025095e-35 0.84807693958282482 0.95713412761688244 0.93908473849296581 0.855400711297989 8.5000000000000018 6.5000000000000009 0.89825496077537548 4.5000000000000009 0.57735043764114391 0.63961037993431102 1.0000000180025095e-35 0.74342104792594921 0.87585616111755382 0.96794739365577709 4.5000000000000009 0.87895438075065624 8.5000000000000018 0.88273492455482494 2.5000000000000004 32.500000000000007 1.5000000000000002 0.81872946023941051 0.48913043737411505 0.70620205998420726 0.64583334326744091 36.500000000000007 0.55013227462768566 4.5000000000000009
decision_type=2 2 2 2 2 2 2 2 2 2 2 2 2 2 2 2 2 2 2 2 2 2 2 2 2 2 2 2 2 2
left_child=11 3 6 4 5 -2 8 -8 9 -3 -5 17 13 -13 -14 16 -16 20 19 -19 25 22 24 -24 -22 -1 -23 -28 29 -29
right_child=1 2 -4 10 -6 -7 7 -9 -10 -11 -12 12 14 -15 15 -17 -18 18 -20 -21 21 26 23 -25 -26 -27 27 28 -30 -31
leaf_value=-0.049224811190704813 -0.01952908593008704 0.00078283385151835944 0.042160707034018544 -0.043395706815585779 -0.053159494951899235 0.02899744154611214 0.02288341563520745 -0.026968206386452781 0.031363146028527501 0.042719793147475968 0.050763411291444432 -0.029038130075880554 -0.0037263771550958371 0.020557474916673701 0.048137777453726008 0.0016672516129202877 0.012843240393605633 0.051940757930155769 0.061728741698125124 -0.00052328331317792363 -0.0088955312531162796 -0.0051620328343332678 -0.010060949175462387 -0.036372999494024498 0.046558942597096233 0.0099947189678992569 0.068079592138355891 0.04800961960804806 0.037969141342002272 -0.034463057303406937
leaf_weight=0.019427416636962014 0.052663162320366941 0.10603640012659854 0.036565205844521387 0.003706515152288147 0.020372184640905289 0.035923499624246347 0.03238388763134048 0.045773435988050171 0.082412871419526468 0.020628723696503481 0.016205841241827557 0.070040443868826574 0.1877807723127205 0.026250985555979156 0.065386020589315308 0.1573994437552706 0.1611951000929821 0.022737938335743446 0.019560262310683529 3.2975919928414608 0.12243522337639379 0.1841506293446511 0.40321775162888696 0.21090662591115117 0.040058659771062821 0.24030317823092195 0.024771504801492483 0.0096488758056096913 0.031980494156300665 0.030327771717093555
leaf_count=13921 712 189 308 18 18 82 60 91 615 68 137 95 213 92 133 318 69 153 26 9665 8057 9070 52922 1966 62 549 46 91 21 141
internal_value=-1.36731e-10 0.00925461 0.0141977 -0.00316542 -0.00981792 0.000149302 0.010638 -0.00631257 0.0169745 0.0076127 0.0332365 -0.000786698 0.00491922 -0.0155174 0.00836098 0.0142722 0.0230284 -0.0016052 0.000198474 -0.000164005 -0.00617849 -0.00906284 -0.0141023 -0.0190972 0.00477533 0.0055652 0.00487101 0.0239718 0.0087875 -0.0145572
internal_weight=5.77784 0.452672 0.323801 0.128871 0.108959 0.0885867 0.287235 0.0781573 0.209078 0.126665 0.0199124 5.32517 0.668053 0.0962914 0.571761 0.383981 0.226581 4.65712 3.33989 3.32033 1.31723 1.0575 0.776618 0.614124 0.162494 0.259731 0.280879 0.0967286 0.0719571 0.0399766
internal_count=99908 2298 1331 967 812 794 1023 151 872 257 155 97610 920 187 733 520 202 96690 9844 9818 86846 72376 63007 54888 8119 14470 9369 299 253 232
is_linear=0
shrinkage=0.05


Tree=210
num_leaves=31
num_cat=0
split_feature=8 2 2 6 7 1 5 1 2 8 12 0 0 12 2 0 8 0 12 0 13 6 6 6 0 0 13 13 12 12
split_gain=0.0162132 0.018604 0.0212086 0.0162727 0.0149258 0.0189602 0.0329646 0.0483388 0.0168931 0.0201603 0.0159269 0.0184339 0.0173377 0.0172846 0.0170623 0.0293672 0.0142657 0.0138569 0.031036 0.01214 0.0120918 0.0109853 0.0152926 0.0224676 0.0124331 0.0208085 0.0207294 0.0186345 0.0108081 0.0138905
threshold=0.61721614003181469 0.84523808956146251 0.77500000596046459 0.90125367045402538 0.92380261421203624 0.90366768836975109 1.0000000180025095e-35 0.93908473849296581 0.44949495792388922 0.78759399056434642 1.0000000180025095e-35 0.79772728681564342 0.84273937344551098 3.5000000000000004 0.10555555671453477 0.46247655153274542 0.58578431606292736 0.65733855962753307 2.5000000000000004 0.81530213356018078 5.5000000000000009 0.64022472500801098 0.93728145956993114 0.92012271285057079 0.88273492455482494 0.84273937344551098 3.5000000000000004 5.5000000000000009 13.500000000000002 24.500000000000004
decision_type=2 2 2 2 2 2 2 2 2 2 2 2 2 2 2 2 2 2 2 2 2 2 2 2 2 2 2 2 2 2
left_child=16 2 4 -4 19 10 7 -7 -9 -10 11 -6 14 -14 15 -12 28 18 -16 -2 -11 -8 23 24 25 26 -23 -27 -1 -30
right_child=1 -3 3 -5 5 6 21 8 9 20 12 -13 13 -15 17 -17 -18 -19 -20 -21 -22 22 -24 -25 -26 27 -28 -29 29 -31
leaf_value=-0.00065052861656225442 0.040351130691939727 0.050546190566634445 0.00059942380991199508 -0.038960494826604491 0.048723579251834882 0.055235956457751915 0.051278907879790094 0.027246951741287835 -0.046724282329369753 0.051228542980086937 -0.052774706653182561 -0.0103408263064116 -0.0053744580499309209 0.049367323773119753 0.035150060403683611 0.0508147404028522 -0.028567914964348403 -0.023121981983320751 -0.026229928274337136 -0.0016013697015806651 -0.028282893685439531 0.047040696033888399 0.041945233429363862 -0.03090086627071463 0.046810973893185254 -0.047679883309898315 -0.00014461005310761348 0.018607225641380409 -0.029195696267119195 0.027093613084330177
leaf_weight=4.5721917139507404 0.05674080378062718 0.02262404365039572 0.060316233754917903 0.045683429703217371 0.030325960963125453 0.023498958538766601 0.029271747194769659 0.013435904948686073 0.063647614000728936 0.009646162157068261 0.0094581755969329606 0.023405760113007545 0.032816939981607618 0.025722449084014443 0.037598231663082515 0.024733289468031217 0.047279243418728245 0.1813937706681088 0.045538245680745604 0.024772987154918269 0.0094815801594450022 0.051010681173465855 0.055976261888300627 0.0260759829491235 0.03239730004816721 0.022638105032356748 0.04281099296940738 0.01994178350423681 0.06383822905253711 0.013231509704479061
leaf_count=83013 70 481 54 44 29 41 44 30 41 58 44 41 48 25 41 56 87 171 98 39 12 30 192 46 132 20 46 26 13823 1026
internal_value=6.1404e-09 0.00571064 0.0046946 -0.01645 0.00720633 0.00515599 0.0129078 -0.00905371 -0.024756 -0.033197 -0.00238538 0.0229949 -0.00620255 0.0186793 -0.0110786 0.0221594 -0.00124141 -0.0153747 0.00152899 0.0276013 0.0118149 0.0222931 0.0189107 0.0122943 0.018967 0.0123537 0.02551 -0.0166351 -0.000963519 -0.0195318
internal_weight=5.7175 1.02096 0.998339 0.106 0.89234 0.810826 0.399833 0.11971 0.0962113 0.0827754 0.410993 0.0537317 0.357261 0.0585394 0.298722 0.0341915 4.69654 0.26453 0.0831365 0.0815138 0.0191277 0.280123 0.250851 0.194875 0.168799 0.136402 0.0938217 0.0425799 4.64926 0.0770697
internal_count=99908 1959 1478 98 1380 1271 718 182 141 111 553 70 483 73 410 100 97949 310 139 109 70 536 492 300 254 122 76 46 97862 14849
is_linear=0
shrinkage=0.05


Tree=211
num_leaves=31
num_cat=0
split_feature=10 5 6 1 1 13 1 0 12 2 0 0 0 12 0 8 12 1 13 13 4 0 2 0 12 8 6 0 2 6
split_gain=0.0171883 0.0093811 0.0140609 0.017099 0.0120267 0.0118103 0.0115509 0.0124898 0.0113498 0.0106476 0.0100312 0.0177319 0.0157087 0.00963957 0.00946764 0.00926483 0.00914572 0.0162284 0.0187733 0.0435214 0.0401155 0.0196213 0.033662 0.0219429 0.0255839 0.0203145 0.0250367 0.0257302 0.0167943 0.0161036
threshold=1.0000000180025095e-35 1.0000000180025095e-35 0.93728145956993114 0.86616915464401256 0.94570022821426403 4.5000000000000009 0.82807883620262157 0.65733855962753307 8.5000000000000018 0.77500000596046459 0.8019607961177827 0.78319624066352855 0.68801230192184459 1.0000000180025095e-35 0.81120249629020702 0.94281044602394115 4.5000000000000009 0.95040982961654674 2.5000000000000004 4.5000000000000009 1.0000000180025095e-35 0.87895438075065624 0.77500000596046459 0.88633695244789135 5.5000000000000009 0.69615384936332714 0.78696113824844371 0.82009246945381176 1.0000000180025095e-35 0.74646764993667614
decision_type=2 2 2 2 2 2 2 2 2 2 2 2 2 2 2 2 2 2 2 2 2 2 2 2 2 2 2 2 2 2
left_child=15 2 3 14 -4 6 7 -3 -7 10 11 12 -10 -5 -2 16 -1 28 20 -20 -19 22 25 -23 -25 26 27 29 -18 -21
right_child=1 5 4 13 -6 8 -8 -9 9 -11 -12 -13 -14 -15 -16 -17 17 18 19 21 -22 23 -24 24 -26 -27 -28 -29 -30 -31
leaf_value=0.00021789889905798356 -0.019006450943875618 0.050175800995727562 -0.044286666443507934 -0.01273690468566442 0.021826427876014173 0.01524841808917834 0.044319228467968687 -0.010716727579278648 -0.030059755227824982 -0.046322505010090935 0.050926478506524236 -0.055690558202554787 0.047798309028528725 0.0479183940124778 0.053065081661854335 0.049179916172442481 0.0091889105876148385 -0.051723073135289066 -0.029227336044524606 -0.0095630470026503364 0.020639885117461801 0.063963496947902168 -0.040695025127265472 0.041671280914899141 -0.021059727520451137 0.031118719413612512 -0.029483002345568245 0.039906207573688721 -0.01870272164925206 0.059671213560445829
leaf_weight=4.0936313209366419 0.041547505284212582 0.012308157769033823 0.027771421169745736 0.0084575949714036369 0.0091435949388838367 0.1526199898070546 0.053371930442093429 0.026664600513697678 0.011243267651814826 0.015244878352177693 0.0084957624349044636 0.013439719628308922 0.015286997766168042 0.029045933540515989 0.0051180636938852322 0.0092594450804844852 0.066044082109525892 0.021530051785029647 0.14270297035919599 0.11338958624664353 0.17341484894309567 0.024359669637458836 0.050038573946305398 0.030601798635998989 0.034664491165894873 0.054833660064332435 0.063439721023314632 0.044644140128720977 0.29521762612599461 0.009070732892723754
leaf_count=40319 681 31 51 34 76 635 495 42 59 12 10 9 38 113 12 100 1977 139 511 2700 562 45 231 54 78 51 34 261 50542 6
internal_value=4.63439e-09 0.00961204 -0.00218279 0.00910109 -0.0279109 0.0142388 0.0292081 0.00851401 0.00784886 -0.00987691 0.00158703 -0.00890025 0.0148028 0.0342397 -0.011102 -0.000790312 -0.000878993 -0.00487407 -0.000739115 -0.0053358 0.012648 0.0026855 -0.00286769 0.0234678 0.00835334 0.00376501 -0.00274092 0.00741147 -0.0136037 -0.00443481
internal_weight=5.6566 0.429759 0.121084 0.0841691 0.036915 0.308675 0.0923447 0.0389728 0.216331 0.0637106 0.0484657 0.03997 0.0265303 0.0375035 0.0466656 5.22684 5.21758 1.12395 0.76269 0.567745 0.194945 0.425042 0.335416 0.089626 0.0652663 0.285378 0.230544 0.167104 0.361262 0.12246
internal_count=99908 2298 967 840 127 1331 568 73 763 128 116 106 97 147 693 97610 97510 57191 4672 3971 701 3460 3283 177 132 3052 3001 2967 52519 2706
is_linear=0
shrinkage=0.05


Tree=212
num_leaves=31
num_cat=0
split_feature=10 6 8 8 1 1 13 4 1 8 0 6 6 6 13 1 12 8 13 2 4 0 0 13 6 0 6 8 1 1
split_gain=0.0159311 0.00885189 0.0121601 0.0119162 0.0119034 0.0102144 0.00981798 0.00912643 0.00939362 0.0087575 0.0282505 0.0218785 0.0312328 0.0214054 0.0187358 0.0183466 0.0163985 0.0156073 0.0141563 0.0190343 0.0130201 0.0220209 0.0179251 0.0128235 0.02311 0.0217183 0.0478836 0.0162976 0.0250775 0.0271431
threshold=1.0000000180025095e-35 0.71241438388824474 0.68990385532379161 0.8441295623779298 0.855400711297989 0.54446640610694896 5.5000000000000009 1.0000000180025095e-35 0.90366768836975109 0.44222222268581396 0.9634092152118684 0.78696113824844371 0.90125367045402538 0.51871871948242199 1.0000000180025095e-35 0.855400711297989 12.500000000000002 0.24568965286016467 1.0000000180025095e-35 0.77500000596046459 1.0000000180025095e-35 0.87298336625099193 0.72255688905715953 2.5000000000000004 0.6157280206680299 0.91945946216583263 0.80866709351539623 0.63961037993431102 0.84028983116149913 0.81892696022987377
decision_type=2 2 2 2 2 2 2 2 2 2 2 2 2 2 2 2 2 2 2 2 2 2 2 2 2 2 2 2 2 2
left_child=9 4 5 -4 -2 -3 -7 8 -5 11 13 14 20 -11 15 -1 -16 -17 19 -15 21 -13 -22 24 -20 27 -27 28 29 -25
right_child=1 2 3 7 -6 6 -8 -9 -10 10 -12 12 -14 18 16 17 -18 -19 23 -21 22 -23 -24 25 -26 26 -28 -29 -30 -31
leaf_value=-0.051388340103137808 -0.030368384224763723 -0.049221565062741029 -0.00089693071154297796 -0.029947145639342948 0.011414627306292323 0.044909049840811004 0.01603564856180088 0.040685456785379701 0.051360790224895571 0.026067566986437418 0.044023102066014799 -0.025575891095762901 0.014263337398851906 -0.0070006123739296648 -0.00096619919591319154 -0.048867938784961498 -0.030212995030958492 0.052823333481322024 -0.030694709426355306 -0.059703608997048602 -0.00068542547545230972 0.055186098612259808 -0.041680863002584875 -0.0071123840461008864 0.01580345703215753 0.053279613967535361 -0.023648886200650022 0.0034329801653741401 -0.019448854882992122 0.047978490524626251
leaf_weight=0.0059779908313352106 0.030365939307048673 0.0044700498025207471 0.16827603990050122 0.011273774719484209 0.038857998583056386 0.049486725136688392 0.07268638543931516 0.035647368135389712 0.0051865079369264313 0.082692904676235801 0.040212870651195831 0.027011254987978961 0.063946203902020216 0.084622341101622811 3.5116304266245293 0.0042048978248674365 0.048591068342420995 0.036743661574291764 0.029969715314336787 0.021480710762688204 0.034273786140374796 0.012276416819076985 0.12009823049754687 0.076977967215816179 0.24658664148513054 0.0503356743319614 0.033818248511131799 0.34582587264819153 0.27846502474767476 0.031510638777035638
leaf_count=2644 706 50 345 31 197 306 259 327 77 83 276 122 46 170 74924 628 17254 17 23 18 16 4 98 366 252 49 51 376 177 16
internal_value=3.36854e-09 0.0094114 0.0126679 0.00557284 -0.00691401 0.0250148 0.0277309 0.0264663 -0.00432764 -0.000755213 0.00275679 -0.001957 -0.0160344 0.00146266 -0.00095166 0.0304356 -0.00136537 0.0423809 -0.000233454 -0.0176704 -0.0260387 -0.000339785 -0.032579 0.00145848 0.0107646 -0.00169191 0.022365 -0.00445465 -0.0115039 0.00888882
internal_weight=5.6035 0.416251 0.347027 0.220384 0.0692239 0.126643 0.122173 0.0521077 0.0164603 5.18725 1.3225 3.86475 0.257606 1.28229 3.60715 0.0469266 3.56022 0.0409486 1.19959 0.106103 0.19366 0.0392877 0.154372 1.09349 0.276556 0.816933 0.0841539 0.73278 0.386954 0.108489
internal_count=99908 2298 1395 780 903 615 565 435 108 97610 1857 95753 286 1581 95467 3289 92178 645 1498 188 240 126 114 1310 275 1035 100 935 559 382
is_linear=0
shrinkage=0.05


Tree=213
num_leaves=31
num_cat=0
split_feature=8 2 13 2 1 8 0 2 0 6 6 6 2 13 6 0 7 8 1 0 12 12 2 0 8 0 7 7 8 0
split_gain=0.0144104 0.0170172 0.0174693 0.0131937 0.0144999 0.0119154 0.0125016 0.0106466 0.0117942 0.0102005 0.0119965 0.014756 0.0147537 0.0154088 0.0175618 0.0148239 0.0142157 0.0117757 0.012653 0.013148 0.0194625 0.0114801 0.013945 0.0106912 0.0194384 0.0123354 0.0223673 0.0106584 0.00995773 0.00985612
threshold=0.61721614003181469 0.84523808956146251 1.0000000180025095e-35 0.77500000596046459 0.90259328484535228 0.58578431606292736 0.94804319739341747 0.27922078967094427 0.53144779801368724 0.5427464246749879 0.60041153430938732 0.66821706295013439 0.77500000596046459 8.5000000000000018 0.90125367045402538 0.87298336625099193 0.92380261421203624 0.81534090638160717 0.84273937344551098 0.78611555695533764 2.5000000000000004 1.5000000000000002 0.57738095521926891 0.84273937344551098 0.77097901701927196 0.7320508360862733 0.95904389023780834 0.9765610694885255 0.71008405089378368 0.78319624066352855
decision_type=2 2 2 2 2 2 2 2 2 2 2 2 2 2 2 2 2 2 2 2 2 2 2 2 2 2 2 2 2 2
left_child=5 2 3 4 7 -1 -7 8 -2 -4 -11 -12 15 14 -14 16 29 18 19 20 -18 22 -17 24 25 -20 -27 -19 -6 -13
right_child=1 -3 9 -5 28 6 -8 -9 -10 10 11 12 13 -15 -16 21 17 27 23 -21 -22 -23 -24 -25 -26 26 -28 -29 -30 -31
leaf_value=-0.00090799745913670718 -0.05247081701401618 0.050557392280503391 0.048147831447920883 -0.058775181057348427 -0.0082803653812949726 -0.041571605940624978 0.021852051829203811 -0.041655364097433714 0.043590887312590393 -0.018488112203380508 0.03654320258363019 0.045458315296263783 0.030503866659692482 -0.048964277128834069 -0.027530796313127728 0.050883204766817097 0.028543346485261335 0.047943695600078481 0.037345953315704034 -0.05068145086089261 -0.022324038252114643 0.044691192565938349 -0.017681711612516662 -0.011534340757068868 -0.023736246058762157 -0.0075339275394693626 0.036994523521722188 0.0096138276141469834 0.036671471643906307 0.00065990634559156462
leaf_weight=4.5509260027097866 0.0049162614444070449 0.020600799081728738 0.0149049588935668 0.014261779935793584 0.027855408089635603 0.033933802123954027 0.010076976352806355 0.034600388216986744 0.0091276854066677515 0.045652670536355799 0.042454391470926112 0.035722295761928535 0.024991394608036899 0.022889931202655589 0.027248940679058364 0.011356905661767058 0.027053411337305988 0.023036153137354631 0.053186861984613643 0.021153290351549003 0.061670864977820372 0.046946604762027278 0.021369085690565726 0.074697924296515339 0.034651011252208264 0.078297189199474815 0.044078682901499633 0.085273610196395566 0.022089614838829874 0.018707665069996438
leaf_count=97862 38 481 34 20 25 69 18 70 25 32 46 45 20 23 28 75 35 31 49 21 105 167 60 60 31 32 39 169 178 20
internal_value=-8.98317e-10 0.00560996 0.00461237 -0.0138253 -0.00732292 -0.00115839 -0.0270497 -0.0267527 0.00996327 0.00716432 0.00640116 0.00790657 0.00619985 -0.0147562 0.000232562 0.00867072 0.00578779 0.00316168 -0.00084502 -0.0152591 -0.00681378 0.0288447 0.00611238 0.00471382 0.0104875 0.0172423 0.00850482 0.0177661 0.0116009 0.030061
internal_weight=5.54373 0.948796 0.928195 0.112851 0.0985894 4.59494 0.0440108 0.0486443 0.0140439 0.815344 0.800439 0.754786 0.712332 0.0751303 0.0522403 0.637202 0.557529 0.503099 0.394789 0.109878 0.0887243 0.0796726 0.032726 0.284912 0.210214 0.175563 0.122376 0.10831 0.049945 0.05443
internal_count=99908 1959 1478 356 336 97949 87 133 63 1122 1088 1056 1010 71 48 939 637 572 372 161 140 302 135 211 151 120 71 200 203 65
is_linear=0
shrinkage=0.05


Tree=214
num_leaves=31
num_cat=0
split_feature=8 13 2 7 2 0 1 2 8 8 1 13 0 12 1 13 13 12 8 0 0 13 13 0 13 2 5 12 12 1
split_gain=0.0147912 0.0447286 0.0436364 0.0306853 0.0196195 0.0194914 0.0213359 0.016971 0.0208186 0.0229129 0.0391561 0.0168321 0.0167152 0.018694 0.0154318 0.0149588 0.0316529 0.0165609 0.014837 0.0188031 0.0228966 0.0385182 0.025483 0.0225631 0.0162633 0.0235064 0.0137238 0.0280715 0.017206 0.0170832
threshold=0.20942982286214831 6.5000000000000009 0.93750000000000011 0.61826965212821972 0.77500000596046459 0.92907443642616283 0.93908473849296581 0.57738095521926891 0.44222222268581396 0.48913043737411505 0.95713412761688244 44.500000000000007 0.8521554470062257 3.5000000000000004 0.89512962102890026 43.500000000000007 34.500000000000007 1.5000000000000002 0.63961037993431102 0.91024166345596325 0.87570226192474376 4.5000000000000009 2.5000000000000004 0.91945946216583263 2.5000000000000004 0.73214286565780651 1.0000000180025095e-35 4.5000000000000009 12.500000000000002 0.87585616111755382
decision_type=2 2 2 2 2 2 2 2 2 2 2 2 2 2 2 2 2 2 2 2 2 2 2 2 2 2 2 2 2 2
left_child=1 -1 4 -4 5 11 -7 -8 -9 -10 -11 18 -6 -14 15 16 -3 -18 19 20 24 22 -22 -21 -2 -26 27 -20 -29 -28
right_child=2 14 3 -5 12 6 7 8 9 10 -12 -13 13 -15 -16 -17 17 -19 26 23 21 -23 -24 -25 25 -27 29 28 -30 -31
leaf_value=-0.042398595433691157 0.0076013446853470433 -0.039816254884431905 -0.028285783485099039 0.047266206839206383 -0.034817503728992075 0.052404135880185124 0.036905766282978335 -0.029294060525265071 0.07317589693486036 -0.043322619424806093 0.044237999956307554 0.025692814228759672 -0.038424385640772878 0.00247433668211809 -0.00071745287638900427 -0.0471628884296421 -0.037392243920560654 0.043889095447978338 0.014136685914669621 -0.0572942027787606 0.019384415585576076 0.03979483564303922 -0.037335968028782376 -0.0053065434497073082 -0.0044981552745542259 -0.033226855089222788 0.00041000231646254798 -0.031942795980082719 0.015534708525342481 0.019424631892949868
leaf_weight=0.068114631062655362 0.22452192206323662 0.036942189562015282 0.01599324566859639 0.08416216047066527 0.059368027416212388 0.037301029232288729 0.042007498810427535 0.039614783970591816 0.014066823578559706 0.025161143153482612 0.025922114729342027 0.069904738253663612 0.033727350383571775 0.16281860416549421 2.8562975421271037 0.034458328037454411 0.008048116096787683 0.028312465493851524 0.10913919278311812 0.033467508046669425 0.039904722222331657 0.084311046717857607 0.039308481278553131 0.055450159443807934 0.59681488857701148 0.08084771697758697 0.20869635939995135 0.087051304704303334 0.024440705864606116 0.2721737425665296
leaf_count=36186 1233 37913 19 886 51 88 105 26 7 35 61 197 25 128 10434 3662 441 2592 181 24 39 73 25 36 4441 63 233 136 107 461
internal_value=-5.92665e-10 -0.00233879 0.00287555 0.0352017 0.00150715 0.00309278 0.0186372 0.0100556 -0.000710444 0.0166699 0.00110987 0.00160718 -0.0115669 -0.0045439 -0.0014182 -0.0199922 -0.00721976 0.0258981 0.000700072 -0.00278437 -0.000941307 0.0162731 -0.00876231 -0.0248741 -0.00406149 -0.0079256 0.00643523 -0.00388937 -0.021535 0.0111723
internal_weight=5.49835 3.03217 2.46618 0.100155 2.36602 2.11011 0.184073 0.146772 0.104765 0.0651501 0.0510833 1.92603 0.255914 0.196546 2.96406 0.107761 0.0733028 0.0363606 1.85613 1.15463 1.06571 0.163524 0.0792132 0.0889177 0.902185 0.677663 0.701501 0.220631 0.111492 0.48087
internal_count=99908 91228 8680 905 7775 7571 322 234 129 103 96 7249 204 153 55042 44608 40946 3033 7052 5934 5874 137 64 60 5737 4504 1118 424 243 694
is_linear=0
shrinkage=0.05


Tree=215
num_leaves=31
num_cat=0
split_feature=10 8 13 13 2 5 13 1 0 12 7 1 1 1 0 0 12 8 7 0 0 1 1 0 1 2 1 13 13 8
split_gain=0.014736 0.00855614 0.0084781 0.0114187 0.0112629 0.00843461 0.0104132 0.0102871 0.0108706 0.00955969 0.0131194 0.00931391 0.01569 0.0151934 0.00963255 0.00937459 0.00836066 0.00846629 0.0281087 0.0252405 0.0188807 0.0168084 0.0280562 0.0211896 0.0236748 0.0189751 0.0170507 0.0148329 0.0180234 0.034819
threshold=1.0000000180025095e-35 0.94281044602394115 88.500000000000014 81.500000000000014 0.73214286565780651 1.0000000180025095e-35 4.5000000000000009 0.82807883620262157 0.65733855962753307 8.5000000000000018 0.81517440080642711 0.95713412761688244 0.93908473849296581 0.85912698507308971 0.57735043764114391 0.81120249629020702 16.500000000000004 0.48913043737411505 0.85798320174217235 0.94804319739341747 0.94185259938240062 0.94570022821426403 0.94804319739341747 0.90521115064620983 0.92403846979141246 0.61250001192092907 0.94494947791099559 1.0000000180025095e-35 2.5000000000000004 0.70294117927551281
decision_type=2 2 2 2 2 2 2 2 2 2 2 2 2 2 2 2 2 2 2 2 2 2 2 2 2 2 2 2 2 2
left_child=1 2 3 16 -4 11 7 8 -7 -8 -11 12 13 15 -13 -2 17 21 -19 20 27 23 -23 24 -1 26 -25 -20 29 -29
right_child=5 -3 4 -5 -6 6 9 -9 -10 10 -12 14 -14 -15 -16 -17 -18 18 19 -21 -22 22 -24 25 -26 -27 -28 28 -30 -31
leaf_value=-0.010359335517795866 -0.021088786954429065 0.049000365386868763 -0.0092818163272335181 -0.043933097272654459 0.037462336493269292 0.049915323590564664 0.014660996341074132 0.044103046636095017 -0.010079111521286925 0.047275379664182736 -0.019481091178194184 -0.043874585508882423 -0.052059045763689415 0.033041186336253393 0.050610217940612247 0.052498883837908142 -0.022253514851092629 0.036995241707112617 -0.018091233763551002 0.037991515897128569 -0.047820446659736678 0.060916529992640182 -0.00063061367065596005 0.025340076557359523 -0.050475959455367696 -0.024447451077552314 -0.054745739155237776 0.031448508588670869 -0.0012706748255970142 -0.010825243006843652
leaf_weight=0.51097615850514566 0.047254549695021297 0.0086348105191119684 0.021359548181772214 0.015459010704143128 0.032485570016433485 0.010922583745694547 0.14312816049467081 0.047214182196319676 0.024456096657345938 0.0086608378045838208 0.048994940536317699 0.0033685837608921068 0.016961163172894089 0.025061008832835796 0.013539799734669344 0.0047643035334772313 0.045394182660776106 0.058101305233771217 0.095595598751223809 0.044816687845432912 0.02052503159795549 0.018627611279548151 3.0979660512154124 0.09367662862842252 0.039629468228985054 0.032164717925784458 0.0071536964317147058 0.12945477200358368 0.68711448261272423 0.078093644647736937
leaf_count=74170 706 100 123 121 15 31 635 495 42 67 61 18 18 72 137 16 7542 102 126 255 17 115 12472 682 734 54 3 120 780 79
internal_value=7.75146e-10 -0.000728667 -0.000814059 -0.00102765 0.0189196 0.0093082 0.0138839 0.0288281 0.00844318 0.00773653 -0.00945318 -0.00237856 -0.00852136 0.00105897 0.0317864 -0.014349 -0.000893906 -0.000696588 0.00313715 0.00127356 -0.000354458 -0.00182012 -0.000262752 -0.00892029 -0.0132467 0.00899126 0.0196582 0.000629366 0.00262968 0.0155423
internal_weight=5.43156 5.03723 5.02859 4.97475 0.0538451 0.394326 0.283377 0.0825929 0.0353787 0.200784 0.0576558 0.110949 0.094041 0.0770799 0.0169084 0.0520189 4.95929 4.9139 1.1137 1.0556 1.01078 3.80019 3.11659 0.683601 0.550606 0.132995 0.10083 0.990258 0.894663 0.207548
internal_count=99908 97610 97510 97372 138 2298 1331 568 73 763 128 967 812 794 155 722 97251 89709 1479 1377 1122 88230 12587 75643 74904 739 685 1105 979 199
is_linear=0
shrinkage=0.05


Tree=216
num_leaves=31
num_cat=0
split_feature=10 0 7 8 11 13 13 6 8 0 13 12 12 8 13 6 13 13 5 13 7 2 12 0 0 6 7 8 2 0
split_gain=0.013702 0.00825214 0.00850112 0.00806066 0.00777868 0.00795551 0.0126819 0.0095417 0.0083182 0.00873284 0.00913259 0.00799768 0.00791945 0.0160283 0.036489 0.0315886 0.024313 0.0162911 0.0159943 0.0165021 0.0276488 0.0315018 0.0262937 0.0260727 0.0225275 0.0181483 0.0141181 0.0133539 0.0165246 0.014316
threshold=1.0000000180025095e-35 0.88273492455482494 0.5970856547355653 0.94281044602394115 1.0000000180025095e-35 49.500000000000007 45.500000000000007 0.49358868598937994 0.21980676054954532 0.77629500627517711 106.50000000000001 25.500000000000004 4.5000000000000009 0.22902098298072818 19.500000000000004 1.0000000180025095e-35 22.500000000000004 29.500000000000004 1.0000000180025095e-35 2.5000000000000004 0.92380261421203624 0.6904762089252473 7.5000000000000009 0.83910790085792553 0.88273492455482494 0.68244633078575145 0.55705243349075328 0.76696833968162548 0.23611111193895343 0.73735308647155773
decision_type=2 2 2 2 2 2 2 2 2 2 2 2 2 2 2 2 2 2 2 2 2 2 2 2 2 2 2 2 2 2
left_child=3 -2 -3 4 -1 6 12 -8 9 11 -11 -7 27 15 18 17 -16 -14 26 22 21 -21 23 -20 25 -22 -15 28 -6 -30
right_child=1 2 -4 -5 5 8 7 -9 -10 10 -12 -13 13 14 16 -17 -18 -19 19 20 24 -23 -24 -25 -26 -27 -28 -29 29 -31
leaf_value=-0.05418153717225363 0.0063879526647710573 -0.027923742231957972 0.037011656935806006 0.04869173145282845 -0.032330029372658629 -0.03270534531350857 -0.036368927904248567 0.041945779885062491 0.030430474006707748 0.0051678743233582753 0.051126344211313228 0.063629182301018716 0.042753926985407094 0.067374137116069752 0.10429534037558393 -0.046805550364974323 0.020061118715645372 -0.012214133667831216 -0.044777522635143181 0.0018343490421877822 0.03623107354849673 -0.035820417422286692 0.02542395115324177 0.010385090353765451 0.045119754308814576 -0.0095611463883758796 -0.020642913552035916 0.019047668437779122 0.012726939403665725 -0.00076964159038182876
leaf_weight=0.0068103329885741406 0.33845497647809519 0.0057580107140360317 0.040434474624774452 0.0082468634231601667 0.039934188070301135 0.022509538957129371 0.038094479238892975 0.0043316184486652523 0.035687955713253672 0.16918148748484496 0.011547205300303176 0.0023825052571924124 0.018151782387164556 0.004681913247297941 0.011386754844147973 0.062887291234336756 0.034586325397938378 0.052366086629156428 0.034019216762287918 0.1017822782600426 0.026723330910499499 0.12226575642898752 0.12120261854283676 0.057842382570470363 0.032903774626902305 0.1136733881304508 0.16940353974296407 0.09100464666559549 0.20854270695542787 3.3963076701067587
leaf_count=349 1562 13 723 100 8447 2125 1018 62 110 1053 9 21 30 61 104 51159 407 69 49 263 26 81 154 20 20 102 1886 225 12077 17583
internal_value=-1.23879e-09 0.00909351 0.0289173 -0.000699776 -0.000781401 -0.000708424 -0.00115908 -0.0283732 0.00814762 0.00428016 0.00810428 -0.0234848 -0.000913404 -0.00495418 -0.00236997 -0.0210413 0.0409245 0.00193502 -0.00490711 -0.00109447 -0.00711448 -0.0187143 0.0101324 -0.0100433 0.00788213 -0.000844984 -0.0182758 0.000129162 -0.000343203 1.11435e-05
internal_weight=5.38311 0.384647 0.0461925 4.99846 4.99021 4.9834 4.74209 0.0424261 0.241309 0.205621 0.180729 0.024892 4.69967 0.963876 0.830471 0.133405 0.0459731 0.0705179 0.784498 0.610413 0.397349 0.224048 0.213064 0.0918616 0.1733 0.140397 0.174085 3.73579 3.64478 3.60485
internal_count=99908 2298 736 97610 97510 97161 93843 1080 3318 3208 1062 2146 92763 54431 3173 51258 511 99 2662 715 492 344 223 69 148 128 1947 38332 38107 29660
is_linear=0
shrinkage=0.05


Tree=217
num_leaves=31
num_cat=0
split_feature=10 6 7 1 5 13 12 7 1 12 0 13 7 0 11 13 13 2 13 13 0 2 13 0 1 1 6 12 12 0
split_gain=0.0127586 0.007737 0.0108322 0.0103752 0.00941896 0.0124437 0.0138307 0.00959707 0.00851601 0.00937385 0.00826008 0.00788835 0.00781357 0.00767357 0.00721608 0.00696162 0.010213 0.0101865 0.00666975 0.0113185 0.00951002 0.0222577 0.0121753 0.0119697 0.00877593 0.0100006 0.00863099 0.00800838 0.00665692 0.0288269
threshold=1.0000000180025095e-35 0.71241438388824474 0.94360822439193737 0.855400711297989 1.0000000180025095e-35 7.5000000000000009 1.0000000180025095e-35 0.95904389023780834 0.70299971103668224 4.5000000000000009 0.76253134012222301 1.5000000000000002 0.94360822439193737 0.68457102775573742 1.0000000180025095e-35 88.500000000000014 81.500000000000014 0.73214286565780651 49.500000000000007 45.500000000000007 0.94570022821426403 0.77500000596046459 72.500000000000014 0.55848154425621044 0.90259328484535228 0.8521554470062257 0.49358868598937994 10.500000000000002 8.5000000000000018 0.87570226192474376
decision_type=2 2 2 2 2 2 2 2 2 2 2 2 2 2 2 2 2 2 2 2 2 2 2 2 2 2 2 2 2 2
left_child=14 3 -3 12 7 11 -7 -4 -9 10 -10 -6 -2 -5 -1 16 18 -17 19 28 21 22 24 -24 25 -20 -21 -26 -16 -30
right_child=1 2 4 13 5 6 -8 8 9 -11 -12 -13 -14 -15 15 17 -18 -19 20 26 -22 -23 23 -25 27 -27 -28 -29 29 -31
leaf_value=-0.053926578593761279 -0.037502199352412606 0.024548380528435144 -0.052765319018374314 -0.053102973203297904 2.9657314970739124e-05 0.053757397784042905 -0.010706794674601755 -0.039703008342296404 0.051562458223805646 -0.026033139273053587 -0.0034094615539250386 0.037885108192605231 0.055647874037049176 0.019118953815761005 -0.00021924614465175095 -0.0095147221564286198 -0.04270013519524795 0.036276363447464953 0.01313846924613649 -0.035188163671500121 0.026160533947674286 -0.052522665791889772 0.065649828103159225 -0.045303214834224184 0.040074602906891243 -0.052472198040908427 0.040923147199748461 -0.022346488095222831 -0.010132975090241133 0.049041648558236395
leaf_weight=0.0063540291067231127 0.026092455585311813 0.11186033211708057 0.011233251048672344 0.0041542696179428509 0.018951971965023517 0.0095942970098832348 0.062669045597612438 0.011523404626167633 0.014462746780623092 0.012946743700283037 0.012954217053191996 0.050248833622450917 0.0024638238860461561 0.032073517418766073 4.2798966170074717 0.020316709067077166 0.014499297882868301 0.030195889368769713 0.026784596719222842 0.036266611831790807 0.05496659703822715 0.016684456461884878 0.0028995164170998447 0.0150361812098605 0.040911658734612999 0.0074158890262339119 0.0041511395320865665 0.0058763798542780235 0.38141245995151685 0.021754885919193612
leaf_count=349 703 513 35 32 184 80 145 37 42 64 43 252 3 165 58360 120 119 15 1640 1018 213 66 52 230 245 425 62 193 34467 36
internal_value=3.6703e-09 0.00881488 0.0120378 -0.00692778 0.0051974 0.0123637 -0.00214798 -0.0108636 -0.00179217 0.00903097 0.0255888 0.0275177 -0.0294652 0.0108372 -0.000676774 -0.000608545 -0.000798586 0.0178587 -0.000674448 -0.00102521 0.00903877 0.000898167 0.00990807 -0.0273664 0.0181629 -0.00108827 -0.0273711 0.0322348 -0.000797832 -0.00693992
internal_weight=5.34665 0.381229 0.316445 0.0647841 0.204585 0.141464 0.0722633 0.0631204 0.0518871 0.0403637 0.027417 0.0692008 0.0285563 0.0362278 4.96542 4.95907 4.90856 0.0505126 4.89406 4.72348 0.170575 0.115609 0.0989242 0.0179357 0.0809885 0.0342005 0.0404178 0.046788 4.68306 0.403167
internal_count=99908 2298 1395 903 882 661 225 221 186 149 85 436 706 197 97610 97261 97126 135 97007 93943 3064 2851 2785 282 2503 2065 1080 438 92863 34503
is_linear=0
shrinkage=0.05


Tree=218
num_leaves=31
num_cat=0
split_feature=8 2 13 2 1 8 2 0 6 6 6 2 0 0 7 8 13 6 1 6 12 8 0 12 2 1 12 0 8 0
split_gain=0.012437 0.0146257 0.0158143 0.0113042 0.0116815 0.011241 0.0104675 0.0103408 0.00963655 0.0109542 0.0115243 0.0115062 0.0129902 0.0139963 0.0136971 0.0148286 0.0128131 0.0133249 0.0124996 0.0147149 0.0178596 0.0183388 0.00986454 0.00984759 0.0116548 0.00941173 0.009263 0.011898 0.00899903 0.00824927
threshold=0.61721614003181469 0.84523808956146251 1.0000000180025095e-35 0.77500000596046459 0.90259328484535228 0.58578431606292736 0.27922078967094427 0.53144779801368724 0.52839964628219616 0.60041153430938732 0.66821706295013439 0.77500000596046459 0.87298336625099193 0.86240702867507946 0.92380261421203624 0.8441295623779298 8.5000000000000018 0.90125367045402538 0.84273937344551098 0.92012271285057079 6.5000000000000009 0.69615384936332714 0.80673459172248851 1.5000000000000002 0.57738095521926891 0.80810147523880016 3.5000000000000004 0.76689496636390697 0.71008405089378368 0.72627374529838573
decision_type=2 2 2 2 2 2 2 2 2 2 2 2 2 2 2 2 2 2 2 2 2 2 2 2 2 2 2 2 2 2
left_child=5 2 3 4 6 -1 7 -2 -4 -10 -11 12 13 14 -12 18 17 -13 25 20 21 -20 29 24 -14 26 27 -16 -6 -22
right_child=1 -3 8 -5 28 -7 -8 -9 9 10 11 16 23 -15 15 -17 -18 -19 19 -21 22 -23 -24 -25 -26 -27 -28 -29 -30 -31
leaf_value=-0.00083217076399551108 -0.052141445779574053 0.05054190339451238 0.050874134757663628 -0.057758868033046001 -0.0087949646365013522 -0.027595929339065781 -0.040839879937718641 0.043869630935126726 -0.017797213465612496 0.034402264005279869 0.034071243192573847 0.028625272781382907 0.050834251885538508 -0.022854115204204977 0.030286200883462278 0.028498652042282226 -0.046669965770887042 -0.024350454791577516 -0.0018374863869934138 -0.010727808322542439 0.0063606686768848232 0.048807951092737382 0.022278831493236589 0.043977410497663759 -0.016250026011138917 -0.038349535104442369 -0.020697974178949551 -0.022462082362166812 0.036062949812973241 -0.030450213553278073
leaf_weight=4.4034191984371382 0.0041566866024210789 0.017630932549661971 0.01234636117305854 0.012803020267540433 0.026393297839376828 0.039585776309607357 0.032238475425657498 0.0086210431113329378 0.044213140535248385 0.038650042714166943 0.046064328800412113 0.02270547873877149 0.0097251958607476041 0.039389309689681795 0.029723609284530994 0.05971974659451007 0.020114153532517776 0.024873312425185645 0.026178845918366278 0.074798397893800939 0.032087158923332026 0.056346130057306709 0.034729935125824341 0.04222982519197771 0.019369651217942874 0.026105231819997243 0.044031995661931944 0.01669501564742859 0.019397224788960443 0.028952243081903362
leaf_count=97862 38 481 25 20 25 87 70 25 41 46 61 20 75 33 47 141 23 28 18 66 27 52 29 167 60 27 99 14 178 23
internal_value=3.79567e-09 0.00546579 0.00453373 -0.0137752 -0.00757385 -0.00107063 -0.0256607 0.0126365 0.00706625 0.00633207 0.00787265 0.00630442 0.00855849 0.00578794 0.00816091 0.00538115 -0.0132134 0.000930542 0.00164633 0.00788584 0.0156947 0.032742 0.00100487 0.0285564 0.00617345 -0.0119023 -0.00426932 0.0113146 0.0102072 -0.0110995
internal_weight=5.31329 0.87029 0.852659 0.10361 0.0908067 4.443 0.0450162 0.0127777 0.749049 0.736703 0.69249 0.65384 0.586147 0.514822 0.475433 0.429368 0.0676929 0.0475788 0.369649 0.253093 0.178294 0.082525 0.0957693 0.0713247 0.0290948 0.116556 0.0904506 0.0464186 0.0457905 0.0610394
internal_count=99908 1959 1478 356 336 97949 133 63 1122 1097 1056 1010 939 637 604 543 71 48 402 215 149 70 79 302 135 187 160 61 203 50
is_linear=0
shrinkage=0.05


Tree=219
num_leaves=31
num_cat=0
split_feature=10 8 5 6 1 8 1 13 12 1 7 2 13 13 12 8 7 6 6 6 6 1 12 13 13 6 5 13 7 7
split_gain=0.0126808 0.00745193 0.00726819 0.0117971 0.0144049 0.00950485 0.00942442 0.00895384 0.0102986 0.00980994 0.00837679 0.00825958 0.0078321 0.00680201 0.0066643 0.0066029 0.0235698 0.0232362 0.0301522 0.0334487 0.030087 0.0358229 0.0225539 0.02071 0.0186775 0.0177056 0.0173545 0.0166871 0.0169283 0.0158102
threshold=1.0000000180025095e-35 0.94281044602394115 1.0000000180025095e-35 0.93728145956993114 0.86616915464401256 0.8603896200656892 0.94570022821426403 4.5000000000000009 8.5000000000000018 0.86425063014030468 0.87198767066001903 0.44949495792388922 1.0000000180025095e-35 106.50000000000001 1.0000000180025095e-35 0.48913043737411505 0.85798320174217235 0.93728145956993114 0.74646764993667614 0.76552855968475353 0.65795168280601513 0.95713412761688244 3.5000000000000004 10.500000000000002 12.500000000000002 0.78696113824844371 1.0000000180025095e-35 4.5000000000000009 0.82793453335762035 0.61826965212821972
decision_type=2 2 2 2 2 2 2 2 2 2 2 2 2 2 2 2 2 2 2 2 2 2 2 2 2 2 2 2 2 2
left_child=1 13 3 4 -2 7 11 9 -9 12 -10 -5 -4 15 -6 17 -17 18 20 23 27 22 26 -20 -18 -21 -22 29 -29 -1
right_child=2 -3 5 6 14 -7 -8 8 10 -11 -12 -13 -14 -15 -16 16 24 -19 19 25 21 -23 -24 -25 -26 -27 -28 28 -30 -31
leaf_value=-0.038321441920949099 -0.010631255195237173 0.048331266162686473 -0.02580487980432768 -0.010899620230153175 -0.0091187017005672881 0.046378103929033201 0.020163605094455209 0.012288083859341018 0.026259409509604204 0.047328903713821188 -0.025065303552558101 -0.070291211101855558 0.024656136933599266 0.036609896917842402 0.047260162537003853 0.034787829315506384 -0.0014899986511714349 0.062000555477069202 -0.018729268167500437 0.015899252196090993 -0.012512825221451838 0.047109935601716946 -0.039156472221829212 -0.093305818314174546 0.020065110189630902 -0.015820744260739233 0.05025031286712927 -0.0013811476519115264 0.019354506559754295 -0.0066505373981242235
leaf_weight=0.055865912709074761 0.040368484853903874 0.0077470500322983629 0.011294224308699086 0.010662277062010617 0.0067181456845588619 0.020168519103743066 0.0077060240740252075 0.12759983402804664 0.0099740966876411541 0.030252473345496966 0.039173799793388753 0.012980833635879208 0.024093962829287219 0.012155790676800282 0.023848367290975503 0.054125998335557202 0.89823793624361747 0.014214101087418274 0.016672479332141665 0.052639906498948452 0.022008130947989812 0.070789872691790379 0.026973680316019322 0.02107882891941415 0.11315904714808056 0.26782087220762518 0.022047788483572361 3.017726926924615 0.10174631009924606 0.13373932768145996
leaf_count=26253 693 100 10 31 34 284 76 543 71 319 43 20 61 29 113 107 1179 7 99 112 252 65 703 29 246 335 39 66737 393 925
internal_value=3.01026e-09 -0.000668427 0.00899339 -0.00231339 0.00897511 0.0133982 -0.0278563 0.010654 0.00479762 0.0264232 -0.0146494 -0.0435075 0.00855138 -0.000745881 0.0348688 -0.000838764 0.00264199 -0.00180882 -0.00204693 -0.0158544 -0.000613678 0.021938 -0.00314897 -0.0603698 0.000921671 -0.0106103 0.018897 -0.00158019 -0.000704823 -0.0159822
internal_weight=5.27359 4.90875 0.364841 0.102284 0.070935 0.262557 0.0313491 0.242388 0.176748 0.0656407 0.0491479 0.0236431 0.0353882 4.901 0.0305665 4.88885 1.06552 3.82332 3.80911 0.358212 3.4509 0.141819 0.0710296 0.0377513 1.0114 0.320461 0.0440559 3.30908 3.11947 0.189605
internal_count=99908 97610 2298 967 840 1331 127 1047 657 390 114 51 71 97510 147 97481 1532 95949 95942 575 95367 1059 994 128 1425 447 291 94308 67130 27178
is_linear=0
shrinkage=0.05


Tree=220
num_leaves=31
num_cat=0
split_feature=13 8 0 13 7 12 7 0 6 12 7 7 8 0 0 7 8 10 8 7 0 13 6 12 0 7 8 6 0 7
split_gain=0.0242875 0.135843 0.183613 0.128275 0.13852 0.0645741 0.050077 0.0500606 0.0240825 0.0256616 0.0242404 0.0242221 0.0241693 0.0237652 0.0209649 0.0174632 0.016418 0.0156722 0.0154899 0.0130577 0.0144993 0.0129512 0.0127685 0.0127545 0.012102 0.0115048 0.0114002 0.0112477 0.010857 0.0142048
threshold=12.500000000000002 0.32200460135936743 0.87570226192474376 10.500000000000002 0.81517440080642711 3.5000000000000004 0.55342859029769909 0.88273492455482494 0.51871871948242199 4.5000000000000009 0.56425988674163829 0.61826965212821972 0.3717105239629746 0.70659971237182628 0.98717737197875988 0.85798320174217235 0.76330533623695385 1.0000000180025095e-35 0.22902098298072818 0.85798320174217235 0.71248623728752147 71.500000000000014 0.65795168280601513 6.5000000000000009 0.64174234867095958 0.63658976554870617 0.21240601688623431 0.90125367045402538 0.94185259938240062 0.85798320174217235
decision_type=2 2 2 2 2 2 2 2 2 2 2 2 2 2 2 2 2 2 2 2 2 2 2 2 2 2 2 2 2 2
left_child=3 19 -3 6 5 18 26 -4 9 24 -10 22 -11 -6 17 -15 -17 25 -5 -2 21 -21 -12 -14 -8 -13 -1 -18 -27 -30
right_child=1 2 7 4 13 -7 8 -9 10 12 11 14 23 15 -16 16 27 -19 -20 20 -22 -23 -24 -25 -26 28 -28 -29 29 -31
leaf_value=-0.050130716798725078 -0.0011412636104091772 -1.0388632524264243e-05 0.099035791643999838 -0.049535166374207934 0.0438664880205306 -0.094402240723950287 -0.030060121368199022 0.038596317530348749 0.060481033979832503 -0.045269173747816353 -0.049879360362901262 0.044783008035839116 -0.0094185950381623501 0.044488768402103654 0.046447518154463824 -0.034237528552827377 0.05199289903318987 0.010860611111124447 0.048200797133208788 -0.052385193208362206 0.039056198900131289 0.067292630435523929 0.048739081581108727 0.0452479050100182 0.041686247533246193 -0.0045441546326109783 0.015526639888101679 -0.028106925144846268 0.042045796837045069 0.00087011443647548408
leaf_weight=0.05847692085911127 2.9031429594579454 0.182651995871422 0.087925372499739751 0.0065648687135862046 0.0240199409197146 0.096890080933091802 0.0062983543297562275 0.05613316850040917 0.016323623937345544 0.022903300485243028 0.034051235697006743 0.01261940246447113 0.020969046376428935 0.011726465726496826 0.024118208199547797 0.057376529264303144 0.011025437877066224 0.25319994850448768 0.010599274078339604 0.0092754143536629696 0.039295601338572794 0.0029890964398617834 0.0036322935010326676 0.021723790983394053 0.08797638513188244 1.1933363954398837 0.0074540341194737616 0.0072742691679366081 0.028938372432094295 0.075834764744575622
leaf_count=49870 34592 803 12 2085 106 3969 234 180 239 811 1135 290 13 12 440 94 24 972 59 98 53 10 24 43 305 3014 255 29 28 109
internal_value=3.52368e-09 0.00268455 0.0332784 -0.00420817 -0.0398321 -0.0785674 9.21403e-05 0.0754852 0.00165815 0.0201833 -0.000145465 -0.000754203 -0.00383188 -0.000181982 0.000185945 -0.0122873 -0.0210851 -0.000527481 0.0108192 -0.000698299 0.0242433 -0.0232174 -0.0403736 0.0183979 0.036893 -0.00272737 -0.0427076 0.0201526 -0.00318924 0.0122429
internal_weight=5.37475 3.28141 0.326711 2.09333 0.225477 0.114054 1.86786 0.144059 1.80193 0.159871 1.64205 1.62573 0.0655961 0.111423 1.58805 0.0874027 0.0756762 1.56393 0.0171641 2.9547 0.0515601 0.0122645 0.0376835 0.0426928 0.0942747 1.31073 0.065931 0.0182997 1.29811 0.104773
internal_count=99908 35748 995 64160 6378 6113 57782 192 7657 1406 6251 6012 867 265 4853 159 147 4413 2144 34753 161 108 1159 56 539 3441 50125 53 3151 137
is_linear=0
shrinkage=0.05


Tree=221
num_leaves=31
num_cat=0
split_feature=7 2 6 0 0 13 2 8 1 8 8 8 0 7 13 7 6 7 13 8 0 2 0 6 6 13 5 13 0 8
split_gain=0.0118103 0.0217759 0.0171203 0.0198022 0.0148888 0.0235455 0.0219003 0.0214322 0.0162348 0.0161447 0.0198362 0.0154018 0.019959 0.0209716 0.0148916 0.0144692 0.0130671 0.0242124 0.014154 0.0125812 0.0116567 0.0223468 0.0132511 0.0116354 0.0107057 0.0393331 0.0195957 0.0249315 0.0225835 0.0133438
threshold=0.89753684401512157 0.84523808956146251 0.53863716125488292 0.68457102775573742 0.88273492455482494 4.5000000000000009 0.77500000596046459 0.58957219123840343 0.94570022821426403 0.31009615957736975 0.63961037993431102 0.48913043737411505 0.94804319739341747 0.95101958513259899 1.0000000180025095e-35 0.92380261421203624 0.846389800310135 0.94360822439193737 5.5000000000000009 0.61721614003181469 0.5912291705608369 0.44949495792388922 0.54085850715637218 0.88322511315345775 0.80866709351539623 6.5000000000000009 1.0000000180025095e-35 4.5000000000000009 0.77629500627517711 0.48913043737411505
decision_type=2 2 2 2 2 2 2 2 2 2 2 2 2 2 2 2 2 2 2 2 2 2 2 2 2 2 2 2 2 2
left_child=20 2 3 -2 6 8 9 -7 -6 -4 16 -10 13 -13 -15 -12 -11 18 -18 -8 21 23 -23 -1 29 26 -26 28 -28 -22
right_child=1 -3 4 -5 5 7 19 -9 11 10 15 12 -14 14 -16 -17 17 -19 -20 -21 24 22 -24 -25 25 -27 27 -29 -30 -31
leaf_value=-0.050516834003887415 -0.018492873905268773 0.046112198118810829 0.054220901114983226 0.040839972576533823 0.025925588555502893 0.057576622053132777 -0.057868658187899047 0.0092493050607663496 0.014776675986984856 -0.021406705459976132 0.037193209739450166 -0.047726207075971243 0.034086260624347609 -0.040845762402864944 0.047487845032501308 0.0031387715387520445 -0.024375098059051747 0.051365085543205638 0.016427932967558477 -0.013083665347051701 -0.00090577623385124659 0.043362964381718515 -0.021501760034526435 0.026935956346964003 0.039652615771613026 -0.045720390574725198 0.019049358042984205 0.033513017836472002 -0.033312309710649239 0.015736481882823356
leaf_weight=0.042709074251243484 0.018670670521139132 0.030168444374103376 0.013918062468107228 0.056976099221515142 0.049926698903744793 0.044231767834048696 0.023759201749271597 0.047662008022502533 0.049512422353473085 0.14650657983182214 0.033104667641993046 0.051768667177498173 0.014125490952510589 0.007886313114294552 0.012078991416672125 0.53972248761803598 0.058409941813692967 0.019854463984700033 0.033411166388589209 0.046127138871042916 3.4568426130381207 0.016496688041989782 0.015062848874524359 0.0054699500159216532 0.027697185710991223 0.061266251202326316 0.02874456143581483 0.029873478886017324 0.072607424286225353 0.12479483049054341
leaf_count=34239 45 616 16 91 102 49 15 193 13 358 39 43 50 35 25 860 99 38 30 41 61359 455 579 11 33 83 33 53 140 165
internal_value=-1.91398e-09 0.00412912 0.00312998 0.0261958 0.00166618 0.0118178 -0.00140981 0.032511 0.00155562 0.000815118 -7.93423e-05 -0.00743231 -0.0202395 -0.0309371 0.012596 0.00510684 -0.0115859 0.001298 -0.009528 -0.0283092 -0.0013806 -0.0203004 0.0124041 -0.0417233 -0.000983777 -0.0116848 0.0014363 -0.00662985 -0.018462 -0.000325911
internal_weight=5.17939 1.29782 1.26765 0.0756468 1.19201 0.277192 0.914814 0.0918938 0.185299 0.844927 0.831009 0.135372 0.0858595 0.071734 0.0199653 0.572827 0.258182 0.111676 0.0918211 0.0698863 3.88156 0.0797386 0.0315595 0.048179 3.80183 0.220189 0.158923 0.131225 0.101352 3.58164
internal_count=99908 2758 2142 136 2006 510 1496 242 268 1440 1424 166 153 103 60 899 525 167 129 56 97150 35284 1034 34250 61866 342 259 226 173 61524
is_linear=0
shrinkage=0.05


Tree=222
num_leaves=31
num_cat=0
split_feature=8 2 6 7 1 7 7 6 2 2 8 8 0 0 8 8 8 1 7 5 1 0 0 8 12 0 0 2 2 7
split_gain=0.011088 0.0129087 0.0107387 0.0184767 0.0140371 0.013772 0.0128938 0.0120802 0.0100643 0.00948589 0.00940478 0.00937006 0.00899598 0.0132514 0.0110832 0.0125774 0.0105157 0.00752684 0.0251248 0.0141778 0.032918 0.0116588 0.0111034 0.00991067 0.00956212 0.0212195 0.0150873 0.0140114 0.0135884 0.00883542
threshold=0.61721614003181469 0.84523808956146251 0.92012271285057079 0.93369963765144359 0.94185259938240062 0.95904389023780834 0.92380261421203624 0.93728145956993114 0.77500000596046459 0.77500000596046459 0.73030304908752453 0.58578431606292736 0.86706829071044933 0.84660634398460399 0.78019323945045482 0.8441295623779298 0.87228259444236766 0.8874824345111848 0.94360822439193737 1.0000000180025095e-35 0.95488464832305919 0.88273492455482494 0.86240702867507946 0.69615384936332714 3.5000000000000004 0.78611555695533764 0.84273937344551098 0.41428571939468389 0.10555555671453477 0.94360822439193737
decision_type=2 2 2 2 2 2 2 2 2 2 2 2 2 2 2 2 2 2 2 2 2 2 2 2 2 2 2 2 2 2
left_child=11 2 6 -4 5 10 -2 -6 17 -9 -5 -1 13 14 -7 -16 -17 18 -8 20 -19 22 23 -21 25 27 28 -20 -26 -25
right_child=1 -3 3 4 7 12 8 9 -10 -11 -12 -13 -14 -15 15 16 -18 19 24 21 -22 -23 -24 29 26 -27 -28 -29 -30 -31
leaf_value=-0.00079469448999284196 0.028005085645691027 0.050537035118550656 -0.056734310781296163 -0.016683643888989748 -0.019385367709103252 0.021794584832473683 -0.028659894241464284 0.039128779035788014 -0.015718628203670169 -0.013271290180830494 -0.079883348074685362 -0.026113884801408312 0.032044255729198785 -0.050712447720582254 -0.045530300806449181 0.046347475239905261 -0.01465580774465829 0.052706908771008767 -0.00092963017993800327 -0.0073686035500572789 -0.026405281555933038 0.04594440562238044 -0.019717396750898529 0.052124054533867661 0.037487449415679767 -0.014200114023223112 0.049896736895315694 0.05268070874018578 -0.029224032173512694 0.018024119010538311
leaf_weight=4.2697216393066402 0.071579314384948023 0.015505833563633331 0.015847297737536792 0.013379038696285761 0.017100573178737477 0.033620272256825956 0.05385856870589123 0.04374246254612224 0.051066862588584172 0.010761698317608648 0.010511283653613646 0.036856634969708923 0.015957665823380651 0.015622226967252573 0.020557626733307188 0.010248323800624348 0.022738170215333753 0.017809302721218501 0.016774048091178884 0.025244290991849994 0.050246319736672262 0.037407968431853789 0.020260878933676452 0.026861009841013583 0.0094866985466950382 0.028481847025467744 0.010504469189072552 0.044576050306460502 0.039069307875280401 0.064875167152763424
leaf_count=97862 114 481 22 46 48 48 49 212 55 24 4 87 74 13 22 14 72 38 28 26 59 161 33 11 29 40 12 52 79 93
internal_value=-2.29367e-09 0.00535285 0.00447509 -0.00463788 -0.000784301 -0.00985241 0.00816592 0.0172791 0.00530588 0.0287825 -0.0444903 -0.00101138 -0.00288357 -0.00830613 -0.000705763 -0.0148337 0.00429684 0.00771612 0.000605107 0.0136565 -0.00570261 0.0212002 0.0144557 0.0203744 0.0111911 0.0214652 -0.00443599 0.0380228 -0.0161902 0.0280088
internal_weight=5.12027 0.813695 0.798189 0.230087 0.214239 0.142635 0.568102 0.0716047 0.496523 0.0545042 0.0238903 4.30658 0.118744 0.102787 0.0871644 0.0535441 0.0329865 0.445456 0.202751 0.242705 0.0680556 0.174649 0.137241 0.11698 0.148892 0.0898319 0.0590605 0.0613501 0.048556 0.0917362
internal_count=99908 1959 1478 599 577 293 879 284 765 236 50 97949 243 169 156 108 86 710 289 421 97 324 163 130 240 120 120 80 108 104
is_linear=0
shrinkage=0.05


Tree=223
num_leaves=31
num_cat=0
split_feature=8 0 6 7 13 7 8 0 12 1 8 13 6 2 7 13 1 12 7 7 0 13 8 8 0 6 6 6 0 1
split_gain=0.0107095 0.0208745 0.0181954 0.0170638 0.0164071 0.0569203 0.033018 0.0302703 0.0262737 0.0231633 0.0162891 0.0153597 0.0198136 0.0191756 0.0345897 0.0243382 0.0189358 0.0147436 0.0131195 0.0194129 0.0122011 0.0121791 0.0121219 0.0118583 0.0139607 0.0111788 0.00989003 0.0341776 0.00977151 0.0246551
threshold=0.48913043737411505 0.96039214730262767 0.93728145956993114 0.85798320174217235 20.500000000000004 0.46882475912570959 0.2981481552124024 0.72046512365341198 1.0000000180025095e-35 0.87298336625099193 0.2709790319204331 1.0000000180025095e-35 0.78696113824844371 0.6904762089252473 0.77621760964393627 7.5000000000000009 0.9833287000656129 6.5000000000000009 0.56425988674163829 0.62345302104949962 0.82807883620262157 1.0000000180025095e-35 0.098387096077203764 0.21980676054954532 0.97999200224876415 0.80866709351539623 0.60041153430938732 0.66821706295013439 0.90521115064620983 0.89039039611816417
decision_type=2 2 2 2 2 2 2 2 2 2 2 2 2 2 2 2 2 2 2 2 2 2 2 2 2 2 2 2 2 2
left_child=2 3 4 25 5 -1 -6 -8 9 -7 18 12 20 16 23 17 28 -16 22 -20 -10 -5 -11 24 -15 -2 -18 -28 29 -13
right_child=1 -3 -4 21 6 8 7 -9 11 10 -12 13 -14 14 15 -17 26 -19 19 -21 -22 -23 -24 -25 -26 -27 27 -29 -30 -31
leaf_value=-0.050331856879622522 0.039034526524199809 0.043274555242647728 0.060115195082046879 -0.013689792467358484 -0.00047178606090965397 -0.035220190850186676 -0.020215190074822493 0.056705719596783846 -0.050289564385155749 -0.044487540565307689 0.044189672567524381 -0.0050187685165242295 -0.035040080395298108 -0.037846714537996047 0.00028724771646323832 -0.064427385401267898 0.03987509032468714 -0.037010292180798286 -0.040950118711909934 0.018553872935626339 0.052037575484418098 0.0033460021840917733 0.040830518816426124 0.047721907416105755 0.043225355295265444 -0.023250635774514947 -0.045358131755276671 0.027401419878657685 0.011222820815251004 -0.038713385005086698
leaf_weight=0.071036142826459425 0.04823447316354279 0.032951291797846838 0.012015692089334951 0.11654766405721151 2.8315902614066197 0.020907490685373675 0.017589289879458181 0.046873952011416975 0.0032495746857311705 0.0047162143973520356 0.050027027221986486 0.216032399104572 0.011596669381177094 0.013746809094881129 0.046419369593508009 0.045984995306298515 0.02784960971838657 0.061733962617040561 0.023730525519795265 0.032450241097421895 0.028135802631290119 1.0509428513735732 0.035505061382719916 0.018302314099628347 0.0086523134479392638 0.0084686674373912751 0.023304412488641901 0.052499305627407011 0.046452244016855104 0.072514314553602854
leaf_count=60402 99 569 7 401 20085 597 369 86 671 210 217 13050 28 122 49 32 266 36 35 38 32 1723 163 40 23 36 21 62 70 369
internal_value=-1.32769e-09 0.00400336 -0.00131648 0.00294631 -0.00151018 -0.00734733 0.000333746 0.0357173 -0.00372868 0.0140107 0.02104 -0.00811679 0.0208075 -0.0100793 -0.0231318 -0.0339575 -0.00428164 -0.0210022 0.00902665 -0.00658037 0.0414428 0.00164536 0.0308264 0.0178654 -0.00653027 0.0297322 0.0143943 0.00503288 -0.0100602 -0.0134865
internal_weight=5.08006 1.25714 3.82292 1.22419 3.8109 0.914847 2.89605 0.0644632 0.843811 0.167337 0.146429 0.676474 0.042982 0.633492 0.19484 0.154138 0.438652 0.108153 0.096402 0.0561808 0.0313854 1.16749 0.0402213 0.0407014 0.0223991 0.0567031 0.103653 0.0758037 0.334999 0.288547
internal_count=99908 2828 97080 2259 97073 76533 20540 455 16131 1260 663 14871 731 14140 302 117 13838 85 446 73 703 2124 373 185 145 135 349 83 13489 13419
is_linear=0
shrinkage=0.05


Tree=224
num_leaves=31
num_cat=0
split_feature=8 13 2 8 13 13 2 12 8 6 8 8 2 0 12 13 6 6 1 0 0 6 7 0 6 13 8 1 4 2
split_gain=0.0105202 0.00857708 0.0101614 0.0132227 0.00710025 0.00800928 0.00777991 0.00745107 0.0145719 0.0175468 0.0144124 0.0195158 0.013905 0.0224008 0.017554 0.0192882 0.0138674 0.0180947 0.011292 0.0163689 0.0136662 0.0141851 0.02042 0.0198994 0.014693 0.012915 0.0126143 0.0123292 0.0175128 0.0191661
threshold=0.8441295623779298 5.5000000000000009 0.64583334326744091 0.91287881135940563 88.500000000000014 81.500000000000014 0.73214286565780651 8.5000000000000018 0.77097901701927196 0.93728145956993114 0.76696833968162548 0.7947368621826173 0.6904762089252473 0.88273492455482494 9.5000000000000018 6.5000000000000009 0.90125367045402538 0.6157280206680299 0.6308579444885255 0.72046512365341198 0.70438539981842052 0.92012271285057079 0.94360822439193737 0.91945946216583263 0.90125367045402538 1.5000000000000002 0.72474747896194469 0.90521115064620983 1.0000000180025095e-35 0.27922078967094427
decision_type=2 2 2 2 2 2 2 2 2 2 2 2 2 2 2 2 2 2 2 2 2 2 2 2 2 2 2 2 2 2
left_child=4 2 -2 -4 5 7 -6 10 9 12 18 -12 -9 14 -14 -16 17 -13 19 -1 27 22 24 -23 -22 -24 -27 28 -20 -30
right_child=1 -3 3 -5 6 -7 -8 8 -10 -11 11 16 13 -15 15 -17 -18 -19 20 -21 21 23 25 -25 -26 26 -28 -29 29 -31
leaf_value=-0.033542229594575416 0.020055803957038085 0.036020900652060414 -0.040888450991820133 0.050537368572563968 -0.0053701552035071327 -0.039760453463275641 0.035698120657278093 0.00016294364073932046 -0.034450139556462221 0.040141256284750883 0.048630022281024039 -0.031041020894548826 -0.048757826296239329 0.043584183116837483 0.021102035417868897 -0.038928180178130121 -0.01791222225128274 0.043120473793191144 -0.01488352954865154 0.04058908392488908 -0.001272843886013397 -0.031229928599292231 -0.024646031445995774 0.011323376047516629 0.02201020390295113 0.036077161660505994 0.0044840353348859522 0.033731407927340785 -0.050302249013641269 0.022662200803634694
leaf_weight=0.048835230869989421 0.041896141217307448 0.034963366465149193 0.018286449929561854 0.0050461130016241631 0.019535353437280523 0.012966041396880068 0.028147957593319006 0.26955669521725889 0.042349418061348842 0.021673351929905493 0.035283955636629005 0.011151380590717963 0.051500873477355213 0.012230468353507717 0.027716830112915591 0.025871078442564865 0.03800172950070646 0.031342366634291352 0.066481625331363869 0.0087863252320754537 3.6442420218735774 0.083677056150065598 0.015729059342774465 0.040903120649334213 0.069043397954132391 0.078125547589444011 0.053048368722819816 0.049951398210104969 0.0097692099816288208 0.11432890740913772
leaf_count=12268 236 235 47 168 123 122 16 36106 42 34 76 9 130 22 70 136 75 97 8114 183 29334 132 20 147 62 265 77 744 4365 6453
internal_value=-4.45636e-09 0.016039 0.00532854 -0.0211159 -0.000327276 -0.000515557 0.0188729 -0.00041063 -0.00653201 -0.00363807 0.000216855 0.0176241 -0.00609065 -0.0204591 -0.0279126 -0.00787925 0.00403317 0.0236587 -0.000253713 -0.0222384 4.6099e-05 -0.000652535 -0.000116609 -0.0172585 -0.000839928 0.0181668 0.0233005 0.01162 0.0058246 0.0169183
internal_weight=5.01044 0.100192 0.0652287 0.0233326 4.91025 4.86257 0.0476833 4.8496 0.450899 0.408549 4.3987 0.115779 0.386876 0.117319 0.105089 0.0535879 0.0804955 0.0424937 4.28292 0.0576216 4.2253 3.98477 3.86019 0.12458 3.71329 0.146903 0.131174 0.240531 0.19058 0.124098
internal_count=99908 686 451 215 99222 99083 139 98961 36540 36498 62421 257 36464 358 336 206 181 106 62164 12451 49713 30037 29758 279 29396 362 342 19676 18932 10818
is_linear=0
shrinkage=0.05


Tree=225
num_leaves=31
num_cat=0
split_feature=8 13 2 8 4 0 0 8 12 6 6 2 6 7 0 7 8 12 0 7 2 13 2 6 6 7 0 13 7 8
split_gain=0.010136 0.00754533 0.00862602 0.012007 0.00698752 0.0131127 0.0145523 0.0176848 0.0159658 0.0184629 0.0292925 0.0175009 0.0148317 0.0148424 0.0137457 0.0147526 0.0233282 0.0300625 0.0114204 0.0106316 0.03869 0.034499 0.0231536 0.0184322 0.0272121 0.0198344 0.0178235 0.0171156 0.0215915 0.0257714
threshold=0.8441295623779298 5.5000000000000009 0.64583334326744091 0.91287881135940563 1.0000000180025095e-35 0.61451050639152538 0.61938297748565685 0.13100686669349673 7.5000000000000009 0.52839964628219616 0.62303319573402416 0.095454547554254546 0.93728145956993114 0.80101522803306591 0.9529346525669099 0.90976935625076305 0.36515152454376226 1.5000000000000002 0.92390406131744396 0.61826965212821972 0.93750000000000011 6.5000000000000009 0.77500000596046459 0.55891487002372753 1.0000000180025095e-35 0.55013227462768566 0.99450549483299266 2.5000000000000004 0.92380261421203624 0.72474747896194469
decision_type=2 2 2 2 2 2 2 2 2 2 2 2 2 2 2 2 2 2 2 2 2 2 2 2 2 2 2 2 2 2
left_child=4 2 -2 -4 5 -1 -7 -8 9 -9 11 -11 13 -12 15 16 -15 -18 -19 21 22 -6 -21 24 -23 -26 -27 -24 -29 -30
right_child=1 -3 3 -5 19 6 7 8 -10 10 12 -13 -14 14 -16 -17 17 18 -20 20 -22 23 27 -25 25 26 -28 28 29 -31
leaf_value=-0.020194441817379644 0.019350757401269025 0.035045828819372675 -0.03859784379068313 0.05051489920206316 -0.043070136482149399 0.057950263511828297 -0.037727350344205567 0.031136889582692468 -0.025120958856477006 0.066836214523865595 -0.028374606193689863 -0.051862432838617495 -0.03641496469345977 0.056022005604518747 -0.042094965613093858 0.041072944831717653 0.03306622819353703 -0.048610914103147593 0.014390045326801524 0.0043109255331692216 0.038356186381768721 -0.00019202903421799747 0.0097828280600910124 0.037766056697023709 -0.042670821009755722 0.019480328497665959 -0.057091217381167958 -0.039270065179667912 0.030728089261813259 -0.035637656923249571
leaf_weight=0.12168671864152641 0.041246255446882318 0.033837907483263763 0.017430245860325044 0.0048267777818153937 0.049067035340352727 0.010077666551248143 0.033256252649013662 0.055062424054030612 0.05148456597192097 0.0034116752052852908 0.020702115455361936 0.034583880863803707 0.017936405739192196 0.019678430367218169 0.0093186138051351008 0.054412683097424974 0.028998970756695996 0.03059243363401265 0.0094046226004138589 1.2797572766408585 0.076318017266000626 2.6246895996081538 0.054569710125406234 0.030679112635118577 0.066693453717033446 0.031894586410576908 0.0099770245983563655 0.084747855380712167 0.03174630389230515 0.027128512140393468
leaf_count=19017 236 235 47 168 23577 630 12305 727 705 5 301 723 33 40 14 141 44 90 4 2366 643 492 35 267 36020 893 17 73 35 25
internal_value=-3.00508e-09 0.0159755 0.00581388 -0.0192724 -0.00031946 -0.00591469 -0.00132889 -0.00294854 0.000498003 0.00514063 -0.00110901 -0.0412043 0.00686528 0.0113497 0.0167457 0.0205777 0.00800139 -0.00569463 -0.0337973 0.000321905 0.00364075 -0.00151186 0.00184813 -0.000774091 -0.00120668 -0.0257371 0.00123512 -0.0140545 -0.0231116 0.000147884
internal_weight=4.96522 0.0973412 0.0635033 0.022257 4.86788 0.500607 0.378921 0.368843 0.335587 0.284102 0.22904 0.0379956 0.191044 0.173108 0.152406 0.143087 0.0886745 0.068996 0.0399971 4.36727 1.55427 2.813 1.47795 2.76393 2.73325 0.108565 0.0418716 0.198192 0.143623 0.0588748
internal_count=99908 686 451 215 99222 34779 15762 15132 2827 2122 1395 728 667 634 333 319 178 138 94 64443 3177 61266 2534 37689 37422 36930 910 168 133 60
is_linear=0
shrinkage=0.05


Tree=226
num_leaves=31
num_cat=0
split_feature=10 5 6 1 7 13 1 0 7 12 13 12 7 13 6 2 5 13 7 2 12 0 6 2 0 6 0 0 12 0
split_gain=0.00974031 0.00934444 0.0125655 0.0117995 0.0113936 0.00780454 0.00806438 0.00844921 0.00737778 0.00685568 0.0102687 0.00676885 0.0122531 0.0280795 0.0157175 0.0159902 0.0133186 0.0129761 0.020418 0.0235367 0.0195634 0.0185498 0.0130333 0.0122663 0.0114976 0.014361 0.0103924 0.00944831 0.0105944 0.00984841
threshold=1.0000000180025095e-35 1.0000000180025095e-35 0.93728145956993114 0.86616915464401256 0.95904389023780834 4.5000000000000009 0.82807883620262157 0.65733855962753307 0.99783548712730419 1.5000000000000002 17.500000000000004 4.5000000000000009 0.71654227375984203 19.500000000000004 0.32446582615375524 1.0000000180025095e-35 1.0000000180025095e-35 2.5000000000000004 0.92380261421203624 0.6904762089252473 7.5000000000000009 0.83910790085792553 0.63191848993301403 0.73214286565780651 0.88273492455482494 0.68244633078575145 0.8521554470062257 0.71746492385864269 6.5000000000000009 0.63582888245582592
decision_type=2 2 2 2 2 2 2 2 2 2 2 2 2 2 2 2 2 2 2 2 2 2 2 2 2 2 2 2 2 2
left_child=11 2 3 -2 -4 6 7 -3 9 10 -7 -1 14 16 -13 -16 -14 20 19 27 21 -18 -21 -15 25 -20 -27 29 -29 -19
right_child=1 5 4 -5 -6 8 -8 -9 -10 -11 -12 12 13 23 15 -17 17 18 24 22 -22 -23 -24 -25 -26 26 -28 28 -30 -31
leaf_value=0.00034360068307440027 -0.010627134839616722 0.049621527589383707 -0.081559093926429405 0.033605806005343464 -0.012782928462315405 0.043933906795856612 0.043222499381198973 -0.0090988167521049903 0.050490343422190921 -0.00020221015186667587 -0.01445103824991517 -0.0063519243306730923 -0.018063630371547464 0.01067698683640006 0.026616899704688821 -0.051569928664528544 -0.042684398818056149 -0.013235792947216088 0.036919732811803087 -0.0021004379643580549 0.023799822429195348 0.0088704623964910561 -0.043911173728566712 0.056267202633098638 0.038624681841583748 0.00047544277490982562 -0.041721900037408784 -0.027811730577216559 0.012656812529426723 0.052945595978232202
leaf_weight=3.6964622876686137 0.036233995420755782 0.0087107510847103109 0.0082612462044835411 0.025820815614979509 0.022214218288127086 0.023257694990233446 0.037964255170149119 0.020645265808365565 0.0095684270078244538 0.12394685317344023 0.011137442308780443 0.11061459926563885 0.14546738337558618 0.032908492763688679 0.0076934065841717586 0.043588468415687746 0.027085673036253866 0.0089909654135169603 0.022605712703352765 0.024535382522117288 0.10525963630442448 0.049033806612897024 0.077555905973213157 0.026744452956336318 0.024546043192458455 0.078664401371042914 0.017913809934384517 0.034040462456687237 0.030810933651537198 0.014998578912354787
leaf_count=40383 693 31 17 147 110 189 495 42 177 345 52 11076 1165 617 1356 42484 32 39 27 19 98 23 67 15 20 85 21 28 32 23
internal_value=-4.87628e-09 0.00832659 -0.00513428 0.00777806 -0.0314267 0.0136216 0.028005 0.00832515 0.00785481 0.00527839 0.0250284 -0.000595948 -0.00452888 -0.00173826 -0.0169596 -0.0398402 -0.00470102 -0.00093422 -0.00677123 -0.0174866 0.00983563 -0.00947436 -0.0338629 0.0311166 0.00746318 0.00104544 -0.00735153 0.00133216 -0.0085851 0.0281417
internal_weight=4.90728 0.327761 0.0925303 0.0620548 0.0304755 0.235231 0.0673203 0.029356 0.16791 0.158342 0.0343951 4.57952 0.883058 0.721162 0.161896 0.0512819 0.661509 0.516041 0.334662 0.190932 0.181379 0.0761195 0.102091 0.0596529 0.14373 0.119184 0.0965782 0.0888409 0.0648514 0.0239895
internal_count=99908 2298 967 840 127 1331 568 73 763 586 241 97610 57227 2311 54916 43840 1679 514 361 208 153 55 86 632 153 133 106 122 60 62
is_linear=0
shrinkage=0.05


Tree=227
num_leaves=31
num_cat=0
split_feature=8 4 1 2 12 6 6 6 6 13 7 0 12 0 13 12 7 0 12 7 12 6 13 8 13 2 1 0 7 2
split_gain=0.00956336 0.00756373 0.011417 0.0181053 0.0123801 0.0121438 0.0116105 0.0296707 0.0154135 0.0108895 0.0171005 0.0181216 0.0131844 0.010026 0.0115889 0.00985506 0.00978511 0.00892278 0.0121352 0.00890425 0.00884196 0.00862539 0.00807357 0.00796731 0.0156011 0.0104325 0.00774685 0.00691054 0.00687513 0.0347021
threshold=0.8441295623779298 1.0000000180025095e-35 0.81892696022987377 1.0000000180025095e-35 10.500000000000002 0.93728145956993114 0.62303319573402416 0.52839964628219616 0.50114154815673839 4.5000000000000009 0.90976935625076305 0.86616915464401256 1.5000000000000002 0.76689496636390697 71.500000000000014 20.500000000000004 0.90976935625076305 0.44562648236751562 11.500000000000002 0.99783548712730419 7.5000000000000009 0.88322511315345775 11.500000000000002 0.21240601688623431 41.500000000000007 0.5634920895099641 0.56635218858718883 0.63859337568283092 0.61826965212821972 0.93750000000000011
decision_type=2 2 2 2 2 2 2 2 2 2 2 2 2 2 2 2 2 2 2 2 2 2 2 2 2 2 2 2 2 2
left_child=1 2 3 17 5 6 7 8 23 -8 11 12 -11 14 -5 -6 -15 -1 20 28 27 -21 -12 24 -4 -26 -20 -19 -3 -30
right_child=-2 19 4 13 15 -7 9 -9 -10 10 22 -13 -14 16 -16 -17 -18 18 26 21 -22 -23 -24 -25 25 -27 -28 -29 29 -31
leaf_value=-0.020059090975122346 0.015866744001608101 -0.0013099656575646886 -0.051044135499793468 -0.045182917740794748 -0.036215484429916962 -0.033798954532828461 0.030265852682455203 -0.049483323219976567 0.050897683505629135 -0.00082964596153169514 0.0092577795841243208 0.023790535772759434 -0.056564506458710133 -0.050782374685793122 0.051591572051329818 0.036645590451095271 0.056288725546074447 -0.03638356743974145 0.051000176174094906 0.050707603240251524 -0.051659700163381554 0.00065887276855395975 0.053111223655654898 0.019154100845158051 0.043648581212109717 -0.030622437213836923 0.19717250460200528 0.038573246169985892 0.0011841929415507485 0.036999876717644001
leaf_weight=0.023999452801083981 0.093150865716818632 2.7925670909592331 0.018026262370066659 0.065978221089131817 0.036441726686083004 0.021816336529582259 0.06004763507462485 0.030642605301855586 0.016848612058530943 0.01931304282408064 0.02411653932625768 0.022713128037139541 0.023548373426763192 0.0034545340437162619 0.0032457624646415875 0.0053182602357804967 0.0055814544612076133 0.0041595604284943013 0.0091250565917264381 0.017212350396396903 0.0061217970662885137 0.017222058564755116 0.018582277344535214 0.024521296306105 0.011614294881877818 0.0079745105854263088 0.0010064018348983081 0.011791769077130865 1.4025234675329299 0.071057983146469605
leaf_count=772 686 61266 3419 25178 2088 34 78 122 63 18 50 17 29 653 98 575 4 489 185 136 196 59 30 36 252 238 25 130 2400 582
internal_value=-2.98997e-09 -0.00030943 -0.00629004 -0.0186312 -0.00143111 0.00212201 0.00494146 -0.0077211 0.00848076 0.0131886 0.00371768 -0.0123168 -0.0314508 -0.0341796 -0.0406454 -0.0269364 0.0153545 0.00301872 0.0202167 0.000352504 -0.00057731 0.0256762 0.0283425 -0.00302082 -0.0174767 0.0134132 0.0655201 0.0190271 0.000148103 0.00291127
internal_weight=4.86972 4.77657 0.475989 0.134464 0.341525 0.299765 0.277949 0.109628 0.078985 0.168321 0.108273 0.0655745 0.0428614 0.07826 0.069224 0.04176 0.00903599 0.056204 0.0322046 4.30058 0.0220731 0.0344344 0.0426988 0.0621364 0.0376151 0.0195888 0.0101315 0.0159513 4.26615 1.47358
internal_count=99908 99222 34779 27730 7049 4386 4352 4130 4008 222 144 64 47 25933 25276 2663 657 1797 1025 64443 815 195 80 3945 3909 490 210 619 64248 2982
is_linear=0
shrinkage=0.05


Tree=228
num_leaves=31
num_cat=0
split_feature=8 13 8 7 8 2 12 12 6 8 7 13 2 8 2 2 12 6 1 5 1 13 0 12 12 0 12 8 7 1
split_gain=0.00872077 0.0128894 0.00956555 0.00924895 0.0087553 0.00846794 0.00791639 0.0251652 0.00820652 0.00997471 0.0174341 0.0253795 0.00950886 0.00935312 0.0201162 0.0128966 0.00863813 0.0131028 0.009089 0.00893256 0.00811327 0.00784114 0.00944095 0.0074221 0.011343 0.00802687 0.00746811 0.00740467 0.00683978 0.00681863
threshold=0.61721614003181469 1.0000000180025095e-35 0.58578431606292736 0.88478556275367748 0.97499999403953563 0.84523808956146251 12.500000000000002 11.500000000000002 0.90125367045402538 0.71008405089378368 0.95904389023780834 4.5000000000000009 0.77500000596046459 0.63961037993431102 0.44949495792388922 0.44949495792388922 4.5000000000000009 0.6157280206680299 0.80810147523880016 1.0000000180025095e-35 0.95713412761688244 2.5000000000000004 0.86706829071044933 13.500000000000002 24.500000000000004 0.68457102775573742 26.500000000000004 0.78019323945045482 0.72792208194732677 0.62258651852607738
decision_type=2 2 2 2 2 2 2 2 2 2 2 2 2 2 2 2 2 2 2 2 2 2 2 2 2 2 2 2 2 2
left_child=2 4 23 -3 -2 6 7 8 13 -10 11 -11 20 14 -5 27 17 -17 -19 -18 -12 -21 -23 29 25 -25 -26 -15 -27 -1
right_child=1 3 -4 5 -6 -7 -8 -9 9 10 12 -13 -14 15 -16 16 19 18 -20 21 -22 22 -24 24 26 28 -28 -29 -30 -31
leaf_value=-0.016872253641674655 -0.018551168891471494 0.054669454005478013 -0.027196052549855916 0.036980807488247065 0.029197291020509077 0.050590496909608644 0.025129934598210696 -0.044061170295409305 0.018433593245595615 -0.069989093707243946 0.00095080810442214306 0.006371573952342599 -0.037525305409564641 -0.017367457906838826 -0.031383096262227309 -0.0020193924722675715 -0.01451588865561731 0.010398963031253943 0.047809387825552802 0.045723605626503433 0.036326645761986763 0.022442449314926848 -0.015826039026181928 -0.040526338941229562 0.051846154814051575 -0.050398902807253204 -0.04659707073160458 0.025756651041946306 0.032624218640765111 -0.00015966976531001597
leaf_weight=0.061989630183587496 0.078738588222847627 0.010229964428756233 0.034287349993753824 0.016032177563943151 0.010933585294718107 0.010822940961288552 0.049653047160518327 0.025674046768983771 0.048901952284097661 0.023251549550749928 0.080106057479930826 0.020453117622793116 0.012879638487632405 0.041760142690506541 0.032724579295859257 0.025284794914512077 0.027455766194179887 0.021398546572527266 0.067292323123474773 0.019951263055872914 0.020318828341540751 0.051426901423894833 0.023472620790492726 0.035923862787491712 0.0080751490908934909 0.0035760596112423557 0.0025301915216413848 0.013069491451112469 0.008099423362637026 3.9460443013679383
leaf_count=18909 150 18 87 28 300 385 91 29 89 29 171 22 17 89 39 34 20 17 191 20 83 71 30 12975 361 827 665 36 21 64104
internal_value=1.47907e-10 0.00502785 -0.000897333 0.00750748 -0.0127293 0.006744 0.00597996 0.00431604 0.00659176 -0.00128516 -0.00742675 -0.0342535 0.00292105 0.011364 -0.0089037 0.0147586 0.0198281 0.0297315 0.0387833 0.0105993 0.00810835 0.0178692 0.0104496 -0.000675577 -0.0184021 -0.0288209 0.0283599 -0.00708816 0.00719524 -0.000418152
internal_weight=4.83236 0.731832 4.10053 0.64216 0.0896722 0.63193 0.621107 0.571454 0.54578 0.205911 0.157009 0.0437047 0.113305 0.339869 0.0487568 0.291112 0.236282 0.113976 0.0886909 0.122307 0.100425 0.0948508 0.0748995 4.06624 0.0582047 0.0475993 0.0106053 0.0548296 0.0116755 4.00803
internal_count=99908 1959 97949 1509 450 1491 1106 1015 986 411 322 51 271 575 67 508 383 242 208 141 254 121 101 97862 14849 13823 1026 125 848 83013
is_linear=0
shrinkage=0.05


Tree=229
num_leaves=31
num_cat=0
split_feature=8 1 2 12 0 0 12 0 1 0 1 0 13 7 7 2 2 0 0 13 8 6 1 13 8 6 12 8 4 6
split_gain=0.00824112 0.00783019 0.0159628 0.0183868 0.0195604 0.0162551 0.0205607 0.0155644 0.0183441 0.0299862 0.0181366 0.0176776 0.0144088 0.0168951 0.0141477 0.0148454 0.0175027 0.0138287 0.0160184 0.0201638 0.0169852 0.0242311 0.0132829 0.0148759 0.0133979 0.0126461 0.0130261 0.0142594 0.0166459 0.0119217
threshold=0.8441295623779298 0.97182539105415355 0.6904762089252473 8.5000000000000018 0.86240702867507946 0.88273492455482494 9.5000000000000018 0.90521115064620983 0.92637759447097789 0.75147059559822094 0.97014260292053234 0.76506900787353527 4.5000000000000009 0.87198767066001903 0.78886163234710704 0.44949495792388922 0.52777779102325451 0.98648402094841015 0.8521554470062257 4.5000000000000009 0.57738095521926891 0.60041153430938732 0.88273492455482494 55.500000000000007 0.26006440818309789 0.93728145956993114 3.5000000000000004 0.17519181966781619 1.0000000180025095e-35 0.62303319573402416
decision_type=2 2 2 2 2 2 2 2 2 2 2 2 2 2 2 2 2 2 2 2 2 2 2 2 2 2 2 2 2 2
left_child=1 7 17 4 -4 6 -5 8 14 -10 -9 -11 -8 -14 15 -1 -17 18 25 20 21 -20 24 -24 -18 26 -3 -28 -29 -30
right_child=-2 2 3 5 -6 -7 12 10 9 11 -12 -13 13 -15 -16 16 22 -19 19 -21 -22 -23 23 -25 -26 -27 27 28 29 -31
leaf_value=-0.028219082997636726 0.015009277727418006 0.048389150807587267 0.01812886047087928 -0.048468537448975058 -0.00046649432919060747 0.038012832200807742 0.024617061047757006 0.011113479128084721 0.030276486312930506 -0.11270974257678529 -0.062646295552129527 -0.034730113282738222 0.038869903504145736 -0.042415082279865429 -0.00080994488324260356 0.020841860316048382 0.025563509856009466 -0.039853929506639574 0.050904216601334623 0.041510808687307131 0.052307701158016043 -0.045244093669928209 -0.047272047286082586 0.024061905886729046 -0.054277698630943699 0.052081868234462828 -0.022474027889129028 -0.020345775308942975 0.042899389918221967 0.0073908017328607736
leaf_weight=0.11128398269593409 0.089745583005869878 0.014736603730935105 0.14902904242459936 0.050829317920956352 2.7694603268593836 0.011293792490725707 0.024139679439889594 0.21555503706307177 0.016685394780134644 0.0083837424934934957 0.0086692407519990411 0.054599900596171924 0.0081550240740968505 0.029580060478110681 0.7106289255889634 0.047401777322020278 0.024007625811684197 0.013406666060291172 0.0090470397198583186 0.080712807517130614 0.011313345027645028 0.023768873160065596 0.039211463183986495 0.0089828502491586804 0.0067266026856032104 0.013630507699872396 0.055014480197010829 0.045041553358721842 0.02933516097402844 0.12171313592511979
leaf_count=67923 686 123 1142 134 8277 24 55 1393 301 37 47 667 130 35 2259 7026 3552 15 118 365 40 24 1590 87 25 22 3563 70 57 121
internal_value=-1.32259e-09 -0.00028585 0.000940212 -0.000318138 0.000483054 -0.0191755 -0.0249062 -0.003674 -0.0062776 -0.0293215 0.00826169 -0.04511 -0.00555005 -0.0248484 -0.00434151 -0.0149033 -0.00317347 0.0101055 0.0117621 0.0266526 -0.000523317 -0.0187369 -0.0175963 -0.0339762 0.00808918 0.0051104 0.00270202 2.07718e-05 0.00633186 0.0142869
internal_weight=4.80209 4.71234 3.46021 3.04249 2.91849 0.123998 0.112704 1.25214 1.02791 0.079669 0.224224 0.0629836 0.0618748 0.0377351 0.948243 0.237614 0.12633 0.41772 0.404314 0.124842 0.0441293 0.0328159 0.0789285 0.0481943 0.0307342 0.279471 0.265841 0.251104 0.19609 0.151048
internal_count=99908 99222 14315 9797 9419 378 354 84907 83467 1005 1440 704 220 165 82462 80203 12280 4518 4503 547 182 142 5254 1677 3577 3956 3934 3811 248 178
is_linear=0
shrinkage=0.05


Tree=230
num_leaves=31
num_cat=0
split_feature=4 6 7 10 0 13 13 0 12 0 13 8 13 13 0 8 12 8 6 6 2 13 7 0 12 7 13 12 13 12
split_gain=0.0104184 0.0282201 0.0287243 0.0138449 0.0125761 0.011561 0.0447203 0.0225831 0.0210083 0.0295246 0.0192718 0.018044 0.0125318 0.01201 0.0115185 0.017462 0.0118408 0.0112239 0.0129304 0.0235661 0.0135234 0.012991 0.0144284 0.0290928 0.0128401 0.0106074 0.0105134 0.0101885 0.00976934 0.00920879
threshold=1.0000000180025095e-35 0.93728145956993114 0.95904389023780834 1.0000000180025095e-35 0.61451050639152538 33.500000000000007 34.500000000000007 0.86616915464401256 1.0000000180025095e-35 0.94185259938240062 66.500000000000014 0.10960961133241655 31.500000000000004 43.500000000000007 0.61938297748565685 0.13100686669349673 7.5000000000000009 0.76330533623695385 0.52839964628219616 0.62303319573402416 0.095454547554254546 5.5000000000000009 0.90976935625076305 0.87895438075065624 1.0000000180025095e-35 0.67936623096466076 35.500000000000007 3.5000000000000004 4.5000000000000009 1.5000000000000002
decision_type=2 2 2 2 2 2 2 2 2 2 2 2 2 2 2 2 2 2 2 2 2 2 2 2 2 2 2 2 2 2
left_child=1 4 -3 5 -1 12 7 -7 10 11 25 13 -2 -10 -6 -16 17 18 -17 20 -20 29 23 24 -23 26 -8 -14 -5 -21
right_child=3 2 -4 28 14 6 8 -9 9 -11 -12 -13 27 -15 15 16 -18 -19 19 21 -22 22 -24 -25 -26 -27 -28 -29 -30 -31
leaf_value=-0.017765812122567889 -0.0003658361943119169 -0.087900611311093113 -0.012518670432650364 0.028828378673238914 0.058646908958252211 -0.051537927650832274 0.032864133746234293 0.091315315733646624 0.012457486864775475 0.053593858317975154 0.012746347726420216 0.029255867252256752 -0.010765137066606494 -0.018671498817446598 -0.03639524025353439 0.028238180390827296 -0.018977255373628349 0.040233033925697902 0.06447177582575768 0.047644728787917701 -0.050871121429016855 0.020772241369143733 0.027792813453645027 0.039355496491832696 -0.052994182100760567 0.022161161800186097 -0.035968351268376095 -0.055337893533512775 0.0061416418600020771 0.0064751696557847696
leaf_weight=0.10445021234615537 3.6011223580901177 0.020382928731152106 0.033255636193626259 0.066666823283400234 0.0087901452119191203 0.0031702813622936357 0.0059884924977903755 0.021726058061283915 0.054744999366390878 0.038232578885526003 0.054605178642622931 0.054552502219310101 0.05049098352594722 0.071392823594734117 0.02893224029414726 0.047053106193991945 0.045596774315115607 0.025421618108026678 0.0027902980577216843 0.026443797893167087 0.028468382291906402 0.0071094508394082814 0.02364192194946213 0.015725370459676924 0.034652404214385868 0.010653053291818537 0.075326478239370165 0.01718410159682765 0.16464570122125799 0.02792799147635483
leaf_count=19002 56134 31 130 589 632 355 50 47 2092 91 105 492 315 2749 12305 726 720 67 5 71 723 36 95 14 278 22 597 511 812 112
internal_value=7.19555e-10 -0.00698076 -0.0411642 0.000782019 -0.00268677 0.000104001 0.00828412 0.0731245 0.00386741 0.013676 -0.0107827 0.00522969 -0.000766435 -0.00516123 0.00219617 0.00061469 0.00437404 0.00882467 0.00509032 -0.00144111 -0.0405751 0.0075867 -0.00508746 -0.0186096 -0.0404363 -0.0247529 -0.0308991 -0.0220831 0.0126802 0.026498
internal_weight=4.77114 0.480642 0.0536386 4.2905 0.427004 4.05919 0.390392 0.0248963 0.365496 0.218923 0.146573 0.18069 3.6688 0.126138 0.322554 0.313763 0.284831 0.239234 0.213813 0.16676 0.0312587 0.135501 0.0811291 0.0574872 0.0417619 0.091968 0.081315 0.0676751 0.231313 0.0543718
internal_count=99908 34947 161 64961 34786 63560 6600 402 6198 5424 774 5333 56960 4841 15784 15152 2847 2127 2060 1334 728 606 423 328 314 669 647 826 1401 183
is_linear=0
shrinkage=0.05


Tree=231
num_leaves=31
num_cat=0
split_feature=4 6 7 13 13 0 12 0 13 7 10 13 1 2 12 6 6 6 13 1 1 0 2 1 1 0 2 12 13 0
split_gain=0.0410796 0.10871 0.0539396 0.0393017 0.136195 0.0335554 0.0160603 0.0250231 0.0154233 0.0151071 0.0144017 0.0116232 0.0113738 0.0177847 0.0106947 0.0117569 0.0214859 0.0127244 0.0101106 0.0193659 0.0121932 0.0110964 0.0119653 0.0105646 0.00988309 0.0127324 0.0099405 0.00936117 0.00907832 0.00915102
threshold=1.0000000180025095e-35 0.93728145956993114 0.95904389023780834 33.500000000000007 34.500000000000007 0.86616915464401256 1.0000000180025095e-35 0.94185259938240062 50.500000000000007 0.55013227462768566 1.0000000180025095e-35 31.500000000000004 0.81892696022987377 1.0000000180025095e-35 10.500000000000002 0.62303319573402416 0.52839964628219616 0.50114154815673839 43.500000000000007 0.89699381589889537 0.90259328484535228 0.93405798077583324 0.73214286565780651 0.93405798077583324 0.94804319739341747 0.91945946216583263 0.81666666269302379 8.5000000000000018 71.500000000000014 0.76689496636390697
decision_type=2 2 2 2 2 2 2 2 2 2 2 2 2 2 2 2 2 2 2 2 2 2 2 2 2 2 2 2 2 2
left_child=1 12 -3 10 5 -5 8 9 -6 18 11 -2 13 -1 15 16 17 -14 19 -8 -20 22 -21 -22 25 -13 -26 -11 29 -15
right_child=3 2 -4 4 6 -7 7 -9 -10 27 -12 24 14 28 -16 -17 -18 -19 20 21 23 -23 -24 -25 26 -27 -28 -29 -30 -31
leaf_value=0.0061564119343908551 -0.00036806635880345527 -0.092017284170640354 -0.011957781449338942 -0.052009922619604979 -0.02733071943787152 0.093607656654328922 0.047312719193730084 0.050560621133675591 0.0057684377082339996 0.032188049775257153 0.012582279773023473 -0.051231256636889301 -0.0036391267318951546 -0.043259807162251224 -0.023101680878087425 0.014617207612928236 -0.045950387462094483 0.049610930692982252 -0.052441508770907988 -0.046579107501654504 0.046440154333837066 0.051681250097621693 0.03091787448647218 -0.015009453965761269 -0.055254792947491999 0.058567028374413757 -0.011934782355613299 -0.024565073407585493 0.050513452739608514 0.014660791591497708
leaf_weight=0.053421292603204926 3.5908499595825161 0.057989438013711592 0.033017862082370897 0.0042415317961559387 0.063039342939992832 0.058803084944620387 0.022048462769206176 0.036377774464374291 0.07968189828058958 0.056256893874047142 0.21446356973380165 0.0040567953067652818 0.056355046990915814 0.057364670229216833 0.03519190090180635 0.15985435750764765 0.026379328537071478 0.014006961205804691 0.018415330908447977 0.019735805552095531 0.0083516053495191755 0.00539374841270046 0.0066620335882419104 0.043042545746067029 0.023271726864025455 0.007561965152490302 0.030727962642544071 0.0083435351833338056 0.0031518078639639615 0.0077393946959363183
leaf_count=1799 56134 31 130 359 466 47 1922 101 321 263 1312 694 3945 25160 2679 254 131 63 2398 219 78 3 39 344 57 8 67 129 104 651
internal_value=3.10341e-09 -0.0134984 -0.0629713 0.00158314 0.0159165 0.0838108 0.00426449 0.0125979 -0.00885131 0.00526186 -1.05373e-05 -0.000749146 -0.00260898 -0.0154509 0.0027462 0.00629122 -0.00746656 0.00696136 -0.00497612 0.0113044 -0.0175323 -0.0136685 -0.0270212 -0.00502383 -0.0216031 0.02023 -0.030604 0.024858 -0.0323622 -0.0363744
internal_weight=4.8058 0.504472 0.0910073 4.30133 0.430394 0.0630446 0.367349 0.224628 0.142721 0.18825 3.87093 3.65647 0.413465 0.121677 0.291788 0.256596 0.0967413 0.070362 0.12365 0.0538401 0.0698095 0.0317916 0.0263978 0.0513942 0.0656184 0.0116188 0.0539997 0.0646004 0.0682559 0.0651041
internal_count=99908 34947 161 64961 6689 406 6283 5496 787 5395 58272 56960 34786 27714 7072 4393 4139 4008 5003 2183 2820 261 258 422 826 702 124 392 25915 25811
is_linear=0
shrinkage=0.05


Tree=232
num_leaves=31
num_cat=0
split_feature=7 1 13 8 1 0 1 0 8 8 6 6 2 12 0 0 12 8 13 0 12 7 1 13 8 12 12 1 7 0
split_gain=0.00845737 0.00920844 0.00999139 0.00774228 0.00761684 0.022169 0.0294276 0.0174876 0.0158073 0.0148401 0.0157854 0.0138676 0.0120989 0.0129534 0.0142842 0.0122462 0.0199585 0.0137813 0.0118284 0.0114233 0.0111579 0.010935 0.0108423 0.0136152 0.0122067 0.0121135 0.0163811 0.0145682 0.0132946 0.0208052
threshold=0.99783548712730419 0.55625879764556896 8.5000000000000018 0.94281044602394115 0.94570022821426403 0.90521115064620983 0.92907443642616283 0.74322345852851879 0.48913043737411505 0.42582418024539953 0.80866709351539623 0.86501669883728038 0.6904762089252473 8.5000000000000018 0.86240702867507946 0.88273492455482494 10.500000000000002 0.65833333134651195 3.5000000000000004 0.98648402094841015 7.5000000000000009 0.88478556275367748 0.90645834803581249 1.5000000000000002 0.58957219123840343 1.5000000000000002 6.5000000000000009 0.8874824345111848 0.92380261421203624 0.74322345852851879
decision_type=2 2 2 2 2 2 2 2 2 2 2 2 2 2 2 2 2 2 2 2 2 2 2 2 2 2 2 2 2 2
left_child=4 -2 3 -3 5 6 8 -8 11 10 -7 -1 19 14 -14 16 17 -15 -18 -6 -9 -20 23 24 -10 27 -27 -25 -28 -30
right_child=1 2 -4 -5 12 9 7 20 22 -11 -12 -13 13 15 -16 -17 18 -19 21 -21 -22 -23 -24 25 -26 26 28 -29 29 -31
leaf_value=-0.0085141282123201902 -0.026032767592743207 0.0012729773990699622 0.046564656034731873 0.050203152731687885 0.0096394697144421785 0.0097552857517526244 0.031661841679303769 -0.062915263642374999 0.017597663662616524 0.034070177456437201 -0.050900338310906484 -0.040240095714716852 0.015658819240267598 -0.053010724782489083 -0.00046377072349458831 0.035176354536401354 0.042265001945404154 0.0038529963143091907 0.038243764764549666 -0.039573142180745466 0.0020791996961241456 -0.030900191969261422 0.038042055812332588 0.024715465877465839 -0.029753182375169843 -0.011000104237582469 0.039629341520227318 -0.027679697162730006 -0.025456476900950153 0.042213446244271549
leaf_weight=0.41421557850620794 0.01220572628380967 0.049957116107648858 0.025548677601086922 0.0096454581062070943 0.45242045750389559 0.080366806088316589 0.007069627653680576 0.041070970245213223 0.017709883273832716 0.057040618912854057 0.012378520374568325 0.0375678705709106 0.14462363853304072 0.047558229924639428 2.7431674029748403 0.010357108714146079 0.013766031485107133 0.01373168685552173 0.0076287695123857793 0.012107341253795312 0.0078685305152443874 0.02283057259967336 0.019974776084268342 0.10026852597668068 0.058804811834448856 0.16425676279139978 0.035089125355396433 0.015289766276282535 0.031042397915967967 0.017912870818690863
leaf_count=81544 39 201 272 331 5183 745 158 340 70 130 9 52 1130 176 8261 24 28 22 101 15 205 25 41 133 131 276 112 19 110 25
internal_value=2.61466e-09 0.0145829 0.0204048 0.00919133 -0.000309571 -0.00389862 -0.00666813 -0.0418466 -0.004508 0.0140021 0.00165971 -0.0111523 0.000847313 -0.000314057 0.000343666 -0.0167059 -0.0217986 -0.0402707 0.0038011 0.0083568 -0.0524654 -0.0135826 0.00201265 0.000378407 -0.0187935 0.00441 -0.00181372 0.0177829 0.0161402 -0.000695861
internal_weight=4.68348 0.097357 0.0851513 0.0596026 4.58612 1.11793 0.968141 0.0560091 0.912132 0.149786 0.0927453 0.451783 3.46819 3.00366 2.88779 0.115872 0.105515 0.0612899 0.0442254 0.464528 0.0489395 0.0304593 0.460349 0.440374 0.0765147 0.363859 0.248301 0.115558 0.0840444 0.0489553
internal_count=99908 843 804 532 99065 84100 83216 703 82513 884 754 81596 14965 9767 9391 376 352 198 154 5198 545 126 917 876 201 675 523 152 247 135
is_linear=0
shrinkage=0.05


Tree=233
num_leaves=31
num_cat=0
split_feature=8 13 8 7 12 8 7 2 6 13 12 12 12 12 8 2 8 2 8 13 7 8 8 7 6 7 7 2 6 6
split_gain=0.00878322 0.0120397 0.00860602 0.00808978 0.00808182 0.0106447 0.00930504 0.00781698 0.00681707 0.00677851 0.00653587 0.0100706 0.00624374 0.0205007 0.00757391 0.0129201 0.0112318 0.0111222 0.0129613 0.00914615 0.0114302 0.00876151 0.00774546 0.0124793 0.0104882 0.0120608 0.0110091 0.0087625 0.00878619 0.0100703
threshold=0.61721614003181469 1.0000000180025095e-35 0.58578431606292736 0.88478556275367748 11.500000000000002 0.74342104792594921 0.96794739365577709 0.84523808956146251 0.5427464246749879 106.50000000000001 13.500000000000002 24.500000000000004 12.500000000000002 11.500000000000002 0.63961037993431102 0.44949495792388922 0.70294117927551281 0.5634920895099641 0.67543861269950878 1.5000000000000002 0.95904389023780834 0.72474747896194469 0.76696833968162548 0.9765610694885255 0.846389800310135 0.96794739365577709 0.95101958513259899 0.77500000596046459 0.7278747856616975 0.82621711492538463
decision_type=2 2 2 2 2 2 2 2 2 2 2 2 2 2 2 2 2 2 2 2 2 2 2 2 2 2 2 2 2 2
left_child=2 4 9 -3 5 -2 -7 8 -5 10 -1 -12 13 14 15 -10 17 18 -16 20 -18 -21 24 -24 -23 26 -26 28 -25 -30
right_child=1 3 -4 7 -6 6 -8 -9 12 -11 11 -13 -14 -15 16 -17 19 -19 -20 21 -22 22 23 27 25 -27 -28 -29 29 -31
leaf_value=-0.00056444874278818486 -0.036272896647394713 0.054304294365825491 -0.026471243939004949 0.047529601964146281 0.019251783601546526 0.047357204360135019 -0.015849810526925589 0.050618852990389457 0.030827008528355661 0.038275782128442827 -0.028797969989147604 0.02877753712078714 0.023304825425822226 -0.043273752202158039 0.017929361089571043 -0.030713716273269517 -0.052911999842475667 0.034883309571423778 -0.041432108136840201 0.025309392593121361 0.0096135335747231879 0.013839294533964132 0.028363972354881303 -0.031015369051424099 -0.0051628653305668499 0.011259385606432021 -0.052970444108142202 -0.046360066871855954 0.052377064839341847 0.0025916691624227398
leaf_weight=3.8602812246127982 0.040623338122624975 0.0091823763583427365 0.03263847365452921 0.0098292213938862005 0.016140278099314287 0.0085528378285744111 0.018241508100618198 0.010098634563753706 0.011713496112861321 0.011129493840186799 0.042361145193692162 0.009253992060684002 0.045454659663619168 0.021982996614156036 0.0383257449318819 0.031367907423600627 0.015447405946709125 0.065921782693571629 0.01209832761242069 0.048927803549680959 0.013874479863893008 0.03656101164280301 0.055768939208746815 0.01512421748660131 0.020776454622819074 0.022544031398815889 0.028644078325299915 0.0097003980747558671 0.01217100906110602 0.0613904443120461
leaf_count=82988 85 18 87 32 108 14 243 385 30 29 13819 1026 88 27 85 42 16 98 18 115 30 45 97 29 22 32 25 19 38 218
internal_value=-2.68551e-09 0.00524718 -0.000902637 0.00773556 -0.0125288 -0.0201373 0.00432606 0.00700799 0.00624554 -0.000689914 -0.000800772 -0.0184754 0.00553086 0.00398415 0.00606041 -0.0139813 0.0079486 0.0213627 0.00368667 0.00337089 -0.0233263 0.00588305 0.00226463 0.00946852 -0.00796812 -0.0190472 -0.0328721 -0.00124214 0.00369284 0.0108288
internal_weight=4.63613 0.680463 3.95566 0.596905 0.083558 0.0674177 0.0267943 0.587723 0.577624 3.92303 3.9119 0.0516151 0.567795 0.522341 0.500358 0.0430814 0.457276 0.116346 0.0504241 0.34093 0.0293219 0.311608 0.262681 0.154155 0.108526 0.0719646 0.0494205 0.0983861 0.0886857 0.0735615
internal_count=99908 1959 97949 1509 450 342 257 1491 1106 97862 97833 14845 1074 986 959 72 887 201 103 686 46 640 525 401 124 79 47 304 285 256
is_linear=0
shrinkage=0.05


Tree=234
num_leaves=31
num_cat=0
split_feature=8 13 8 0 7 8 6 13 0 4 7 12 13 6 12 12 8 8 13 12 13 13 1 0 1 7 13 13 1 7
split_gain=0.00882573 0.0113558 0.00746524 0.00785435 0.00745723 0.00721026 0.00675086 0.0061107 0.00603738 0.00757116 0.00935057 0.00966325 0.00769597 0.00925222 0.00639588 0.0171407 0.0070842 0.00940737 0.0101194 0.00899764 0.010106 0.0070174 0.00662636 0.0193915 0.0186291 0.0108876 0.00844384 0.00702417 0.00626335 0.00776656
threshold=0.61721614003181469 1.0000000180025095e-35 0.58578431606292736 0.94804319739341747 0.88478556275367748 0.97499999403953563 0.52839964628219616 106.50000000000001 0.88273492455482494 1.0000000180025095e-35 0.90976935625076305 7.5000000000000009 9.5000000000000018 0.90125367045402538 12.500000000000002 11.500000000000002 0.63961037993431102 0.71008405089378368 2.5000000000000004 3.5000000000000004 7.5000000000000009 1.5000000000000002 0.96824595332145702 0.87007671594619762 0.93908473849296581 0.95904389023780834 3.5000000000000004 8.5000000000000018 0.86706829071044933 0.96794739365577709
decision_type=2 2 2 2 2 2 2 2 2 2 2 2 2 2 2 2 2 2 2 2 2 2 2 2 2 2 2 2 2 2
left_child=2 5 7 -4 -3 -2 -6 -1 14 -10 -11 12 -12 -14 15 16 -8 18 -18 -20 -21 -19 24 25 28 -24 -27 -28 29 -23
right_child=1 4 3 -5 6 -7 8 -9 9 10 11 -13 13 -15 -16 -17 17 21 19 20 -22 22 23 -25 -26 26 27 -29 -30 -31
leaf_value=-0.00080348232178365756 -0.017719459260196597 0.054068719533876021 -0.038314937896146241 0.021214341681131239 0.050654134790540144 0.027596698268691645 -0.017757538368057151 0.03700797934607631 -0.014736853284989575 -0.040318684334195054 0.048691135606812139 -0.036211683396529554 0.050565213846311255 -0.030598698471156944 0.02232407567898036 -0.041559594100401068 0.039206700596584654 -0.026569432333087253 0.033761902212609232 -0.031149037910413419 0.017321233339720528 -0.022215560612530195 0.048263666438048435 -0.03537062551556009 -0.051418188017782786 0.044281586041001381 -0.02634148875736533 0.019726669453794123 0.017729356613844859 0.006900156457529491
leaf_weight=3.8992713527979239 0.071347232684679684 0.0085811979974366182 0.024752925333004216 0.0071391243590426248 0.0087639468054021563 0.010009204390766691 0.032336831101019925 0.010714587067525261 0.013519448365798326 0.0048589337125193302 0.041026719480154128 0.0048051291562387624 0.006389949639224568 0.00779396878559524 0.044868127407312386 0.021012784551885488 0.039927768110374018 0.020164785842709421 0.021283813450473588 0.020705529698375358 0.022374848999675123 0.035955889604974089 0.03072765298259128 0.015949056700378605 0.017045563574356493 0.012808230560892753 0.016709586449849212 0.016390841985142401 0.05223011613807671 0.06309784126928264
leaf_count=97833 150 18 69 18 36 300 55 29 36 18 418 9 113 33 89 28 43 34 49 35 34 61 38 27 11 29 45 56 75 119
internal_value=-3.53958e-09 0.0053481 -0.000896381 -0.0249891 0.00780459 -0.0121443 0.00710901 -0.000699867 0.00642994 0.0193014 0.0263948 0.031796 0.0377149 0.00596618 0.00434335 0.00250446 0.0047211 0.0066073 0.0194322 0.00716524 -0.00597482 0.00184874 0.00404504 0.0147891 -0.00186444 0.025228 0.0098097 -0.00352922 0.00371891 -0.00366867
internal_weight=4.60256 0.660685 3.94188 0.031892 0.579329 0.0813564 0.570747 3.90999 0.561983 0.0783941 0.0648747 0.0600158 0.0552106 0.0141839 0.483589 0.438721 0.417708 0.385372 0.104292 0.0643642 0.0430804 0.28108 0.260915 0.0925854 0.168329 0.0766363 0.0459087 0.0331004 0.151284 0.0990537
internal_count=99908 1959 97949 87 1509 450 1491 97862 1455 627 591 573 564 146 828 739 711 656 161 118 69 495 461 195 266 168 130 101 255 180
is_linear=0
shrinkage=0.05


Tree=235
num_leaves=31
num_cat=0
split_feature=10 12 7 13 6 2 13 13 12 1 5 7 7 2 6 12 6 2 1 8 2 1 13 13 13 4 12 8 8 6
split_gain=0.00902803 0.00650274 0.00925381 0.0231428 0.0141657 0.0123613 0.0107672 0.0137925 0.0117553 0.013416 0.0109911 0.010541 0.0104277 0.0115304 0.0131484 0.00985967 0.0116545 0.0097854 0.00941611 0.00894821 0.010986 0.00841319 0.0089504 0.00836799 0.00824771 0.00791863 0.00978155 0.00790044 0.00781056 0.0488178
threshold=1.0000000180025095e-35 4.5000000000000009 0.71654227375984203 19.500000000000004 0.32446582615375524 1.0000000180025095e-35 2.5000000000000004 4.5000000000000009 7.5000000000000009 0.99473685026168834 1.0000000180025095e-35 0.78886163234710704 0.92380261421203624 0.6904762089252473 0.7278747856616975 5.5000000000000009 0.60041153430938732 0.44949495792388922 0.87585616111755382 0.82085561752319347 0.23611111193895343 0.74862638115882885 3.5000000000000004 22.500000000000004 106.50000000000001 1.0000000180025095e-35 12.500000000000002 0.44222222268581396 0.082207206636667265 0.21089696139097217
decision_type=2 2 2 2 2 2 2 2 2 2 2 2 2 2 2 2 2 2 2 2 2 2 2 2 2 2 2 2 2 2
left_child=1 19 4 6 -3 -6 8 21 9 -4 -10 -5 13 14 15 -9 17 -17 -14 20 -1 27 -23 -13 28 26 -16 -8 29 -22
right_child=-2 2 3 11 5 -7 7 12 10 -11 -12 23 18 -15 25 16 -18 -19 -20 -21 24 22 -24 -25 -26 -27 -28 -29 -30 -31
leaf_value=-0.028717810714140798 0.008553033715077301 -0.0056490077606498115 -0.035666209562497518 -0.050486464118532748 0.022531634098032629 -0.051319819279854718 -0.052539810657050462 -0.05546543343195063 -0.016669990847178726 0.006196070051413375 0.022343925442040221 0.087982423523016329 -0.018695909823340028 -0.029230594545357386 -0.055049568978793942 -0.051264586385170591 -0.040022535199313897 0.035598218650770952 0.016459100167486609 0.026696646931561742 -0.00018479324020736451 -0.016589232712885732 -0.045728535183036698 0.028202160294499401 0.05071056917640452 0.034772823734779787 0.027450293883936078 0.048958589268774499 0.0042733397854760654 -0.050060693919780866
leaf_weight=0.032784331651927068 0.28902348219957019 0.095915503691641868 0.031376440048148879 0.0037057019623276668 0.0066915071688401417 0.036976750187131043 0.0026431542393750007 0.013223302919776136 0.02240229944140415 0.04907120840675816 0.092977726685205653 0.006888901756105347 0.024658676477429253 0.058492171683383276 0.0066853917755955727 0.0040135979098422361 0.014025122014327152 0.016871499502030929 0.083704702981322043 0.031888907974741865 2.5042674028980629 0.069522222343127993 0.042439468006686631 0.038963247724770111 0.0081151547876173735 0.028315885009845942 0.0077670361387092157 0.0069807260138645688 0.89171983523840248 0.050041444649897904
leaf_count=8677 2298 11076 106 241 1356 42484 102 60 239 35 98 49 100 59 96 125 284 14 112 208 489 64 48 342 11 34 75 28 6493 24505
internal_value=-1.20638e-09 -0.000577156 -0.00475739 -0.00215683 -0.0163966 -0.0400032 -0.00498164 -0.00989687 0.00453976 -0.0101312 0.0147689 0.0306281 -0.00334884 -0.011914 -0.000771321 -0.0186963 -0.00476883 0.0189053 0.00845939 0.000330821 8.9698e-05 -0.0237785 -0.0276346 0.0371836 0.000363119 0.0194023 -0.0107124 0.0210825 0.000244554 -0.00116191
internal_weight=4.57215 4.28313 0.764312 0.624728 0.139584 0.0436683 0.575171 0.379343 0.195828 0.0804476 0.11538 0.0495579 0.257757 0.149394 0.0909018 0.0481335 0.0349102 0.0208851 0.108363 3.51882 3.48693 0.121586 0.111962 0.0458521 3.45414 0.0427683 0.0144524 0.00962388 3.44603 2.55431
internal_count=99908 97610 57227 2311 54916 43840 1679 1201 478 141 337 632 959 747 688 483 423 139 212 40383 40175 242 112 391 31498 205 171 130 31487 24994
is_linear=0
shrinkage=0.05


Tree=236
num_leaves=31
num_cat=0
split_feature=10 0 12 7 13 6 13 8 6 13 13 0 12 1 13 7 5 7 8 8 8 1 1 13 13 0 6 0 6 8
split_gain=0.00800332 0.00718157 0.00621716 0.00838347 0.020401 0.0136026 0.00945523 0.0120211 0.0108707 0.0158473 0.0104642 0.0137559 0.0100826 0.0121865 0.00984118 0.0244344 0.00942646 0.00940443 0.00814987 0.00803052 0.00818997 0.00793491 0.0110648 0.00766068 0.00762037 0.00742782 0.00757962 0.00713499 0.00662161 0.00827059
threshold=1.0000000180025095e-35 0.88273492455482494 4.5000000000000009 0.71654227375984203 19.500000000000004 0.32446582615375524 2.5000000000000004 0.54006412625312816 0.68244633078575145 7.5000000000000009 4.5000000000000009 0.63211598992347728 7.5000000000000009 0.99473685026168834 10.500000000000002 0.80101522803306591 1.0000000180025095e-35 0.78886163234710704 0.82085561752319347 0.68585526943206798 0.78019323945045482 0.61938297748565685 0.63686314225196849 22.500000000000004 106.50000000000001 0.73546314239501964 0.39920319616794592 0.29459981620311743 0.846389800310135 0.48913043737411505
decision_type=2 2 2 2 2 2 2 2 2 2 2 2 2 2 2 2 2 2 2 2 2 2 2 2 2 2 2 2 2 2
left_child=2 -2 18 5 6 -4 12 10 -9 -10 11 -8 13 -5 -12 -16 27 -6 21 -11 -21 -1 -23 -19 -24 26 -25 -14 29 -18
right_child=1 -3 3 4 17 -7 7 8 9 19 14 -13 16 -15 15 -17 28 23 -20 20 -22 22 24 25 -26 -27 -28 -29 -30 -31
leaf_value=-0.028212724334005387 0.0052371116150051571 0.030087122857800627 -0.0054881352249627931 -0.034433846948388247 -0.05045460458361041 -0.039913267647118431 0.022250932684283589 0.031955035606146882 -0.018288223107433173 0.039589928308023346 -0.0021898570029314549 -0.046052328734543152 0.038982345813168659 0.0059029155928406428 0.045057316058515567 -0.051301439568336882 -0.0157122465200203 0.086896921642280245 0.02570607312108036 -0.014918245000727682 0.035707036628307313 0.049581439602937372 3.3876883417811599e-05 0.058779216651206667 0.050113181737072438 0.042096717837719705 -0.030141181286609739 -0.030393669286528577 0.035514225868062028 0.02557654204855881
leaf_weight=0.024561399518253757 0.25454603359496397 0.032823143143200451 0.094600048170619566 0.030393250564783258 0.0034315840520651167 0.041189463717207497 0.0086720660197840971 0.023296581307477027 0.087501050612530662 0.021549972062132383 0.10063726334115186 0.049144738233319885 0.0047081179940668951 0.048772842469361422 0.0082860221410986368 0.031934737675108238 0.020689586377102387 0.0062217006880915795 0.031369843800136965 0.025144603598562298 0.011709100191751531 0.011355876287710287 3.4280782095471962 0.0033135340045618031 0.0076131204259580745 0.025873605207038963 0.0086598369710531031 0.017413194968311507 0.041475630223430926 0.029311798459275451
leaf_count=5995 1562 736 11076 106 241 43840 120 49 124 44 408 63 18 35 155 173 24 49 208 37 28 1336 32834 12 10 35 295 221 43 31
internal_value=3.34763e-09 0.00807547 -0.000546427 -0.00469771 -0.0021896 -0.0159304 -0.00485522 -0.00955553 0.000238474 -0.0048257 -0.0178966 -0.0358074 0.00411496 -0.00958307 -0.0105449 -0.0314502 0.013661 0.0292725 0.000335184 0.015344 0.00116634 0.00010593 0.00030771 0.0354808 0.000144847 0.0270284 -0.00553318 -0.0156282 0.0207439 0.00849206
internal_weight=4.53428 0.287369 4.24691 0.74393 0.608141 0.13579 0.560641 0.367876 0.169201 0.145905 0.198675 0.0578168 0.192764 0.0791661 0.140858 0.0402208 0.113598 0.0475003 3.50298 0.0584037 0.0368537 3.47161 3.44705 0.0440687 3.43569 0.037847 0.0119734 0.0221213 0.091477 0.0500014
internal_count=99908 2298 97610 57227 2311 54916 1679 1201 282 233 919 183 478 141 736 328 337 632 40383 109 65 40175 34180 391 32844 342 307 239 98 55
is_linear=0
shrinkage=0.05


Tree=237
num_leaves=31
num_cat=0
split_feature=10 0 12 7 13 6 2 13 13 8 13 0 6 13 13 7 12 1 12 8 2 0 4 1 0 0 13 6 2 13
split_gain=0.00718018 0.00663761 0.00586117 0.0075417 0.0184559 0.0126338 0.0119605 0.00978194 0.00815632 0.0111616 0.00965847 0.0123317 0.00943146 0.0140474 0.0093674 0.0217713 0.00849272 0.0108804 0.00870967 0.00747402 0.00935592 0.0103817 0.0100963 0.0215407 0.00859473 0.00744661 0.00733743 0.007213 0.00710904 0.00709517
threshold=1.0000000180025095e-35 0.88273492455482494 4.5000000000000009 0.71654227375984203 20.500000000000004 0.32446582615375524 1.0000000180025095e-35 22.500000000000004 2.5000000000000004 0.54006412625312816 4.5000000000000009 0.63211598992347728 0.68244633078575145 7.5000000000000009 10.500000000000002 0.80101522803306591 7.5000000000000009 0.99473685026168834 16.500000000000004 0.82085561752319347 0.23611111193895343 0.7243877947330476 1.0000000180025095e-35 0.86240702867507946 0.79772728681564342 0.73546314239501964 3.5000000000000004 0.39739345014095312 0.31666667759418493 106.50000000000001
decision_type=2 2 2 2 2 2 2 2 2 2 2 2 2 2 2 2 2 2 2 2 2 2 2 2 2 2 2 2 2 2
left_child=2 -2 19 5 8 -4 -7 -6 16 10 11 -10 -11 -14 -12 -16 17 -5 -18 20 24 22 23 -22 -1 27 -24 -9 -25 -23
right_child=1 -3 3 4 7 6 -8 25 9 12 14 -13 13 -15 15 -17 18 -19 -20 -21 21 29 26 28 -26 -27 -28 -29 -30 -31
leaf_value=-0.044052850667819325 0.004963446755713705 0.029115144936097726 -0.0053414420464877911 -0.032975620015709993 0.094008636685213087 0.022946435370073546 -0.051206694561984768 0.055613797257047293 0.020446120075135944 0.030476947041536518 -0.0021480042447357796 -0.044995256998713123 -0.017047686113022816 0.014841702202487284 0.042701959055690408 -0.05064220030071577 0.017414397591702116 0.0056231777498398083 -0.028324391482058415 0.024790990043364998 -0.038415546674241366 -0.00035346798770537576 0.0014676917225641042 -0.051092168963702882 0.012947128272561914 0.03565086418849775 0.031393142985425192 -0.031864017839183349 0.029581088351931985 0.049534553649019611
leaf_weight=0.022101363340274835 0.25330035338450407 0.032047592952977766 0.093618653509346839 0.029329384030733596 0.0050994046056214151 0.0065066453752982137 0.033106628009922034 0.0031054888543167189 0.0085060385357933477 0.022497475662021316 0.099644588340918938 0.046840400716126496 0.086614412273796404 0.057432393678098492 0.0078780595159676503 0.030166012295753664 0.099164590685236975 0.04836281112989127 0.011628638084485221 0.030952273040717126 0.025276569300811388 3.2630666927945486 0.02895008936959563 0.0029937241768038794 0.0094372814538731947 0.026275226330511714 0.070039009346965747 0.0097699466706705484 0.031095102495495242 0.0071426546637666224
leaf_count=8468 1562 736 11076 106 57 1356 42484 27 120 51 408 63 124 111 172 187 270 35 67 208 4176 20075 1663 2 209 56 5209 457 365 8
internal_value=2.63016e-09 0.00767594 -0.000519447 -0.00460853 -0.00219085 -0.0153569 -0.0390267 0.0288705 -0.0046987 -0.00911484 -0.0172973 -0.0349378 0.000369112 -0.00433318 -0.0102064 -0.0313128 0.0037261 -0.00894816 0.0126137 0.000330389 0.000111577 0.000360941 0.0128641 -0.00343874 -0.0269968 0.0203862 0.0226412 -0.0107648 0.0224963 -0.000244505
internal_weight=4.50195 0.285348 4.2166 0.725547 0.592315 0.133232 0.0396133 0.0442501 0.548065 0.359579 0.193035 0.0553464 0.166544 0.144047 0.137689 0.0380441 0.188485 0.0776922 0.110793 3.49105 3.4601 3.42856 0.158354 0.0593654 0.0315386 0.0391507 0.0989891 0.0128754 0.0340888 3.27021
internal_count=99908 2298 97610 57227 2311 54916 43840 597 1714 1236 950 183 286 235 767 359 478 141 337 40383 40175 31498 11415 4543 8677 540 6872 484 367 20083
is_linear=0
shrinkage=0.05


Tree=238
num_leaves=31
num_cat=0
split_feature=10 0 11 8 13 13 0 0 13 8 13 13 0 13 8 0 2 0 0 0 8 6 13 2 7 13 1 13 0 0
split_gain=0.00668252 0.00646987 0.00562269 0.00560717 0.00532528 0.0127106 0.00813744 0.0195962 0.00978871 0.00995138 0.00823217 0.0114941 0.00814069 0.0126455 0.0111549 0.0111169 0.0128274 0.00865366 0.008587 0.00797418 0.0151933 0.0161898 0.0144375 0.0160178 0.0121214 0.0191228 0.0152747 0.0116612 0.0156686 0.0215836
threshold=1.0000000180025095e-35 0.88273492455482494 1.0000000180025095e-35 0.94281044602394115 33.500000000000007 31.500000000000004 0.99450549483299266 0.97726097702980053 106.50000000000001 0.16397849470376971 35.500000000000007 36.500000000000007 0.82009246945381176 34.500000000000007 0.10960961133241655 0.8263767957687379 0.27922078967094427 0.93405798077583324 0.8019607961177827 0.87570226192474376 0.21240601688623431 0.49068179726600653 14.500000000000002 0.64583334326744091 0.88478556275367748 4.5000000000000009 0.94570022821426403 4.5000000000000009 0.92907443642616283 0.99450549483299266
decision_type=2 2 2 2 2 2 2 2 2 2 2 2 2 2 2 2 2 2 2 2 2 2 2 2 2 2 2 2 2 2
left_child=2 -2 -1 4 5 19 7 12 9 10 -8 -12 18 -14 15 -15 -17 -18 -6 20 22 -22 -4 -24 27 26 -26 -21 -29 -30
right_child=1 -3 3 -5 6 -7 8 -9 -10 -11 11 -13 13 14 -16 16 17 -19 -20 24 21 -23 23 -25 25 -27 -28 28 29 -31
leaf_value=-0.053318629791934594 0.0047316159667624823 0.028599212946906694 -0.048672039815690231 0.048530177113017187 0.0013661621657720452 -0.023560297297086752 0.047775721805572206 0.05324744490206712 0.053386462676725935 0.051994334421366153 -0.060928827274460223 -0.010661868240892866 0.070414747338940029 0.060365787108936579 0.032650224492583577 0.063593647033510781 -0.026108636613917453 0.0082311485604909373 -0.037740213617518052 -0.015757214978835098 0.021186998311545146 -0.004655390539746662 -0.038362890828288039 0.024531777884628684 0.026565306049639505 0.031156068447070296 -0.0074387064704130859 0.019523415457243471 -0.02127651591739246 0.00065445468779663243
leaf_weight=0.0050332980839432597 0.25241049809371796 0.031992240417591855 0.036569194946416493 0.0058372283738509214 0.093274463511724304 0.061769908602320789 0.0049055490332507992 0.023647305837549482 0.0063071531767491243 0.0058841702280005839 0.013594537300676279 0.069571835922666025 0.0092001005636501709 0.0070074182689752176 0.037123867488462636 0.0062369504953281299 0.04184372257726876 0.032670177047535276 0.016524213230276308 0.1174105747208477 0.065410236256901344 0.82516294021599379 0.019290332933925049 0.021301891029860354 0.044992572138426001 0.080943157083795292 0.12416879570046291 0.10234513107702392 0.1182488510883809 2.1889802933840272
leaf_count=349 1562 736 55479 100 7528 1199 48 61 3 13 12 312 65 90 109 12 790 99 363 2907 679 4769 15756 457 61 276 177 958 1486 3452
internal_value=-1.84439e-09 0.00741646 -0.000503977 -0.000440384 -0.000508861 -0.00106397 0.00523643 0.00978945 -0.00691219 -0.01096 -0.015166 -0.0188786 0.00557565 0.0138422 0.0096745 -4.47903e-05 -0.00528712 -0.0110526 -0.00451917 -0.000692898 -0.00460143 -0.00275734 -0.0258854 -0.00535718 0.000669112 0.0111692 0.00160549 -0.000370114 0.000379649 -0.000469539
internal_weight=4.46966 0.284403 4.18526 4.18022 4.17439 3.80659 0.367791 0.267528 0.100263 0.0939561 0.0880719 0.0831664 0.243881 0.134082 0.124882 0.0877583 0.0807509 0.0745139 0.109799 3.74482 0.967735 0.890573 0.0771614 0.0405922 2.77709 0.250105 0.169161 2.52698 2.40957 2.30723
internal_count=99908 2298 97610 97261 97161 87656 9505 9117 388 385 372 324 9056 1165 1100 991 901 889 7891 86457 77140 5448 71692 16213 9317 514 238 8803 5896 4938
is_linear=0
shrinkage=0.05


Tree=239
num_leaves=31
num_cat=0
split_feature=10 6 1 7 8 4 7 12 8 2 2 8 13 7 8 13 6 13 5 13 8 13 12 2 13 2 6 7 6 6
split_gain=0.0067207 0.00551545 0.00866195 0.00729375 0.00716116 0.00596731 0.00570518 0.00548305 0.00686616 0.00845516 0.00698033 0.00662532 0.00981627 0.0214504 0.0129427 0.0126412 0.00971283 0.011494 0.00966655 0.0117277 0.0158943 0.00897008 0.00906927 0.00858491 0.008091 0.007863 0.00890941 0.0133451 0.00844779 0.00785651
threshold=1.0000000180025095e-35 0.71241438388824474 0.855400711297989 0.94360822439193737 0.8441295623779298 1.0000000180025095e-35 0.94360822439193737 4.5000000000000009 0.82085561752319347 0.23611111193895343 0.074175827205181136 0.54006412625312816 20.500000000000004 0.78886163234710704 0.22902098298072818 1.0000000180025095e-35 0.32446582615375524 29.500000000000004 1.0000000180025095e-35 1.0000000180025095e-35 0.76696833968162548 5.5000000000000009 10.500000000000002 0.77500000596046459 22.500000000000004 0.6904762089252473 0.74646764993667614 0.90976935625076305 0.86501669883728038 0.32361441850662237
decision_type=2 2 2 2 2 2 2 2 2 2 2 2 2 2 2 2 2 2 2 2 2 2 2 2 2 2 2 2 2 2
left_child=7 2 6 -3 -5 -6 -2 8 9 10 -1 12 14 16 -9 -16 17 -14 -13 -20 23 -22 -23 -21 -15 26 -17 28 -28 -19
right_child=1 3 -4 4 5 -7 -8 11 -10 -11 -12 18 13 24 15 25 -18 29 19 20 21 22 -24 -25 -26 -27 27 -29 -30 -31
leaf_value=0.0065425059018347238 -0.038359553978344139 0.02235109092220202 0.011511278265988517 -0.0019862697840272721 -0.0050334547890474174 0.039597629637840963 0.054711743727152207 -0.045163136039496482 0.02402475515928626 0.00033679898723111004 -0.043970525479047569 -0.014375351396697759 0.037747454163363212 0.099426425516822958 0.031259514211090238 -0.016862533993031722 -0.050776504725067409 -0.015278179171016171 -0.028999071482169392 0.026444559140580033 -0.029066463827034712 0.052284814541387475 -0.024501821064128907 -0.0094471847887966347 0.02790972721058578 -0.021791345438149742 0.030875532584415666 -0.046921486262370318 -0.0091196558569512469 0.054235296421429137
leaf_weight=0.010520475457011381 0.020413728449230617 0.084991963336285004 0.026426074618176809 0.11422189229888779 0.011371260487784696 0.021938494438965783 0.0017910254459820854 0.028637073163497284 0.030260876191752106 3.3897916725413411 0.01954576836893742 0.068366528040098018 0.014536471647818544 0.0045802475490077646 0.017511417485673086 0.071009720987707359 0.012011201128065446 0.066775150024254659 0.019740444898616261 0.10682484318249408 0.030710300843566074 0.0085052428301537475 0.0070186851530706926 0.019738933279313642 0.028962841599599387 0.12363605185259985 0.038821553518160135 0.0093876525708935787 0.020007054591630435 0.0043281947958275216
leaf_count=1457 703 513 197 449 108 325 3 42906 208 31498 7220 212 828 27 124 1749 8512 1834 35 117 34 29 15 38 329 97 232 39 28 42
internal_value=6.80382e-09 0.00748126 -0.00783194 0.0106839 0.00396254 0.0243615 -0.0308525 -0.000506684 0.000312477 0.000102657 -0.0262955 -0.00453772 -0.00827964 0.00317933 -0.0131447 -0.00987435 -0.00866999 -0.00276445 0.00177573 0.00751065 0.0116815 -0.0134081 0.017568 0.0208469 0.0376752 -0.0126146 -0.00446546 0.00843928 0.0172735 -0.0110468
internal_weight=4.43238 0.281154 0.0486308 0.232524 0.147532 0.0333098 0.0222048 4.15123 3.45012 3.41986 0.0300662 0.70111 0.440205 0.131194 0.309011 0.280373 0.097651 0.0856398 0.260905 0.192538 0.172798 0.0462342 0.0155239 0.126564 0.0335431 0.262862 0.139226 0.0682163 0.0588286 0.0711033
internal_count=99908 2298 903 1395 882 433 706 97610 40383 40175 8677 57227 56747 11572 45175 2269 11216 2704 480 268 233 78 44 155 356 2145 2048 299 260 1876
is_linear=0
shrinkage=0.05


Tree=240
num_leaves=31
num_cat=0
split_feature=2 1 1 7 8 2 12 10 7 12 1 8 1 12 7 12 6 6 2 13 1 2 7 2 13 6 6 6 8 13
split_gain=0.00654361 0.0154307 0.00960311 0.011334 0.00854893 0.00676746 0.00662233 0.00549718 0.00762755 0.00697293 0.00968345 0.0105179 0.00767365 0.0109135 0.0107111 0.0103596 0.00944026 0.0121682 0.00929616 0.00781558 0.0118326 0.00943992 0.00717445 0.0258369 0.0242504 0.0155114 0.0151305 0.0112576 0.0215227 0.0111023
threshold=1.0000000180025095e-35 0.55941176414489757 0.40270270407199865 0.88478556275367748 0.94281044602394115 0.16025641560554507 12.500000000000002 1.0000000180025095e-35 0.99783548712730419 4.5000000000000009 0.95040982961654674 0.90692642331123363 0.91010102629661571 9.5000000000000018 0.95904389023780834 8.5000000000000018 0.86501669883728038 0.846389800310135 0.17424242943525317 7.5000000000000009 0.86616915464401256 0.5634920895099641 0.61826965212821972 0.93750000000000011 5.5000000000000009 0.59384471178054821 0.53528240323066723 1.0000000180025095e-35 0.082207206636667265 15.500000000000002
decision_type=2 2 2 2 2 2 2 2 2 2 2 2 2 2 2 2 2 2 2 2 2 2 2 2 2 2 2 2 2 2
left_child=2 -2 6 -4 5 -3 -1 9 -9 22 12 -12 13 15 -14 16 17 19 -15 -11 -21 -22 24 26 -7 27 -24 -26 -29 -30
right_child=1 4 3 -5 -6 7 -8 8 -10 10 11 -13 14 18 -16 -17 -18 -19 -20 20 21 -23 23 -25 25 -27 -28 28 29 -31
leaf_value=-0.043346166540493204 -0.044816478474591394 -0.054169093394666017 -0.00091646809355118073 0.04760138162226072 0.050181320222803305 -0.045505885463357182 0.0092591999124356714 0.0053552423228220404 0.050343278242814038 -0.03631064822244541 -0.00055488055351534088 -0.059858287075925401 -0.045314880152640742 0.021749419432420564 0.053316596798814342 0.036251167403114841 -0.043659446859776331 0.039208310762523409 -0.049682863615822886 -0.028415127657048452 0.047389818633127107 -0.022322465252932661 0.019504600951859311 0.037112564819742518 -2.6475764502602984e-05 0.056161760325101479 -0.00083367906025279661 -0.04555182190954353 0.013742251367856562 -0.051140122198674511
leaf_weight=0.0094977950574500827 0.019339420186593403 0.0057907081362021931 0.020574371417665611 0.029008265627819441 0.0084523791327083542 0.030136492104133494 0.016164582410550951 0.2396030101437282 0.0098073865107402014 0.02076862925260569 0.44681851479006429 0.007603902147138796 0.031279877940320888 0.0055743699681086714 0.0030182057762431205 0.014720771492003321 0.016134503121236321 0.014761872638814566 0.024898175671149228 0.018412810157255953 0.015525279040741524 0.0070664165787128743 0.10644194343571767 0.056403830437967706 2.474665140124189 0.01206771284659236 0.64908376960445979 0.039700376844490196 0.042534369264681959 0.0078027583682090803
leaf_count=571 10451 4504 2668 122 340 11023 220 1382 216 6510 4658 11 1030 2882 8 3370 29 13 16440 7783 454 563 552 420 363 47 1537 18562 1716 1463
internal_value=9.64684e-09 -0.000254115 0.0146183 0.0274688 -5.41157e-05 -0.000152848 -0.0102104 -8.00178e-05 0.00712427 -0.000524181 -0.00537311 -0.00154721 -0.0154716 -0.0102064 -0.0366354 -0.00271267 -0.00890217 -0.00157492 -0.0366157 -0.0113209 0.00133639 0.0255846 0.000364501 0.0044687 -0.000913766 -0.000392241 0.00203167 -0.000658345 -0.0180252 0.00368483
internal_weight=4.40366 4.32841 0.075245 0.0495826 4.30907 4.30062 0.0256624 4.29483 0.24941 4.04542 0.626583 0.454422 0.172161 0.137863 0.0342981 0.10739 0.0926695 0.076535 0.0304725 0.0617731 0.0410045 0.0225917 3.41884 0.81193 2.60691 2.57677 0.755526 2.5647 0.0900375 0.0503371
internal_count=99908 96327 3581 2790 85876 85536 791 81032 1598 79434 43751 4669 39082 38044 1038 18722 15352 15323 19322 15310 8800 1017 35683 2509 33174 22151 2089 22104 21741 3179
is_linear=0
shrinkage=0.05


Tree=241
num_leaves=31
num_cat=0
split_feature=2 0 1 7 8 12 0 12 2 12 8 8 0 7 6 0 13 8 0 10 13 13 13 8 13 0 6 6 13 7
split_gain=0.00623432 0.0212515 0.0140261 0.010915 0.00805922 0.0078721 0.00656287 0.00657738 0.00558414 0.00537445 0.00855022 0.0120856 0.0200315 0.0108343 0.0162583 0.00977125 0.0127041 0.00851411 0.00757721 0.00748351 0.00670155 0.00822037 0.00876788 0.00632287 0.020955 0.0158815 0.0131537 0.0198783 0.0150249 0.0112581
threshold=1.0000000180025095e-35 0.54923510551452648 0.55941176414489757 0.88478556275367748 0.94281044602394115 11.500000000000002 0.51649147272109996 10.500000000000002 0.16025641560554507 8.5000000000000018 0.76696833968162548 0.55050507187843334 0.87570226192474376 0.80101522803306591 0.51871871948242199 0.7897985875606538 4.5000000000000009 0.81534090638160717 0.65733855962753307 1.0000000180025095e-35 106.50000000000001 101.50000000000001 85.500000000000014 0.44222222268581396 1.0000000180025095e-35 0.91945946216583263 0.78696113824844371 0.90125367045402538 1.0000000180025095e-35 0.85798320174217235
decision_type=2 2 2 2 2 2 2 2 2 2 2 2 2 2 2 2 2 2 2 2 2 2 2 2 2 2 2 2 2 2
left_child=1 5 -2 -3 6 -1 7 -4 -8 20 11 12 13 18 -15 -13 -17 -12 -11 -16 21 22 23 26 -25 29 28 -28 -10 -26
right_child=2 3 4 -5 -6 -7 8 -9 9 10 17 15 -14 14 19 16 -18 -19 -20 -21 -22 -23 -24 24 25 -27 27 -29 -30 -31
leaf_value=-0.048881211931912763 -0.043845406838353383 0.0065856611777950075 0.038755666595090964 0.0576285812689738 0.05017294760422434 0.0032593602132713292 -0.054451600043238714 -0.0082639464492252138 0.036583419334685612 -0.040391241298454818 -0.050662680870029835 0.025400589071875403 0.055133462480894235 0.015676072495464887 -0.04484491069272023 0.021506191735745372 -0.038200457622564757 -6.0051159838143099e-05 0.0067879063438827832 -0.0024406260426042478 0.04897020155253716 -0.054075195687745693 0.037151592731118101 -0.02188100417139912 0.03163500487067087 0.023241255376988637 -0.025614128926057075 0.016699974393154474 -0.00053520790157565842 0.0015965497955037497
leaf_weight=0.012178243326744616 0.018368460532595665 0.017675515529184685 0.021117423475790171 0.02570444303713515 0.0079698681434300367 0.017848588603485739 0.0047598528342848159 0.011481439918515229 0.027515741967650054 0.010063242330683474 0.020559456222599692 0.05132479683517488 0.010549189790680202 0.017804216199772682 0.060797293917586259 0.017623139200509286 0.018018019664850726 0.013954611842336817 0.055151174829748052 0.012552862963502776 0.0070362225127950087 0.0069819323566092653 0.016010992239106403 0.070352661644314085 0.033078896846383543 0.12074873722526025 0.11416414243210216 0.036670819926577281 2.9637856633861532 0.54693175892107826
leaf_count=1634 10451 1346 2665 92 340 509 3552 6768 1616 13336 24 101 34 39 205 23 34 39 5803 28 20 16 91 119 98 733 189 48 49010 945
internal_value=-6.81582e-09 0.0144483 -0.000246925 0.0368307 -5.96821e-05 -0.0178877 -0.000153461 0.0221952 -0.000325432 -0.00026455 -0.00685346 -0.00367919 -0.0115534 -0.0160524 -0.0271845 0.0114342 -0.00867789 -0.0302032 -0.000492312 -0.037588 0.000217341 0.000130193 0.000226511 7.54323e-05 0.0041325 0.00674412 -0.000920213 -0.0153268 -0.000193769 0.00330969
internal_weight=4.36878 0.0734068 4.29537 0.04338 4.277 0.0300268 4.26903 0.0325989 4.23644 4.23168 0.288398 0.253884 0.166918 0.156369 0.0911544 0.086966 0.0356412 0.0345141 0.0652144 0.0733502 3.94328 3.93624 3.92926 3.91325 0.771112 0.700759 3.14214 0.150835 2.9913 0.580011
internal_count=99908 3581 96327 1438 85876 2143 85536 9433 76103 72551 19666 19603 19445 19411 272 158 57 63 19139 233 52885 52865 52849 52758 1895 1776 50863 237 50626 1043
is_linear=0
shrinkage=0.05


Tree=242
num_leaves=31
num_cat=0
split_feature=8 13 7 2 8 0 13 8 11 13 13 6 8 1 13 2 2 0 8 0 7 7 1 13 6 8 2 1 5 10
split_gain=0.00599745 0.00946398 0.00698826 0.00685797 0.00584414 0.00646994 0.00552129 0.0053916 0.00517784 0.00528486 0.006329 0.00602513 0.00546591 0.0129356 0.00501684 0.00686741 0.0140949 0.00909812 0.0117294 0.00771093 0.00919852 0.0082006 0.00676763 0.00673062 0.0182178 0.00970651 0.0063823 0.00582784 0.0115819 0.00557364
threshold=0.61721614003181469 1.0000000180025095e-35 0.88478556275367748 0.84523808956146251 0.58578431606292736 0.94804319739341747 19.500000000000004 0.97499999403953563 1.0000000180025095e-35 49.500000000000007 45.500000000000007 0.49358868598937994 0.21980676054954532 0.90259328484535228 41.500000000000007 0.31666667759418493 1.0000000180025095e-35 0.64549729228019725 0.48913043737411505 0.60922586917877208 0.88478556275367748 0.88478556275367748 0.90645834803581249 1.0000000180025095e-35 0.82621711492538463 0.24568965286016467 0.77500000596046459 0.92403846979141246 1.0000000180025095e-35 1.0000000180025095e-35
decision_type=2 2 2 2 2 2 2 2 2 2 2 2 2 2 2 2 2 2 2 2 2 2 2 2 2 2 2 2 2 2
left_child=4 7 -3 6 8 -6 -4 -2 -1 10 14 -12 13 -11 15 16 19 -18 22 21 -21 -10 -19 24 25 -17 27 28 -16 -25
right_child=1 2 3 -5 5 -7 -8 -9 9 12 11 -13 -14 -15 26 23 17 18 -20 20 -22 -23 -24 29 -26 -27 -28 -29 -30 -31
leaf_value=-0.053197186227992646 -0.016938393894320173 0.053657358373729702 0.00456595725441319 0.050758716411142817 -0.036914883658361645 0.018803238344077357 0.032871677304089457 0.025504315310612948 -0.05017804584167454 -0.040618149745306593 -0.034260980246996899 0.037977198247349728 0.027348238203155368 0.0091588054457774955 -0.046547294430170055 -0.04887237640056271 -0.050659132293942699 -0.038236077715270947 0.020239543879312216 0.012768003603841262 0.090098589444328261 0.011941352097295556 0.040351357326476697 -0.0010794916754576619 -0.018507060565510988 0.051047480237590648 -0.013427643326087519 0.050406243345290785 0.040849758079593512 0.014647531857808094
leaf_weight=0.0046677354613312563 0.065416758013808862 0.0079173253881368311 0.4863140409229576 0.0085377509923070249 0.021433046815125922 0.0068833815503168685 0.017860616398365892 0.0084490151026348492 0.0082042185158349434 0.014584600998792219 0.023185033737001759 0.0032969777832803073 0.030361326009671785 0.12418381707285719 0.0061646832356556372 0.002665214828346473 0.024900310004979734 0.029873927607322631 0.016882095998255409 0.015387036544310215 0.005126815219909985 0.015075488494024292 0.003016074680285529 3.2390881687937823 0.020830056735121616 0.027601329688359044 0.013007797455596659 0.015221873594769564 0.0098439495161805335 0.057333124526247281
leaf_count=349 150 18 1052 385 69 18 54 300 2561 2390 1022 70 138 852 512 1439 33603 9078 32 638 16 91 188 43370 36 43 73 129 640 592
internal_value=-7.59403e-09 0.00466482 0.00704106 0.00632121 -0.000741745 -0.0233705 0.0055687 -0.0120837 -0.000569056 -0.000502767 -0.000915676 -0.0252674 0.00813165 0.00392723 -0.00073196 -0.000945512 -0.0127764 -0.0259842 -0.0136396 0.00974414 0.0320944 -0.00995072 -0.0310295 -0.000526826 0.017481 0.0422487 0.0159994 0.0282561 0.00719447 -0.000805959
internal_weight=4.33331 0.594496 0.52063 0.512712 3.73882 0.0283164 0.504175 0.0738658 3.7105 3.70583 3.5367 0.026482 0.16913 0.138768 3.51022 3.46598 0.118466 0.0746724 0.0497721 0.0437936 0.0205139 0.0232797 0.03289 3.34752 0.0510966 0.0302665 0.0442383 0.0312305 0.0160086 3.29642
internal_count=99908 1959 1509 1491 97949 87 1106 450 97862 97513 94133 1092 3380 3242 93041 91687 46207 42901 9298 3306 654 2652 9266 45480 1518 1482 1354 1281 1152 43962
is_linear=0
shrinkage=0.05


Tree=243
num_leaves=31
num_cat=0
split_feature=2 0 2 6 8 12 1 0 7 0 10 12 8 0 1 2 0 0 1 6 6 12 7 13 0 7 5 0 13 8
split_gain=0.00577804 0.0207609 0.012383 0.00907934 0.00758848 0.00728928 0.00604827 0.00717923 0.00532039 0.0051377 0.00502563 0.00907591 0.0111705 0.0109666 0.00987769 0.00813778 0.00777472 0.00760278 0.00701655 0.0119732 0.0127339 0.0107493 0.00856358 0.00847947 0.00821382 0.0067587 0.00668092 0.00645006 0.00643006 0.0167203
threshold=1.0000000180025095e-35 0.60421237349510204 0.16025641560554507 0.51382517814636242 0.94281044602394115 11.500000000000002 0.55941176414489757 0.51649147272109996 0.75079616904258739 0.74115687608718883 1.0000000180025095e-35 4.5000000000000009 0.90692642331123363 0.65733855962753307 0.95040982961654674 0.17424242943525317 0.92390406131744396 0.91945946216583263 0.91010102629661571 0.86501669883728038 0.80866709351539623 8.5000000000000018 0.89753684401512157 15.500000000000002 0.73735308647155773 0.99783548712730419 1.0000000180025095e-35 0.58885449171066295 2.5000000000000004 0.71008405089378368
decision_type=2 2 2 2 2 2 2 2 2 2 2 2 2 2 2 2 2 2 2 2 2 2 2 2 2 2 2 2 2 2
left_child=1 5 -2 9 6 -1 -4 8 -8 -3 11 -9 13 15 18 -13 17 28 19 20 23 -20 -23 26 -25 27 -15 -12 29 -16
right_child=2 3 4 -5 -6 -7 7 10 -10 -11 25 12 -14 14 16 -17 -18 -19 21 -21 -22 22 -24 24 -26 -27 -28 -29 -30 -31
leaf_value=-0.040740328013211841 -0.053186047363027671 -0.051604662633005609 -0.037637248398271532 0.05267890130675449 0.05016889782173959 0.0062117207507148475 -0.018736863852889217 0.00029824192889622896 0.033597857419645737 0.032836669611795204 0.045008656510761649 0.039838999609686433 -0.065169728091415732 7.8999816623190626e-05 0.020444200086726611 -0.033970103092021739 -0.05606894904780977 0.042805270476240241 -0.054422995268890273 -0.042821218803775166 0.032518478189003275 -0.051523945702840274 0.047125346841962804 -0.037253992689559715 0.024417871250437581 0.050319215574355591 -0.0478790272546867 0.0033904185907474068 -0.0038452536013329156 -0.032105792676260098
leaf_weight=0.014565212891999253 0.011012769696210678 0.0036523466212223235 0.010753596857425829 0.029334945473808882 0.0074948713929180446 0.019114906981062767 0.0059943649043284744 3.3618419216484043 0.025578349629806985 0.003554393835942693 0.0097217600519053371 0.004063721942062822 0.007996241456567077 0.011535019752433956 0.083405413341597123 0.046088175215315511 0.0059735739755524256 0.010782598163622481 0.022519562300643448 0.020614575833235449 0.021799559733523211 0.0035603150715659559 0.0057574771240069822 0.0073651188861335237 0.020224376203392611 0.0085936111291644579 0.019603471687745865 0.21965328016924773 0.26847509410860321 0.018493174120976619
leaf_count=2163 8697 570 6257 136 341 593 8320 35203 161 119 110 2705 12 2681 353 17681 14 8 453 36 28 462 10 2939 2140 214 4248 1201 2029 24
internal_value=-1.51196e-08 0.0142251 -0.000235669 0.0403257 -9.77446e-05 -0.014093 -0.000187012 -9.13444e-05 0.0236616 -0.00995785 -0.00027084 -0.000697011 -0.00648316 -0.00566025 -0.00350714 -0.0279895 0.000531305 0.00141836 -0.0152639 -0.00882007 -0.000115976 -0.0357348 0.00943159 -0.0122297 0.00795434 0.00678536 -0.0301133 0.00515435 0.000213471 0.0109071
internal_weight=4.30912 0.0702218 4.2389 0.0365417 4.22789 0.0336801 4.22039 4.20964 0.0315727 0.00720674 4.17807 3.9401 0.578257 0.570261 0.520109 0.0501519 0.38713 0.381156 0.132979 0.101142 0.0805275 0.0318374 0.00931779 0.058728 0.0275895 0.237969 0.0311385 0.229375 0.370374 0.101899
internal_count=99908 3581 96327 825 87630 2756 87289 81032 8481 689 72551 71026 35823 35811 15425 20386 2428 2414 12997 12072 12036 925 472 12008 5079 1525 6929 1311 2406 377
is_linear=0
shrinkage=0.05


Tree=244
num_leaves=31
num_cat=0
split_feature=2 0 2 7 8 8 1 7 12 2 12 13 5 2 0 8 0 0 2 0 0 13 13 7 13 8 13 6 0 1
split_gain=0.00588098 0.0203083 0.0115456 0.00957981 0.0072482 0.0126578 0.0082842 0.00927368 0.00687326 0.00538713 0.00517069 0.00850566 0.0103579 0.00817395 0.0120859 0.00688543 0.00686748 0.00843602 0.00661848 0.0109154 0.010219 0.00826681 0.00910247 0.00800177 0.00738777 0.0073593 0.00732811 0.00642757 0.0075049 0.00625594
threshold=1.0000000180025095e-35 0.60421237349510204 0.16025641560554507 0.88478556275367748 0.91287881135940563 0.90692642331123363 0.55941176414489757 0.99783548712730419 9.5000000000000018 0.41428571939468389 8.5000000000000018 3.5000000000000004 1.0000000180025095e-35 0.23611111193895343 0.56691542267799389 0.55050507187843334 0.86240702867507946 0.78142958879470836 0.73214286565780651 0.88273492455482494 0.68801230192184459 26.500000000000004 4.5000000000000009 0.77621760964393627 8.5000000000000018 0.63961037993431102 38.500000000000007 0.7278747856616975 0.74646764993667614 0.97849214076995861
decision_type=2 2 2 2 2 2 2 2 2 2 2 2 2 2 2 2 2 2 2 2 2 2 2 2 2 2 2 2 2 2
left_child=1 8 -2 -3 5 6 -4 10 -1 -6 13 12 -12 -8 -15 16 17 27 20 23 24 22 -22 -20 -13 -26 -23 28 -14 -24
right_child=2 3 4 -5 9 -7 7 -9 -10 -11 11 18 15 14 -16 -17 -18 -19 19 -21 21 26 29 -25 25 -27 -28 -29 -30 -31
leaf_value=-0.044430871086313842 -0.053007865380479191 0.010170283750573382 -0.047420983056187832 0.062979613362863673 -0.01067138787176458 -0.063243585401197761 -0.038741051842515056 0.022856378012234835 0.0033250409481389862 0.050307912019248946 -0.033664488404851339 -0.04298767271925448 -0.051785909473742321 0.031102365945818101 9.412207170497928e-05 0.030375855039434848 0.050898963891835736 -0.048427190450200219 0.01933911779703127 0.029951705669211466 -0.055871236083618991 -0.051748373749871415 -0.01011615127077873 -0.039472532072992547 -0.023166578176771702 0.024041790846260545 0.012316234359332405 0.034544264325562957 0.049742692642883009 0.035236018615250081
leaf_weight=0.011726813137450623 0.010338926145970428 0.014758895493343499 0.0092358666234052533 0.020538010851232968 0.0051559273645035422 0.0079566572638894995 0.013419363021578312 0.043856223242127679 0.021074827276854516 0.012172975531699493 0.013403175519895061 0.023136426704550281 0.0064090240039449964 0.031685771080513958 3.8076775484165371 0.034018133964082153 0.005342153274877858 0.0098644179712679136 0.0065099829978344506 0.0078326527964236448 0.0037727869451239021 0.0093701289028508827 0.009799921299967311 0.051834676713951922 0.023927192744684231 0.012604101475972129 0.0085246419644398608 0.010637238854542375 0.0025421098566020539 0.03393293809853215
leaf_count=1890 8697 741 6255 84 57 15 7143 348 866 365 2718 6342 3217 2602 44174 49 16 77 199 15 164 517 1751 70 10526 19 593 22 77 299
internal_value=-1.67213e-08 0.0145762 -0.000235516 0.0408981 -0.000105752 -0.000239301 -0.000119353 -1.45901e-05 -0.013748 0.0321645 -0.000257677 -0.00690131 0.00654777 0.000213874 0.000350029 0.0143802 -0.00125841 -0.0107187 -0.0126831 -0.0254702 -0.00591702 0.00773445 0.0186448 -0.0329104 -0.0208801 -0.00687865 -0.0212295 0.00827071 -0.0229519 0.0250732
internal_weight=4.28306 0.0680985 4.21496 0.0352969 4.20462 4.18729 4.17934 4.1701 0.0328016 0.0173289 4.12624 0.273462 0.0822163 3.85278 3.83936 0.0688131 0.0347949 0.0294528 0.191245 0.0661773 0.125068 0.0654004 0.0475056 0.0583447 0.0596677 0.0365313 0.0178948 0.0195884 0.00895113 0.0437329
internal_count=99908 3581 96327 825 87630 87208 87193 80938 2756 422 80590 26671 6176 53919 46776 3458 3409 3393 20495 284 20211 3324 2214 269 16887 10545 1110 3316 3294 2050
is_linear=0
shrinkage=0.05


Tree=245
num_leaves=31
num_cat=0
split_feature=2 0 2 7 8 8 1 7 12 13 13 13 2 11 12 13 5 2 0 13 13 13 13 8 0 0 6 0 2 0
split_gain=0.00661395 0.0208869 0.0107311 0.0105845 0.00700198 0.0154471 0.00771018 0.00840041 0.00620447 0.00604702 0.00505829 0.00613249 0.00483705 0.00474647 0.00478258 0.00757036 0.00984354 0.00753893 0.011147 0.00600619 0.00712581 0.00774615 0.00647084 0.0059499 0.00627851 0.00756034 0.00598615 0.00692293 0.00590224 0.00954807
threshold=1.0000000180025095e-35 0.60421237349510204 0.16025641560554507 0.88478556275367748 0.91287881135940563 0.90692642331123363 0.55941176414489757 0.99783548712730419 9.5000000000000018 15.500000000000002 8.5000000000000018 7.5000000000000009 0.41428571939468389 1.0000000180025095e-35 8.5000000000000018 3.5000000000000004 1.0000000180025095e-35 0.23611111193895343 0.56691542267799389 106.50000000000001 101.50000000000001 85.500000000000014 80.500000000000014 0.55050507187843334 0.86240702867507946 0.78142958879470836 0.7278747856616975 0.74646764993667614 0.73214286565780651 0.88273492455482494
decision_type=2 2 2 2 2 2 2 2 2 2 2 2 2 2 2 2 2 2 2 2 2 2 2 2 2 2 2 2 2 2
left_child=1 8 -2 -3 5 6 -4 13 -1 -5 11 -9 -6 -8 17 16 -16 -15 -19 20 21 22 -20 24 25 26 27 -18 -17 -30
right_child=2 3 4 9 12 -7 7 10 -10 -11 -12 -13 -14 14 15 28 23 18 19 -21 -22 -23 -24 -25 -26 -27 -28 -29 29 -31
leaf_value=-0.043756348259687633 -0.052832505004076082 0.0096345500181027662 -0.047088170697784738 0.04957121701426772 -0.0088020851656105317 -0.065600901211448223 -0.053062426724863776 0.023310508564936157 0.0024748755499397718 0.11210273406962534 0.043930080991945182 -0.03044312853203987 0.050294732528580882 -0.037887335121797719 -0.032943513972979899 -0.0057573208034992765 -0.051690923873622924 0.030541363635430613 0.00011655965772323725 0.04861963196849884 -0.053755118006906126 0.035634915016224983 -0.038886951900932304 0.029031190275185866 0.050730992400841071 -0.046786513133931854 0.033473303394300928 0.049366992391784478 -0.031669162399881538 0.027946601571383574
leaf_weight=0.011176563475741003 0.0096801808190088989 0.014624819580571297 0.0087171833576541458 0.015383828473229499 0.0049601761843373051 0.0090244343751918477 0.0042492739766587509 0.01934541979165505 0.020695447931555755 0.0051639782695929162 0.016293306176215161 0.0073111905771057186 0.011467732303894085 0.012909575961526421 0.013379369222134549 0.12097528464515725 0.0060249778324904107 0.030402660923833813 3.7547142710903718 0.0063793073944252701 0.0061406186130809051 0.015317430315198499 0.010664119480054857 0.033203244058995551 0.0049995163985840909 0.0093617633267791822 0.010435518786380271 0.0023579130766193945 0.056222621847122733 0.0076275398843677058
leaf_count=1890 8697 741 6255 76 57 15 245 130 866 8 199 19 365 7127 2712 20048 3217 2592 43950 20 15 88 51 49 16 77 22 77 269 15
internal_value=-1.66205e-08 0.0155802 -0.000249188 0.0421463 -0.000127487 -0.000255954 -0.000114097 -1.53869e-05 -0.013737 0.0652863 0.0219824 0.00856733 0.0324513 -0.000245526 -0.000190801 -0.00669261 0.00618174 0.000257599 0.000386387 0.000144695 6.30338e-05 0.000150445 6.09583e-06 0.0140674 -0.000907065 -0.0100683 0.00819823 -0.0232657 -0.0122486 -0.0245475
internal_weight=4.25921 0.0670446 4.19216 0.0351726 4.18248 4.16606 4.15703 4.14831 0.031872 0.0205478 0.0429499 0.0266566 0.0164279 4.10537 4.10112 0.264588 0.0797623 3.83653 3.82362 3.79322 3.78684 3.7807 3.76538 0.0663829 0.0331797 0.0281802 0.0188184 0.00838289 0.184825 0.0638502
internal_count=99908 3581 96327 825 87630 87208 87193 80938 2756 84 348 149 422 80590 80345 26502 6170 53843 46716 44124 44104 44089 44001 3458 3409 3393 3316 3294 20332 284
is_linear=0
shrinkage=0.05


Tree=246
num_leaves=31
num_cat=0
split_feature=10 8 8 0 13 6 7 6 6 7 7 8 13 8 12 1 8 13 12 0 1 6 7 12 6 8 1 0 6 12
split_gain=0.00548754 0.00765171 0.0340508 0.00516474 0.00534804 0.0050733 0.00580011 0.00502053 0.00838621 0.00572632 0.00848271 0.00706954 0.00537679 0.00603187 0.00870744 0.00600393 0.00456028 0.0270961 0.0158683 0.0147795 0.0129897 0.0100748 0.0091082 0.00899319 0.00898658 0.0126036 0.012224 0.0162829 0.00843943 0.0109823
threshold=1.0000000180025095e-35 0.90692642331123363 0.91287881135940563 0.88273492455482494 8.5000000000000018 0.90125367045402538 0.60814762115478527 0.71241438388824474 0.63191848993301403 0.95101958513259899 0.95904389023780834 0.73030304908752453 1.5000000000000002 0.8441295623779298 1.0000000180025095e-35 0.95040982961654674 0.44222222268581396 19.500000000000004 11.500000000000002 0.92907443642616283 0.93405798077583324 0.51871871948242199 0.94360822439193737 5.5000000000000009 0.80866709351539623 0.48913043737411505 0.93908473849296581 0.96039214730262767 0.63191848993301403 7.5000000000000009
decision_type=2 2 2 2 2 2 2 2 2 2 2 2 2 2 2 2 2 2 2 2 2 2 2 2 2 2 2 2 2 2
left_child=1 16 -3 7 -5 6 -6 8 -2 11 -11 -9 15 14 -14 -12 20 19 -19 21 23 -18 -22 -1 -21 -26 -27 -28 29 -23
right_child=3 2 -4 4 5 -7 -8 9 -10 10 12 -13 13 -15 -16 -17 17 18 -20 24 22 28 -24 -25 25 26 27 -29 -30 -31
leaf_value=-0.0066239370693101686 0.011575612785286394 -0.09184785446543163 0.027650603063731412 0.050621715695317829 -0.024509753959136078 -0.036445366002660871 0.050461903986100509 0.023210182922304493 -0.036175619152171233 -0.030767677328344026 -0.03671839927174967 -0.017603810832143241 0.053134115111833982 0.036908074971597184 -0.0042644701641251946 0.051250898436404124 0.023741920319078357 0.025496902980937437 0.10360385446031656 0.039669390831666838 0.00017294024816993608 -0.030754607701483402 -0.053855879664245057 -0.028251425816211019 0.063518649695310556 0.050937400784007325 -0.037839583623384243 0.039312982679712311 -0.00082360966199464193 0.016541044805978945
leaf_weight=0.30607632819328712 0.018319673704617956 0.011271843550048177 0.01265322411151093 0.013076803225789968 0.0038775970465021459 0.0046522503978074772 0.0077077749472866941 0.073801901691879834 0.018459573206698998 0.018504796528674206 0.011590448832251354 0.01239136211506775 0.0076704589432665662 0.018148156954104877 0.047673581851126912 0.0023294215785041325 0.037652013243302807 0.021524538978074048 0.0093175170026782439 0.036104264817209852 2.8283243437750398 0.051738828615334853 0.0078220550537934086 0.057021001110312497 0.0082869765101349913 0.0082242769026379392 0.025179419749012055 0.0093885862637037576 0.54029201202603216 0.01609155795213546
leaf_count=34836 730 6 142 508 11 43 174 299 93 40 56 15 18 88 119 104 69 99 17 157 14338 89 8 46571 5 12 33 118 1071 39
internal_value=-1.62426e-08 -0.000457495 -0.0286488 0.00706399 0.0268239 0.00765858 0.0253691 0.00453329 -0.0123908 0.00777339 -1.39106e-05 0.0173427 0.00649654 0.0118934 0.00369074 -0.0219972 -0.000287303 0.00318394 0.0490933 0.00125212 -0.00111604 -0.00135666 2.39295e-05 -0.0100203 0.0205756 0.0070795 -0.00385028 -0.0168851 -0.00291064 -0.0195346
internal_weight=4.24517 3.98697 0.0239251 0.258204 0.0293144 0.0162376 0.0115854 0.228889 0.0367792 0.19211 0.105917 0.0861933 0.0874121 0.0734922 0.055344 0.0139199 3.96304 0.7638 0.0308421 0.732958 3.19924 0.645774 2.83615 0.363097 0.0871835 0.0510793 0.0427923 0.034568 0.608122 0.0678304
internal_count=99908 97610 148 2298 736 228 185 1562 823 739 425 314 385 225 137 160 97462 1709 116 1593 95753 1268 14346 81407 325 168 163 151 1199 128
is_linear=0
shrinkage=0.05


Tree=247
num_leaves=31
num_cat=0
split_feature=8 2 13 8 13 1 0 6 7 2 0 12 1 6 8 2 8 12 0 8 0 2 1 2 13 6 7 12 6 7
split_gain=0.393196 0.349715 0.115161 0.10289 0.0165324 0.0121946 0.0114393 0.00839728 0.00746432 0.00621497 0.00657085 0.0054123 0.0104238 0.0075216 0.00956575 0.00959983 0.00820552 0.00802607 0.0110266 0.0102353 0.00728648 0.00923521 0.00837568 0.0187637 0.0100244 0.00988978 0.0124794 0.00808509 0.0122281 0.00913946
threshold=0.90692642331123363 1.0000000180025095e-35 20.500000000000004 0.91287881135940563 21.500000000000004 0.55941176414489757 0.54923510551452648 0.51382517814636242 0.99783548712730419 0.23611111193895343 0.48313754796981817 8.5000000000000018 0.7897985875606538 0.93728145956993114 0.77097901701927196 0.6904762089252473 0.71008405089378368 10.500000000000002 0.88273492455482494 0.65833333134651195 0.70438539981842052 0.27922078967094427 0.81530213356018078 0.27922078967094427 7.5000000000000009 0.55453866720199596 0.84243628382682811 2.5000000000000004 0.56263527274131786 0.95101958513259899
decision_type=2 2 2 2 2 2 2 2 2 2 2 2 2 2 2 2 2 2 2 2 2 2 2 2 2 2 2 2 2 2
left_child=1 2 6 -2 -4 -3 -1 -8 9 -7 -11 20 -13 14 15 16 -14 18 19 -17 21 -12 23 24 -22 26 -25 28 -23 -29
right_child=3 5 4 -5 -6 8 7 -9 -10 10 11 12 13 -15 -16 17 -18 -19 -20 -21 22 27 -24 25 -26 -27 -28 29 -30 -31
leaf_value=-0.019857857748523278 -0.097062593333661934 -0.048827424566684673 0.10009160190967124 0.02603893423169994 0.012706885657437753 -0.025528955274927434 -0.041130924563758844 0.03862443182381823 0.021174978329983801 0.033763783833611026 -0.050609642428503236 -0.050511194534567108 -4.3894765049934255e-05 0.026337960349334444 -0.046341194381420342 -0.051623930748959948 0.046112786359272323 0.0057015731117873378 0.027043478070650991 0.0060456918776082731 -0.049859916970184173 -0.013151275711463729 8.7437318215629218e-05 -0.050287033487645655 0.053040951251227757 -0.03876664133417438 0.037461382003971651 0.0097062344804733393 0.032077803926147466 -0.030856086240716275
leaf_weight=0.021993496550600566 0.12679736712266265 0.012868999577148155 0.12297974329502807 0.019597641403963806 0.0056617680921288291 0.024251252734749928 0.0038042736890476899 0.024914978428069265 0.04089804651311002 0.01423958679289139 0.0060488553414793636 0.013302277148491193 0.11271431856031289 0.017688403470401681 0.014820303327724105 0.034981791564653864 0.010528319949344223 0.023233373227369625 0.0073724504226433387 0.0098632176923274528 0.0029167617341956118 0.018921896522388876 3.5259006289924031 0.0064276429549817151 0.012552491005982241 0.049830317476980801 0.010962188843905096 0.063219437233470316 0.071082073421286918 0.017796506411436042
leaf_count=1823 16 10444 27 446 530 20407 1013 167 349 2570 4163 7847 7538 31 20 177 19 142 20 16 385 4139 20374 7304 408 419 16 8670 389 39
internal_value=-1.28224e-08 0.00274234 0.07109 -0.0805832 0.0962456 -0.000231265 0.00727844 0.0280597 -7.90865e-05 -0.000292732 -0.000141409 -0.000261205 -0.00747107 -0.00499474 -0.00759048 -0.00470011 0.00389916 -0.0187463 -0.029624 -0.0389401 0.000204459 0.0101072 -0.000281456 -0.0160112 0.0336388 -0.027437 0.00502775 0.0122547 0.0225691 0.000796043
internal_weight=4.44817 4.30178 0.179354 0.146395 0.128642 4.12242 0.0507127 0.0287193 4.10955 4.06865 4.0444 4.03016 0.244504 0.231202 0.213514 0.198693 0.123243 0.0754508 0.0522175 0.044845 3.78566 0.177069 3.60859 0.0826894 0.0154693 0.0672201 0.0173898 0.17102 0.090004 0.0810159
internal_count=99908 99446 3560 462 557 95886 3003 1180 85442 85093 64686 62116 15810 7963 7932 7912 7557 355 213 193 46306 17400 28906 8532 793 7739 7320 13237 4528 8709
is_linear=0
shrinkage=0.05


Tree=248
num_leaves=31
num_cat=0
split_feature=2 0 7 2 8 8 12 7 12 11 13 8 13 13 6 13 2 0 13 12 2 8 12 0 2 7 0 5 5 0
split_gain=0.00876354 0.0219301 0.0106388 0.00946515 0.006167 0.00719589 0.0168081 0.00564108 0.00555782 0.0043856 0.00408358 0.00422043 0.0040349 0.00647002 0.00589394 0.00572566 0.0062944 0.00571163 0.00442064 0.0161167 0.00611855 0.0114149 0.00969441 0.0070491 0.00563189 0.0167792 0.0130346 0.0116141 0.00889206 0.00609102
threshold=1.0000000180025095e-35 0.60421237349510204 0.88478556275367748 0.16025641560554507 0.94281044602394115 0.90692642331123363 7.5000000000000009 0.99783548712730419 11.500000000000002 1.0000000180025095e-35 1.5000000000000002 0.44222222268581396 49.500000000000007 45.500000000000007 0.49358868598937994 56.500000000000007 0.44949495792388922 0.86616915464401256 41.500000000000007 2.5000000000000004 0.31666667759418493 0.48913043737411505 6.5000000000000009 0.83047896623611461 0.34848485887050634 0.82793453335762035 0.79772728681564342 1.0000000180025095e-35 1.0000000180025095e-35 0.48313754796981817
decision_type=2 2 2 2 2 2 2 2 2 2 2 2 2 2 2 2 2 2 2 2 2 2 2 2 2 2 2 2 2 2
left_child=1 8 -3 -2 5 7 -7 9 -1 -5 -10 -12 13 18 -15 16 -14 -17 20 -20 21 -11 23 -23 25 28 27 -27 -22 -26
right_child=3 2 -4 4 -6 6 -8 -9 10 12 11 -13 15 14 -16 17 -18 -19 19 -21 24 22 -24 -25 29 26 -28 -29 -30 -31
leaf_value=-0.039052862930022941 -0.052554979178413987 0.0094692874080131752 0.064639570658466511 -0.052882348566294361 0.050142435521667875 0.027724185761810294 -0.062602186559407566 0.018270878451363836 -0.043021683356986827 -0.033941236898208785 -0.02706652560157859 0.034297351196194384 -0.051593558323765644 -0.03542355965521133 0.040211440914434439 -0.011565202776150554 0.034990388933692891 0.010749524155569297 -0.018635792171334663 0.045822528034539928 -0.054509574414642749 -0.037488727417359272 0.029484148025081192 0.014709127869049737 0.042989927730699679 -0.032689807909225807 0.043856640755881651 0.020473196625542509 0.0052403187104088046 -0.00069713934970450574
leaf_weight=0.012649133287862331 0.0086448772310027122 0.01410431905975261 0.022967477528780478 0.0039600912520530987 0.0060788208555181402 0.0082327113328853896 0.013755608674543396 0.041352271001618202 0.003584957031421066 0.038561158891843639 0.0039124699310696129 0.0098724041301636589 0.0022833490350476207 0.02133603334210854 0.0029293651620954089 0.043524076736063622 0.026003410577587094 0.084057020930502269 0.017872264461039386 0.021201229274903435 0.01271359200415817 0.016205252663984204 0.019701121249140918 0.01076432108118297 0.0079961671033358384 0.014714073203537126 0.036770493100345192 0.034038496985886013 0.012204215093858439 3.6222213206752341
leaf_count=2163 8697 741 84 304 341 80 16 351 71 34449 489 33 687 944 59 1595 544 312 344 901 5962 74 100 24 379 143 46 42 6499 33434
internal_value=-1.25009e-08 0.0179257 0.0436495 -0.000291414 -0.000181711 -0.000256098 -0.0287828 -0.000102751 -0.0138418 -0.000290397 0.00451757 0.0168808 -0.00023891 -0.000555042 -0.0262928 0.00764925 0.0280012 0.00313689 -0.000393453 0.0163392 -0.000564343 -0.0138108 0.00282169 -0.0166551 -0.000262518 0.0108605 0.0213803 0.004428 -0.0252453 -0.000600911
internal_weight=4.19421 0.0670908 0.0370718 4.12712 4.11848 4.1124 0.0219883 4.09041 0.030019 4.04906 0.0173698 0.0137849 4.0451 3.88923 0.0242654 0.155868 0.0282868 0.127581 3.86496 0.0390735 3.82589 0.0852319 0.0466707 0.0269696 3.74066 0.110441 0.0855231 0.0487526 0.0249178 3.63022
internal_count=99908 3581 825 96327 87630 87289 96 87193 2756 86842 593 522 86538 83400 1003 3138 1231 1907 82397 1245 81152 34647 198 98 46505 12692 231 185 12461 33813
is_linear=0
shrinkage=0.05


Tree=249
num_leaves=31
num_cat=0
split_feature=8 8 2 8 13 1 1 0 0 1 0 12 0 8 1 6 12 13 13 6 7 13 0 1 12 2 6 1 7 2
split_gain=0.00488405 0.00860231 0.00524511 0.00512461 0.00560358 0.00405913 0.0118101 0.0107023 0.0130679 0.0184537 0.0241881 0.0153828 0.0116949 0.0122479 0.0113074 0.0112392 0.00992298 0.0125752 0.0119961 0.0145759 0.0106416 0.0108704 0.0108351 0.00974375 0.00837624 0.00802654 0.00881269 0.00761579 0.0075612 0.0141076
threshold=0.91287881135940563 0.90692642331123363 0.41428571939468389 0.8441295623779298 1.0000000180025095e-35 0.97182539105415355 0.98683983087539684 0.97014260292053234 0.92390406131744396 0.92637759447097789 0.75147059559822094 2.5000000000000004 0.90521115064620983 0.48913043737411505 0.90645834803581249 0.86501669883728038 1.5000000000000002 15.500000000000002 1.5000000000000002 0.80866709351539623 0.88478556275367748 5.5000000000000009 0.86706829071044933 0.84028983116149913 7.5000000000000009 0.44949495792388922 0.4350078701972962 0.95713412761688244 0.85798320174217235 0.44949495792388922
decision_type=2 2 2 2 2 2 2 2 2 2 2 2 2 2 2 2 2 2 2 2 2 2 2 2 2 2 2 2 2 2
left_child=1 3 -2 5 -5 7 -7 8 9 12 -11 25 13 15 16 28 18 20 -15 -20 21 -18 23 -22 -12 -10 -27 -28 29 -1
right_child=2 -3 -4 4 -6 6 -8 -9 11 10 24 -13 -14 14 -16 -17 17 -19 19 -21 22 -23 -24 -25 -26 26 27 -29 -30 -31
leaf_value=-0.025581565717596889 -0.0031420755449281948 -0.047011257934966459 0.050279618902855927 -0.040811097888681175 0.023819928644605207 0.042991267470010697 0.00046974211769631883 -0.061368763208967884 0.030969195120210753 0.031348083697568439 -0.05023561685601366 0.046618423141445736 0.02800737945774609 -0.027179911948101262 0.04832074888676046 -0.039525807813034289 0.034217011562652104 0.029741454259047923 -0.0059459230333112761 0.035743840963326327 -0.0065781605583828161 -0.048117120350573167 0.043225298865775058 -0.030683923256517132 0.010650041487269626 -0.036931295766550173 -0.0018809594145905433 0.048881594436111286 0.0060976626295922935 -0.001621905753498423
leaf_weight=0.10769704505283184 0.0085280564514390589 0.0097553812054228528 0.0099620623540985775 0.0036961884643459389 0.03619277804376253 0.016415444466167162 3.1214662741063419 0.0077965377641286962 0.021324043624835087 0.013317395002060306 0.050843279215509463 0.025932908927320142 0.029987701685856183 0.015363928028648388 0.013046756099925005 0.03037264518877647 0.023498458926797472 0.023946381277379913 0.032927407079839099 0.057715292850094357 0.1170288844979579 0.0048335062690254551 0.0082926650722470185 0.065317269505612785 0.0063548864224327586 0.015870741539054101 0.05893408812368861 0.0084478170709800793 0.075913079657412119 0.14303105203498245
leaf_count=68647 81 16 365 9 215 200 14115 46 377 301 561 81 330 41 36 52 94 115 69 93 357 39 19 77 239 352 98 60 456 12367
internal_value=-1.31465e-08 -0.000114381 0.0256403 -3.75642e-06 0.0178311 -0.000177455 0.000692188 -0.00302654 -0.00254773 -0.00488798 -0.0293409 0.012147 -0.00258575 -0.00386174 0.00261933 -0.0104328 0.000910494 -0.00465961 0.0136745 0.0205994 -0.00842167 0.0201706 -0.0126709 -0.015213 -0.043471 0.00359881 -0.00341175 0.00448325 -0.00772759 -0.0119135
internal_weight=4.16381 4.14532 0.0184901 4.13556 0.039889 4.09568 3.13788 0.957794 0.949997 0.819488 0.0705156 0.13051 0.748972 0.718984 0.361971 0.357014 0.348924 0.242917 0.106007 0.0906427 0.218971 0.028332 0.190639 0.182346 0.0571982 0.104577 0.0832526 0.0673819 0.326641 0.250728
internal_count=99908 99462 446 99446 224 99222 14315 84907 84861 83893 1101 968 82792 82462 940 81522 904 701 203 162 586 133 453 434 800 887 510 158 81470 81014
is_linear=0
shrinkage=0.05


end of trees

feature_importances:
Column_0=1250
Column_8=992
Column_13=952
Column_7=817
Column_1=780
Column_2=769
Column_6=757
Column_12=687
Column_10=233
Column_4=150
Column_5=96
Column_11=17

parameters:
[boosting: gbdt]
[objective: lambdarank]
[metric: ndcg]
[tree_learner: serial]
[device_type: cpu]
[data_sample_strategy: bagging]
[data: ]
[valid: ]
[num_iterations: 250]
[learning_rate: 0.05]
[num_leaves: 31]
[num_threads: 14]
[seed: 42]
[deterministic: 0]
[force_col_wise: 0]
[force_row_wise: 0]
[histogram_pool_size: -1]
[max_depth: -1]
[min_data_in_leaf: 20]
[min_sum_hessian_in_leaf: 0.001]
[bagging_fraction: 0.9]
[pos_bagging_fraction: 1]
[neg_bagging_fraction: 1]
[bagging_freq: 0]
[bagging_seed: 400]
[bagging_by_query: 0]
[feature_fraction: 0.9]
[feature_fraction_bynode: 1]
[feature_fraction_seed: 30056]
[extra_trees: 0]
[extra_seed: 12879]
[early_stopping_round: 0]
[early_stopping_min_delta: 0]
[first_metric_only: 0]
[max_delta_step: 0]
[lambda_l1: 0]
[lambda_l2: 0]
[linear_lambda: 0]
[min_gain_to_split: 0]
[drop_rate: 0.1]
[max_drop: 50]
[skip_drop: 0.5]
[xgboost_dart_mode: 0]
[uniform_drop: 0]
[drop_seed: 17869]
[top_rate: 0.2]
[other_rate: 0.1]
[min_data_per_group: 100]
[max_cat_threshold: 32]
[cat_l2: 10]
[cat_smooth: 10]
[max_cat_to_onehot: 4]
[top_k: 20]
[monotone_constraints: ]
[monotone_constraints_method: basic]
[monotone_penalty: 0]
[feature_contri: ]
[forcedsplits_filename: ]
[refit_decay_rate: 0.9]
[cegb_tradeoff: 1]
[cegb_penalty_split: 0]
[cegb_penalty_feature_lazy: ]
[cegb_penalty_feature_coupled: ]
[path_smooth: 0]
[interaction_constraints: ]
[verbosity: -1]
[saved_feature_importance_type: 0]
[use_quantized_grad: 0]
[num_grad_quant_bins: 4]
[quant_train_renew_leaf: 0]
[stochastic_rounding: 1]
[linear_tree: 0]
[max_bin: 255]
[max_bin_by_feature: ]
[min_data_in_bin: 3]
[bin_construct_sample_cnt: 200000]
[data_random_seed: 175]
[is_enable_sparse: 1]
[enable_bundle: 1]
[use_missing: 1]
[zero_as_missing: 0]
[feature_pre_filter: 1]
[pre_partition: 0]
[two_round: 0]
[header: 0]
[label_column: ]
[weight_column: ]
[group_column: ]
[ignore_column: ]
[categorical_feature: ]
[forcedbins_filename: ]
[precise_float_parser: 0]
[parser_config_file: ]
[objective_seed: 16083]
[num_class: 1]
[is_unbalance: 0]
[scale_pos_weight: 1]
[sigmoid: 1]
[boost_from_average: 1]
[reg_sqrt: 0]
[alpha: 0.9]
[fair_c: 1]
[poisson_max_delta_step: 0.7]
[tweedie_variance_power: 1.5]
[lambdarank_truncation_level: 30]
[lambdarank_norm: 1]
[label_gain: ]
[lambdarank_position_bias_regularization: 0]
[eval_at: 1,2,3,4,5]
[multi_error_top_k: 1]
[auc_mu_weights: ]
[num_machines: 1]
[local_listen_port: 12400]
[time_out: 120]
[machine_list_filename: ]
[machines: ]
[gpu_platform_id: -1]
[gpu_device_id: -1]
[gpu_device_id_list: ]
[gpu_use_dp: 0]
[num_gpu: 1]

end of parameters

pandas_categorical:null
